 DATA SET FOR "multall" . GENERATED BY "stagen" .                       
    CP   and   GAMMA 
 1004.5    1.4
       ITIMST 
         3
     CFL,    DAMP,    MACHLIM,    F_PDOWN 
  0.320000 9.000000  2.000000  0.000000
  IF_RESTART 
         0
  NSTEPS_MAX, CONLIM
      120000  0.006000
   SFX,      SFT,      FAC_4TH,     NCHANGE 
  0.005000  0.005000  0.800000      1000
       NUMBER OF BLADE ROWS 
         6
        IM        KM 
        21        21
  FP(I),I=1,IMM1 
 1.000000 1.834853 3.013899 4.635972 6.783609 9.472655 12.576484 15.752408 
 18.438934 20.000000 20.000000 18.438934 15.752408 12.576484 9.472655 6.783609 
 4.635972 3.013899 1.834853 1.000000 
  FR(K),K=1,KMM1 
 1.000000 1.834853 3.013899 4.635972 6.783609 9.472655 12.576484 15.752408 
 18.438934 20.000000 20.000000 18.438934 15.752408 12.576484 9.472655 6.783609 
 4.635972 3.013899 1.834853 1.000000 
        IR        JR        KR        IRBB      JRBB      KRBB 
         3         3         3         9         9         9
   FBLK1,     FBLK2,     FBLK3  
  0.400000  0.200000  0.100000
       IFMIX 
         1
   RFMIX,    FEXTRAP,   FSMTHB,    FANGLE 
  0.020000  0.800000  1.000000  0.800000
      IFCOOL    IFBLEED    IF_ROUGH 
         0         1         0
       NSECS_IN 
         11
       IN_PRESS  IN_VTAN   IN_VR    IN_FLOW  IF_REPEAT  RFIN 
         0         0         1         0         0   0.50000
  IPOUT  SFEXIT  NSFEXIT 
    1  0.000000    0
  PLATE_LOSS  THROTTLE_EXIT 
  0.000000  0.000000
        ILOS      NLOS      IBOUND 
        10         5         0
   REYNO,     RF_VIS,   FTRANS, TURBVIS_LIM, PRANDTL, YPLUSWALL
  800000.0     0.500     0.000  3000.000       1.0     0.000
   YPLAM      YPTURB 
  5.000000 25.000000
      ISHIFT    NEXTRAP_LE  NEXTRAP_TE 
         2        10        10
  (NSTG(N),N=1,NROWS) 
1 1 2 2 3 3
  5  TIME STEPS FOR PRINTOUT 
      9000      9000      9000      9000      9000
  MARKER FOR VARIABLES TO BE SENT TO THE OUTPUT FILE.
 0 0 0 0 0 0 0 0 0 0 0 0 0 0 0 0 0 0 0 0
  STREAM SURFACES ON WHICH RESULTS ARE TO BE SENT TO   THE OUTPUT FILE 
0   0   0   0   0   0   0   0   0   0   0   0   0   0   0   0   0   0   0   0   0  
 ***************************************************************
 ************STARTING THE INPUT FOR EACH BLADE ROW**************
  BLADE ROW NUMBER =        1                                           
    NUMBER OF BLADES IN ROW 
        20
        JM        JLE       JTE 
        97        15        87
      KTIPSTART  KTIPEND 
         17         21
  FRACTIP1,     FRACTIP2 
  0.00602188       0.00602188
  FTHICK(K) 
1.000000 1.000000 1.000000 1.000000 1.000000 1.000000 1.000000 1.000000
1.000000 1.000000 1.000000 1.000000 1.000000 1.000000 1.000000 0.900000
0.500000 0.000000 0.000000 0.000000 0.000000
       BOUNDARY LAYER TRANSITION POINTS 
         0         0         0         0
  SET NEWGRID= 1 TO GENERATE A NEW GRID WITH DIFFERENT "J" POINTS AND SPACINGS.
         0
   RPMROW,    RPMHUB 
    10081.0    10081.0
       JROTHS    JROTHE    JROTTS    JROTTE 
         1         1         1         1
   PUPROW    PLEROW   PTEROW    PDROW 
   89634.1   89634.1   119359.7  119359.7
      NSECS_ROW   INSURF  
         11         0
  IF_CUSP   IFANGLES 
         0         0
 ***************************************************************
  ROW NUMBER           1  SECTION NUMBER            1
           0           0           0  IF_DESIGN etc 
   1.00000   0.00000    0
    -0.202500   -0.163775   -0.126495   -0.091541   -0.059681   -0.031523   -0.007494    0.012189
     0.027526    0.038735    0.046240    0.050652    0.052738    0.053379    0.053531    0.053682
     0.053842    0.054008    0.054180    0.054357    0.054539    0.054727    0.054920    0.055120
     0.055328    0.055544    0.055770    0.056007    0.056256    0.056520    0.056798    0.057093
     0.057407    0.057740    0.058094    0.058470    0.058869    0.059292    0.059741    0.060215
     0.060715    0.061242    0.061796    0.062376    0.062983    0.063617    0.064276    0.064961
     0.065670    0.066401    0.067155    0.067929    0.068722    0.069531    0.070356    0.071193
     0.072041    0.072898    0.073761    0.074627    0.075494    0.076360    0.077223    0.078078
     0.078925    0.079760    0.080582    0.081388    0.082177    0.082945    0.083693    0.084418
     0.085120    0.085798    0.086451    0.087080    0.087686    0.088270    0.088833    0.089378
     0.089908    0.090427    0.090939    0.091450    0.091965    0.092493    0.092912    0.093330
     0.094034    0.095564    0.098383    0.102825    0.109066    0.117106    0.126770    0.137721
     0.149500
  1.000000  0.000000
     0.085483    0.088359    0.093450    0.096246    0.093928    0.085697    0.072564    0.056720
     0.040743    0.026856    0.016444    0.009888    0.006675    0.005672    0.005434    0.005627
     0.005575    0.005477    0.005354    0.005216    0.005063    0.004901    0.004730    0.004549
     0.004360    0.004158    0.003942    0.003713    0.003473    0.003232    0.002991    0.002745
     0.002488    0.002235    0.001981    0.001727    0.001476    0.001222    0.000971    0.000728
     0.000491    0.000266    0.000045   -0.000160   -0.000349   -0.000525   -0.000682   -0.000818
    -0.000934   -0.001026   -0.001093   -0.001136   -0.001152   -0.001140   -0.001104   -0.001038
    -0.000944   -0.000825   -0.000676   -0.000502   -0.000304   -0.000080    0.000166    0.000434
     0.000720    0.001025    0.001345    0.001679    0.002024    0.002379    0.002742    0.003109
     0.003481    0.003854    0.004227    0.004600    0.004972    0.005340    0.005708    0.006074
     0.006440    0.006808    0.007182    0.007564    0.007961    0.008309    0.008302    0.008649
     0.009233    0.010503    0.012843    0.016529    0.021709    0.028381    0.036401    0.045490
     0.055266
  1.000000
     0.085483    0.088359    0.093450    0.096246    0.093928    0.085697    0.072564    0.056720
     0.040743    0.026856    0.016444    0.009888    0.006675    0.005672    0.005434    0.004741
     0.004340    0.003983    0.003666    0.003371    0.003090    0.002833    0.002585    0.002338
     0.002097    0.001851    0.001604    0.001358    0.001108    0.000854    0.000599    0.000341
     0.000081   -0.000182   -0.000446   -0.000710   -0.000973   -0.001233   -0.001490   -0.001741
    -0.001983   -0.002216   -0.002436   -0.002643   -0.002833   -0.003005   -0.003156   -0.003285
    -0.003390   -0.003467   -0.003517   -0.003538   -0.003528   -0.003486   -0.003413   -0.003307
    -0.003169   -0.003000   -0.002797   -0.002565   -0.002303   -0.002014   -0.001700   -0.001361
    -0.001001   -0.000623   -0.000229    0.000179    0.000597    0.001023    0.001454    0.001888
     0.002322    0.002754    0.003183    0.003607    0.004026    0.004439    0.004846    0.005248
     0.005647    0.006045    0.006445    0.006851    0.007268    0.007709    0.008302    0.008649
     0.009233    0.010503    0.012843    0.016529    0.021709    0.028381    0.036401    0.045490
     0.055266
  1.000000  0.000000
     0.116256    0.112192    0.108278    0.104609    0.101265    0.098309    0.095787    0.095000
     0.095000    0.095000    0.095000    0.095000    0.095000    0.095000    0.095000    0.095000
     0.095000    0.095000    0.095000    0.095000    0.095000    0.095000    0.095000    0.095000
     0.095000    0.095000    0.095000    0.095000    0.095000    0.095000    0.095000    0.095000
     0.095000    0.095000    0.095000    0.095000    0.095000    0.095000    0.095000    0.095000
     0.095000    0.095000    0.095000    0.095000    0.095000    0.095000    0.095000    0.095000
     0.095000    0.095000    0.095000    0.095000    0.095000    0.095000    0.095000    0.095000
     0.095000    0.095000    0.095000    0.095000    0.095000    0.095000    0.095000    0.095000
     0.095000    0.095000    0.095000    0.095000    0.095000    0.095000    0.095000    0.095000
     0.095000    0.095000    0.095000    0.095000    0.095000    0.095000    0.095000    0.095000
     0.095000    0.095000    0.095000    0.095000    0.095000    0.095000    0.095000    0.095000
     0.095000    0.095000    0.095000    0.095000    0.095000    0.095000    0.095000    0.095000
     0.095000
 ***************************************************************
  ROW NUMBER           1  SECTION NUMBER            2
           0           0           0  IF_DESIGN etc 
   1.00000   0.00000    0
    -0.202500   -0.163772   -0.126488   -0.091532   -0.059668   -0.031507   -0.007475    0.012211
     0.027550    0.038761    0.046269    0.050684    0.052772    0.053415    0.053569    0.053723
     0.053884    0.054053    0.054227    0.054407    0.054592    0.054782    0.054979    0.055182
     0.055392    0.055611    0.055841    0.056081    0.056334    0.056601    0.056884    0.057183
     0.057501    0.057839    0.058198    0.058580    0.058985    0.059414    0.059869    0.060350
     0.060858    0.061392    0.061954    0.062543    0.063159    0.063802    0.064471    0.065165
     0.065884    0.066627    0.067391    0.068176    0.068980    0.069802    0.070638    0.071488
     0.072348    0.073217    0.074093    0.074972    0.075852    0.076730    0.077605    0.078473
     0.079332    0.080180    0.081014    0.081831    0.082631    0.083411    0.084170    0.084905
     0.085617    0.086305    0.086968    0.087606    0.088221    0.088813    0.089384    0.089937
     0.090475    0.091001    0.091521    0.092039    0.092562    0.093098    0.093523    0.093947
     0.094653    0.096175    0.098969    0.103366    0.109538    0.117487    0.127038    0.137861
     0.149500
  1.000000  0.000000
     0.085483    0.088767    0.094781    0.098601    0.097101    0.089322    0.076255    0.060175
     0.043798    0.029482    0.018713    0.011918    0.008582    0.007538    0.007287    0.007478
     0.007419    0.007311    0.007176    0.007025    0.006859    0.006682    0.006494    0.006295
     0.006085    0.005860    0.005620    0.005367    0.005103    0.004836    0.004567    0.004289
     0.004001    0.003714    0.003423    0.003128    0.002834    0.002534    0.002235    0.001939
     0.001646    0.001362    0.001078    0.000807    0.000547    0.000297    0.000062   -0.000157
    -0.000358   -0.000540   -0.000702   -0.000843   -0.000961   -0.001054   -0.001127   -0.001174
    -0.001196   -0.001195   -0.001167   -0.001118   -0.001045   -0.000950   -0.000833   -0.000696
    -0.000541   -0.000368   -0.000179    0.000025    0.000240    0.000467    0.000703    0.000946
     0.001196    0.001449    0.001706    0.001965    0.002226    0.002487    0.002748    0.003011
     0.003275    0.003543    0.003816    0.004097    0.004389    0.004642    0.004570    0.004830
     0.005269    0.006224    0.007982    0.010754    0.014649    0.019667    0.025698    0.032533
     0.039884
  1.000000
     0.085483    0.088767    0.094781    0.098601    0.097101    0.089322    0.076255    0.060175
     0.043798    0.029482    0.018713    0.011918    0.008582    0.007538    0.007287    0.006565
     0.006143    0.005769    0.005433    0.005119    0.004823    0.004547    0.004278    0.004011
     0.003746    0.003476    0.003205    0.002932    0.002653    0.002370    0.002084    0.001793
     0.001498    0.001197    0.000894    0.000588    0.000280   -0.000028   -0.000335   -0.000639
    -0.000936   -0.001228   -0.001511   -0.001783   -0.002042   -0.002286   -0.002512   -0.002719
    -0.002905   -0.003068   -0.003206   -0.003319   -0.003404   -0.003462   -0.003491   -0.003491
    -0.003461   -0.003403   -0.003316   -0.003201   -0.003059   -0.002892   -0.002702   -0.002489
    -0.002256   -0.002005   -0.001739   -0.001459   -0.001168   -0.000868   -0.000562   -0.000252
     0.000061    0.000375    0.000688    0.000999    0.001307    0.001611    0.001913    0.002212
     0.002509    0.002806    0.003105    0.003410    0.003723    0.004060    0.004570    0.004830
     0.005269    0.006224    0.007982    0.010754    0.014649    0.019667    0.025698    0.032533
     0.039884
  1.000000  0.000000
     0.130517    0.126786    0.123195    0.119828    0.116759    0.114047    0.111732    0.111007
     0.111007    0.111007    0.111007    0.111007    0.111007    0.111007    0.111007    0.111007
     0.111007    0.111007    0.111007    0.111007    0.111007    0.111007    0.111007    0.111007
     0.111007    0.111007    0.111007    0.111007    0.111007    0.111007    0.111007    0.111007
     0.111007    0.111007    0.111007    0.111007    0.111007    0.111007    0.111007    0.111007
     0.111007    0.111007    0.111007    0.111007    0.111007    0.111007    0.111007    0.111007
     0.111007    0.111007    0.111007    0.111007    0.111007    0.111007    0.111007    0.111007
     0.111007    0.111007    0.111007    0.111007    0.111007    0.111007    0.111007    0.111007
     0.111007    0.111007    0.111007    0.111007    0.111007    0.111007    0.111007    0.111007
     0.111007    0.111007    0.111007    0.111007    0.111007    0.111007    0.111007    0.111007
     0.111007    0.111007    0.111007    0.111007    0.111007    0.111007    0.111007    0.111007
     0.111007    0.111007    0.111007    0.111007    0.111007    0.111007    0.111007    0.111007
     0.111007
 ***************************************************************
  ROW NUMBER           1  SECTION NUMBER            3
           0           0           0  IF_DESIGN etc 
   1.00000   0.00000    0
    -0.202500   -0.163769   -0.126483   -0.091523   -0.059657   -0.031493   -0.007459    0.012230
     0.027572    0.038786    0.046296    0.050714    0.052804    0.053450    0.053607    0.053763
     0.053927    0.054099    0.054276    0.054459    0.054647    0.054840    0.055040    0.055246
     0.055461    0.055684    0.055917    0.056161    0.056418    0.056690    0.056977    0.057282
     0.057606    0.057949    0.058314    0.058702    0.059114    0.059551    0.060013    0.060502
     0.061018    0.061562    0.062133    0.062732    0.063359    0.064012    0.064693    0.065399
     0.066130    0.066885    0.067662    0.068461    0.069278    0.070114    0.070964    0.071828
     0.072703    0.073587    0.074477    0.075371    0.076266    0.077159    0.078049    0.078932
     0.079805    0.080667    0.081515    0.082347    0.083160    0.083953    0.084724    0.085472
     0.086196    0.086896    0.087570    0.088219    0.088844    0.089446    0.090027    0.090589
     0.091136    0.091671    0.092200    0.092727    0.093259    0.093803    0.094235    0.094667
     0.095376    0.096889    0.099654    0.103997    0.110090    0.117932    0.127351    0.138024
     0.149500
  1.000000  0.000000
     0.085483    0.089162    0.096070    0.100884    0.100181    0.092847    0.079851    0.063551
     0.046795    0.032070    0.020958    0.013934    0.010480    0.009396    0.009132    0.009322
     0.009255    0.009139    0.008992    0.008829    0.008650    0.008457    0.008252    0.008036
     0.007806    0.007559    0.007295    0.007016    0.006728    0.006436    0.006139    0.005828
     0.005511    0.005189    0.004861    0.004526    0.004191    0.003844    0.003497    0.003150
     0.002802    0.002460    0.002114    0.001777    0.001447    0.001124    0.000813    0.000513
     0.000228   -0.000044   -0.000298   -0.000535   -0.000754   -0.000953   -0.001133   -0.001291
    -0.001428   -0.001545   -0.001639   -0.001713   -0.001767   -0.001799   -0.001812   -0.001807
    -0.001784   -0.001743   -0.001687   -0.001616   -0.001532   -0.001435   -0.001328   -0.001212
    -0.001087   -0.000955   -0.000818   -0.000675   -0.000529   -0.000379   -0.000226   -0.000070
     0.000089    0.000252    0.000421    0.000596    0.000781    0.000936    0.000797    0.000967
     0.001253    0.001876    0.003023    0.004831    0.007370    0.010642    0.014573    0.019029
     0.023822
  1.000000
     0.085483    0.089162    0.096070    0.100884    0.100181    0.092847    0.079851    0.063551
     0.046795    0.032070    0.020958    0.013934    0.010480    0.009396    0.009132    0.008378
     0.007936    0.007542    0.007186    0.006852    0.006541    0.006248    0.005958    0.005670
     0.005381    0.005088    0.004793    0.004493    0.004186    0.003875    0.003558    0.003235
     0.002904    0.002568    0.002225    0.001878    0.001527    0.001173    0.000817    0.000462
     0.000110   -0.000240   -0.000583   -0.000918   -0.001243   -0.001557   -0.001855   -0.002139
    -0.002404   -0.002650   -0.002875   -0.003077   -0.003256   -0.003411   -0.003540   -0.003644
    -0.003722   -0.003775   -0.003801   -0.003804   -0.003782   -0.003737   -0.003671   -0.003585
    -0.003480   -0.003358   -0.003221   -0.003071   -0.002909   -0.002738   -0.002560   -0.002375
    -0.002187   -0.001995   -0.001801   -0.001607   -0.001413   -0.001219   -0.001027   -0.000835
    -0.000643   -0.000450   -0.000256   -0.000056    0.000149    0.000376    0.000797    0.000967
     0.001253    0.001876    0.003023    0.004831    0.007370    0.010642    0.014573    0.019029
     0.023822
  1.000000  0.000000
     0.144777    0.141381    0.138112    0.135047    0.132253    0.129784    0.127677    0.127015
     0.127015    0.127015    0.127015    0.127015    0.127015    0.127015    0.127015    0.127015
     0.127015    0.127015    0.127015    0.127015    0.127015    0.127015    0.127015    0.127015
     0.127015    0.127015    0.127015    0.127015    0.127015    0.127015    0.127015    0.127015
     0.127015    0.127015    0.127015    0.127015    0.127015    0.127015    0.127015    0.127015
     0.127015    0.127015    0.127015    0.127015    0.127015    0.127015    0.127015    0.127015
     0.127015    0.127015    0.127015    0.127015    0.127015    0.127015    0.127015    0.127015
     0.127015    0.127015    0.127015    0.127015    0.127015    0.127015    0.127015    0.127015
     0.127015    0.127015    0.127015    0.127015    0.127015    0.127015    0.127015    0.127015
     0.127015    0.127015    0.127015    0.127015    0.127015    0.127015    0.127015    0.127015
     0.127015    0.127015    0.127015    0.127015    0.127015    0.127015    0.127015    0.127015
     0.127015    0.127015    0.127015    0.127015    0.127015    0.127015    0.127015    0.127015
     0.127015
 ***************************************************************
  ROW NUMBER           1  SECTION NUMBER            4
           0           0           0  IF_DESIGN etc 
   1.00000   0.00000    0
    -0.202500   -0.163762   -0.126469   -0.091503   -0.059630   -0.031461   -0.007420    0.012274
     0.027621    0.038840    0.046355    0.050777    0.052872    0.053523    0.053683    0.053844
     0.054012    0.054188    0.054370    0.054558    0.054751    0.054950    0.055155    0.055367
     0.055587    0.055816    0.056056    0.056307    0.056571    0.056850    0.057145    0.057458
     0.057791    0.058144    0.058519    0.058917    0.059340    0.059789    0.060264    0.060766
     0.061296    0.061854    0.062441    0.063056    0.063700    0.064371    0.065070    0.065795
     0.066546    0.067322    0.068120    0.068940    0.069780    0.070638    0.071512    0.072399
     0.073298    0.074206    0.075120    0.076038    0.076957    0.077875    0.078789    0.079696
     0.080593    0.081478    0.082349    0.083203    0.084039    0.084853    0.085646    0.086414
     0.087158    0.087876    0.088568    0.089235    0.089877    0.090495    0.091092    0.091670
     0.092231    0.092781    0.093324    0.093865    0.094412    0.094971    0.095415    0.095858
     0.096572    0.098069    0.100786    0.105042    0.111002    0.118667    0.127870    0.138293
     0.149500
  1.000000  0.000000
     0.085483    0.089985    0.098753    0.105629    0.106573    0.100147    0.087280    0.070501
     0.052935    0.037344    0.025510    0.018002    0.014301    0.013133    0.012844    0.013031
     0.012948    0.012812    0.012642    0.012452    0.012247    0.012023    0.011784    0.011532
     0.011261    0.010968    0.010656    0.010327    0.009991    0.009648    0.009294    0.008919
     0.008540    0.008149    0.007746    0.007331    0.006911    0.006470    0.006026    0.005574
     0.005114    0.004652    0.004180    0.003709    0.003238    0.002766    0.002298    0.001833
     0.001375    0.000922    0.000479    0.000045   -0.000378   -0.000789   -0.001187   -0.001570
    -0.001940   -0.002294   -0.002632   -0.002954   -0.003260   -0.003549   -0.003821   -0.004077
    -0.004315   -0.004537   -0.004743   -0.004933   -0.005108   -0.005267   -0.005412   -0.005544
    -0.005662   -0.005768   -0.005863   -0.005947   -0.006021   -0.006086   -0.006143   -0.006193
    -0.006236   -0.006273   -0.006304   -0.006331   -0.006352   -0.006385   -0.006657   -0.006658
    -0.006659   -0.006661   -0.006662   -0.006663   -0.006665   -0.006666   -0.006667   -0.006668
    -0.006669
  1.000000
     0.085483    0.089985    0.098753    0.105629    0.106573    0.100147    0.087280    0.070501
     0.052935    0.037344    0.025510    0.018002    0.014301    0.013133    0.012844    0.012032
     0.011550    0.011122    0.010727    0.010356    0.010015    0.009684    0.009353    0.009023
     0.008687    0.008346    0.008001    0.007648    0.007284    0.006915    0.006536    0.006145
     0.005744    0.005332    0.004910    0.004478    0.004037    0.003587    0.003130    0.002668
     0.002203    0.001734    0.001267    0.000800    0.000337   -0.000121   -0.000571   -0.001011
    -0.001441   -0.001859   -0.002262   -0.002649   -0.003020   -0.003373   -0.003708   -0.004024
    -0.004320   -0.004596   -0.004853   -0.005091   -0.005310   -0.005509   -0.005691   -0.005856
    -0.006005   -0.006137   -0.006256   -0.006361   -0.006453   -0.006534   -0.006604   -0.006665
    -0.006717   -0.006761   -0.006798   -0.006830   -0.006856   -0.006877   -0.006894   -0.006908
    -0.006918   -0.006925   -0.006930   -0.006933   -0.006933   -0.006914   -0.006657   -0.006658
    -0.006659   -0.006661   -0.006662   -0.006663   -0.006665   -0.006666   -0.006667   -0.006668
    -0.006669
  1.000000  0.000000
     0.173298    0.170571    0.167946    0.165485    0.163242    0.161259    0.159568    0.159030
     0.159030    0.159030    0.159030    0.159030    0.159030    0.159030    0.159030    0.159030
     0.159030    0.159030    0.159030    0.159030    0.159030    0.159030    0.159030    0.159030
     0.159030    0.159030    0.159030    0.159030    0.159030    0.159030    0.159030    0.159030
     0.159030    0.159030    0.159030    0.159030    0.159030    0.159030    0.159030    0.159030
     0.159030    0.159030    0.159030    0.159030    0.159030    0.159030    0.159030    0.159030
     0.159030    0.159030    0.159030    0.159030    0.159030    0.159030    0.159030    0.159030
     0.159030    0.159030    0.159030    0.159030    0.159030    0.159030    0.159030    0.159030
     0.159030    0.159030    0.159030    0.159030    0.159030    0.159030    0.159030    0.159030
     0.159030    0.159030    0.159030    0.159030    0.159030    0.159030    0.159030    0.159030
     0.159030    0.159030    0.159030    0.159030    0.159030    0.159030    0.159030    0.159030
     0.159030    0.159030    0.159030    0.159030    0.159030    0.159030    0.159030    0.159030
     0.159030
 ***************************************************************
  ROW NUMBER           1  SECTION NUMBER            5
           0           0           0  IF_DESIGN etc 
   1.00000   0.00000    0
    -0.202500   -0.163738   -0.126422   -0.091435   -0.059542   -0.031355   -0.007300    0.012406
     0.027764    0.038989    0.046509    0.050935    0.053031    0.053682    0.053843    0.054004
     0.054173    0.054350    0.054532    0.054720    0.054914    0.055113    0.055319    0.055532
     0.055752    0.055982    0.056222    0.056473    0.056738    0.057018    0.057314    0.057628
     0.057961    0.058315    0.058691    0.059090    0.059514    0.059964    0.060440    0.060944
     0.061475    0.062035    0.062623    0.063240    0.063885    0.064558    0.065259    0.065986
     0.066739    0.067516    0.068317    0.069139    0.069981    0.070841    0.071717    0.072606
     0.073507    0.074418    0.075334    0.076254    0.077176    0.078096    0.079012    0.079921
     0.080821    0.081708    0.082581    0.083438    0.084275    0.085092    0.085886    0.086656
     0.087402    0.088122    0.088816    0.089484    0.090128    0.090748    0.091346    0.091925
     0.092488    0.093040    0.093584    0.094126    0.094674    0.095235    0.095680    0.096124
     0.096837    0.098330    0.101036    0.105271    0.111202    0.118828    0.127983    0.138352
     0.149500
  1.000000  0.000000
     0.085483    0.091704    0.104347    0.115496    0.119815    0.115192    0.102485    0.084592
     0.065232    0.047751    0.034354    0.025809    0.021586    0.020252    0.019921    0.020086
     0.019971    0.019795    0.019581    0.019340    0.019080    0.018801    0.018498    0.018166
     0.017808    0.017429    0.017034    0.016624    0.016202    0.015759    0.015299    0.014815
     0.014316    0.013794    0.013249    0.012682    0.012093    0.011477    0.010842    0.010183
     0.009502    0.008803    0.008082    0.007344    0.006590    0.005820    0.005038    0.004244
     0.003440    0.002628    0.001810    0.000987    0.000163   -0.000663   -0.001486   -0.002306
    -0.003122   -0.003931   -0.004731   -0.005520   -0.006297   -0.007061   -0.007809   -0.008540
    -0.009252   -0.009945   -0.010616   -0.011266   -0.011892   -0.012494   -0.013073   -0.013626
    -0.014155   -0.014660   -0.015140   -0.015597   -0.016032   -0.016447   -0.016842   -0.017220
    -0.017584   -0.017936   -0.018280   -0.018619   -0.018957   -0.019298   -0.019801   -0.020062
    -0.020486   -0.021385   -0.023024   -0.025595   -0.029200   -0.033837   -0.039407   -0.045716
    -0.052500
  1.000000
     0.085483    0.091704    0.104347    0.115496    0.119815    0.115192    0.102485    0.084592
     0.065232    0.047751    0.034354    0.025809    0.021586    0.020252    0.019921    0.019037
     0.018502    0.018026    0.017580    0.017162    0.016766    0.016368    0.015962    0.015554
     0.015133    0.014705    0.014267    0.013813    0.013345    0.012863    0.012362    0.011841
     0.011300    0.010739    0.010157    0.009557    0.008930    0.008286    0.007621    0.006937
     0.006237    0.005521    0.004790    0.004047    0.003294    0.002532    0.001764    0.000992
     0.000218   -0.000558   -0.001331   -0.002100   -0.002864   -0.003621   -0.004370   -0.005109
    -0.005836   -0.006551   -0.007254   -0.007942   -0.008614   -0.009271   -0.009911   -0.010534
    -0.011140   -0.011727   -0.012296   -0.012846   -0.013376   -0.013887   -0.014379   -0.014852
    -0.015305   -0.015739   -0.016155   -0.016553   -0.016934   -0.017299   -0.017649   -0.017987
    -0.018315   -0.018635   -0.018949   -0.019262   -0.019578   -0.019872   -0.019801   -0.020062
    -0.020486   -0.021385   -0.023024   -0.025595   -0.029200   -0.033837   -0.039407   -0.045716
    -0.052500
  1.000000  0.000000
     0.230339    0.228951    0.227615    0.226362    0.225219    0.224210    0.223348    0.223060
     0.223060    0.223060    0.223060    0.223060    0.223060    0.223060    0.223060    0.223060
     0.223060    0.223060    0.223060    0.223060    0.223060    0.223060    0.223060    0.223060
     0.223060    0.223060    0.223060    0.223060    0.223060    0.223060    0.223060    0.223060
     0.223060    0.223060    0.223060    0.223060    0.223060    0.223060    0.223060    0.223060
     0.223060    0.223060    0.223060    0.223060    0.223060    0.223060    0.223060    0.223060
     0.223060    0.223060    0.223060    0.223060    0.223060    0.223060    0.223060    0.223060
     0.223060    0.223060    0.223060    0.223060    0.223060    0.223060    0.223060    0.223060
     0.223060    0.223060    0.223060    0.223060    0.223060    0.223060    0.223060    0.223060
     0.223060    0.223060    0.223060    0.223060    0.223060    0.223060    0.223060    0.223060
     0.223060    0.223060    0.223060    0.223060    0.223060    0.223060    0.223060    0.223060
     0.223060    0.223060    0.223060    0.223060    0.223060    0.223060    0.223060    0.223060
     0.223060
 ***************************************************************
  ROW NUMBER           1  SECTION NUMBER            6
           0           0           0  IF_DESIGN etc 
   1.00000   0.00000    0
    -0.202500   -0.163723   -0.126392   -0.091391   -0.059487   -0.031289   -0.007225    0.012487
     0.027849    0.039077    0.046598    0.051023    0.053117    0.053766    0.053924    0.054083
     0.054249    0.054423    0.054602    0.054788    0.054978    0.055174    0.055377    0.055586
     0.055803    0.056029    0.056265    0.056513    0.056773    0.057048    0.057340    0.057648
     0.057976    0.058324    0.058694    0.059087    0.059504    0.059947    0.060415    0.060911
     0.061434    0.061985    0.062563    0.063170    0.063805    0.064467    0.065157    0.065872
     0.066613    0.067378    0.068165    0.068974    0.069803    0.070649    0.071511    0.072386
     0.073273    0.074168    0.075070    0.075976    0.076882    0.077788    0.078689    0.079583
     0.080468    0.081342    0.082201    0.083043    0.083867    0.084671    0.085452    0.086210
     0.086944    0.087652    0.088335    0.088993    0.089626    0.090236    0.090825    0.091395
     0.091949    0.092491    0.093026    0.093560    0.094099    0.094651    0.095089    0.095526
     0.096236    0.097735    0.100464    0.104743    0.110740    0.118456    0.127720    0.138215
     0.149500
  1.000000  0.000000
     0.085483    0.092471    0.106841    0.119889    0.125703    0.121867    0.109212    0.090805
     0.070629    0.052292    0.038192    0.029183    0.024728    0.023324    0.022980    0.023134
     0.023007    0.022816    0.022587    0.022328    0.022045    0.021738    0.021403    0.021035
     0.020641    0.020228    0.019803    0.019362    0.018905    0.018423    0.017920    0.017394
     0.016844    0.016268    0.015665    0.015034    0.014374    0.013685    0.012967    0.012220
     0.011444    0.010643    0.009813    0.008960    0.008081    0.007182    0.006262    0.005323
     0.004367    0.003397    0.002415    0.001423    0.000422   -0.000583   -0.001592   -0.002602
    -0.003610   -0.004614   -0.005611   -0.006599   -0.007576   -0.008540   -0.009487   -0.010416
    -0.011324   -0.012211   -0.013073   -0.013909   -0.014718   -0.015499   -0.016250   -0.016971
    -0.017662   -0.018322   -0.018952   -0.019554   -0.020127   -0.020675   -0.021198   -0.021700
    -0.022184   -0.022653   -0.023112   -0.023566   -0.024019   -0.024479   -0.025082   -0.025436
    -0.026010   -0.027227   -0.029443   -0.032919   -0.037792   -0.044062   -0.051592   -0.060121
    -0.069293
  1.000000
     0.085483    0.092471    0.106841    0.119889    0.125703    0.121867    0.109212    0.090805
     0.070629    0.052292    0.038192    0.029183    0.024728    0.023324    0.022980    0.022079
     0.021530    0.021042    0.020587    0.020160    0.019743    0.019319    0.018887    0.018448
     0.017997    0.017536    0.017061    0.016569    0.016060    0.015532    0.014983    0.014409
     0.013811    0.013188    0.012540    0.011869    0.011162    0.010434    0.009679    0.008898
     0.008095    0.007268    0.006421    0.005554    0.004671    0.003771    0.002860    0.001938
     0.001007    0.000070   -0.000871   -0.001813   -0.002755   -0.003694   -0.004628   -0.005555
    -0.006475   -0.007383   -0.008281   -0.009165   -0.010034   -0.010887   -0.011722   -0.012539
    -0.013336   -0.014112   -0.014866   -0.015598   -0.016306   -0.016990   -0.017651   -0.018286
    -0.018897   -0.019483   -0.020045   -0.020584   -0.021100   -0.021595   -0.022072   -0.022531
    -0.022977   -0.023412   -0.023841   -0.024267   -0.024697   -0.025108   -0.025082   -0.025436
    -0.026010   -0.027227   -0.029443   -0.032919   -0.037792   -0.044062   -0.051592   -0.060121
    -0.069293
  1.000000  0.000000
     0.258860    0.258141    0.257449    0.256800    0.256208    0.255685    0.255239    0.255075
     0.255075    0.255075    0.255075    0.255075    0.255075    0.255075    0.255075    0.255075
     0.255075    0.255075    0.255075    0.255075    0.255075    0.255075    0.255075    0.255075
     0.255075    0.255075    0.255075    0.255075    0.255075    0.255075    0.255075    0.255075
     0.255075    0.255075    0.255075    0.255075    0.255075    0.255075    0.255075    0.255075
     0.255075    0.255075    0.255075    0.255075    0.255075    0.255075    0.255075    0.255075
     0.255075    0.255075    0.255075    0.255075    0.255075    0.255075    0.255075    0.255075
     0.255075    0.255075    0.255075    0.255075    0.255075    0.255075    0.255075    0.255075
     0.255075    0.255075    0.255075    0.255075    0.255075    0.255075    0.255075    0.255075
     0.255075    0.255075    0.255075    0.255075    0.255075    0.255075    0.255075    0.255075
     0.255075    0.255075    0.255075    0.255075    0.255075    0.255075    0.255075    0.255075
     0.255075    0.255075    0.255075    0.255075    0.255075    0.255075    0.255075    0.255075
     0.255075
 ***************************************************************
  ROW NUMBER           1  SECTION NUMBER            7
           0           0           0  IF_DESIGN etc 
   1.00000   0.00000    0
    -0.202500   -0.163708   -0.126362   -0.091347   -0.059430   -0.031223   -0.007150    0.012569
     0.027935    0.039165    0.046687    0.051111    0.053204    0.053850    0.054005    0.054161
     0.054324    0.054495    0.054671    0.054853    0.055040    0.055233    0.055432    0.055637
     0.055850    0.056072    0.056304    0.056548    0.056804    0.057074    0.057360    0.057663
     0.057985    0.058327    0.058691    0.059077    0.059487    0.059921    0.060382    0.060868
     0.061382    0.061923    0.062492    0.063088    0.063711    0.064362    0.065039    0.065742
     0.066470    0.067221    0.067995    0.068789    0.069603    0.070434    0.071281    0.072141
     0.073012    0.073891    0.074777    0.075667    0.076558    0.077447    0.078332    0.079211
     0.080080    0.080938    0.081782    0.082610    0.083419    0.084209    0.084976    0.085721
     0.086441    0.087137    0.087808    0.088454    0.089076    0.089676    0.090254    0.090814
     0.091358    0.091890    0.092416    0.092941    0.093470    0.094013    0.094442    0.094872
     0.095578    0.097085    0.099839    0.104166    0.110236    0.118049    0.127434    0.138066
     0.149500
  1.000000  0.000000
     0.085483    0.093152    0.109055    0.123790    0.130929    0.127792    0.115182    0.096317
     0.075415    0.056319    0.041593    0.032173    0.027515    0.026050    0.025695    0.025839
     0.025703    0.025499    0.025258    0.024985    0.024682    0.024346    0.023978    0.023578
     0.023155    0.022717    0.022267    0.021800    0.021311    0.020796    0.020259    0.019696
     0.019104    0.018482    0.017829    0.017143    0.016423    0.015670    0.014882    0.014060
     0.013203    0.012313    0.011390    0.010436    0.009451    0.008439    0.007400    0.006335
     0.005248    0.004141    0.003016    0.001876    0.000723   -0.000440   -0.001610   -0.002785
    -0.003960   -0.005135   -0.006304   -0.007466   -0.008617   -0.009754   -0.010876   -0.011977
    -0.013057   -0.014112   -0.015141   -0.016140   -0.017109   -0.018045   -0.018947   -0.019815
    -0.020647   -0.021444   -0.022206   -0.022934   -0.023629   -0.024293   -0.024929   -0.025540
    -0.026129   -0.026701   -0.027262   -0.027816   -0.028372   -0.028937   -0.029632   -0.030067
    -0.030778   -0.032291   -0.035052   -0.039386   -0.045463   -0.053284   -0.062678   -0.073320
    -0.084764
  1.000000
     0.085483    0.093152    0.109055    0.123790    0.130929    0.127792    0.115182    0.096317
     0.075415    0.056319    0.041593    0.032173    0.027515    0.026050    0.025695    0.024786
     0.024229    0.023734    0.023278    0.022844    0.022411    0.021967    0.021516    0.021054
     0.020579    0.020093    0.019590    0.019068    0.018527    0.017963    0.017374    0.016759
     0.016115    0.015442    0.014740    0.014009    0.013238    0.012440    0.011609    0.010747
     0.009858    0.008938    0.007991    0.007018    0.006023    0.005005    0.003969    0.002917
     0.001850    0.000772   -0.000316   -0.001410   -0.002508   -0.003607   -0.004705   -0.005799
    -0.006888   -0.007968   -0.009039   -0.010097   -0.011141   -0.012168   -0.013177   -0.014166
    -0.015133   -0.016077   -0.016997   -0.017890   -0.018757   -0.019595   -0.020405   -0.021185
    -0.021936   -0.022658   -0.023350   -0.024013   -0.024650   -0.025261   -0.025849   -0.026416
    -0.026967   -0.027504   -0.028033   -0.028560   -0.029091   -0.029610   -0.029632   -0.030067
    -0.030778   -0.032291   -0.035052   -0.039386   -0.045463   -0.053284   -0.062678   -0.073320
    -0.084764
  1.000000  0.000000
     0.287381    0.287331    0.287283    0.287238    0.287197    0.287160    0.287129    0.287090
     0.287090    0.287090    0.287090    0.287090    0.287090    0.287090    0.287090    0.287090
     0.287090    0.287090    0.287090    0.287090    0.287090    0.287090    0.287090    0.287090
     0.287090    0.287090    0.287090    0.287090    0.287090    0.287090    0.287090    0.287090
     0.287090    0.287090    0.287090    0.287090    0.287090    0.287090    0.287090    0.287090
     0.287090    0.287090    0.287090    0.287090    0.287090    0.287090    0.287090    0.287090
     0.287090    0.287090    0.287090    0.287090    0.287090    0.287090    0.287090    0.287090
     0.287090    0.287090    0.287090    0.287090    0.287090    0.287090    0.287090    0.287090
     0.287090    0.287090    0.287090    0.287090    0.287090    0.287090    0.287090    0.287090
     0.287090    0.287090    0.287090    0.287090    0.287090    0.287090    0.287090    0.287090
     0.287090    0.287090    0.287090    0.287090    0.287090    0.287090    0.287090    0.287090
     0.287090    0.287090    0.287090    0.287090    0.287090    0.287090    0.287090    0.287090
     0.287090
 ***************************************************************
  ROW NUMBER           1  SECTION NUMBER            8
           0           0           0  IF_DESIGN etc 
   1.00000   0.00000    0
    -0.202500   -0.163679   -0.126306   -0.091266   -0.059327   -0.031100   -0.007011    0.012721
     0.028096    0.039332    0.046856    0.051280    0.053371    0.054014    0.054166    0.054318
     0.054478    0.054644    0.054816    0.054994    0.055177    0.055365    0.055559    0.055760
     0.055968    0.056185    0.056412    0.056649    0.056900    0.057164    0.057443    0.057739
     0.058054    0.058388    0.058743    0.059120    0.059521    0.059945    0.060395    0.060870
     0.061372    0.061901    0.062456    0.063038    0.063648    0.064283    0.064945    0.065631
     0.066342    0.067076    0.067832    0.068608    0.069403    0.070215    0.071042    0.071882
     0.072733    0.073592    0.074458    0.075327    0.076197    0.077066    0.077931    0.078789
     0.079638    0.080476    0.081301    0.082109    0.082900    0.083671    0.084421    0.085148
     0.085852    0.086532    0.087188    0.087819    0.088427    0.089012    0.089577    0.090124
     0.090655    0.091176    0.091689    0.092202    0.092719    0.093249    0.093668    0.094088
     0.094789    0.096304    0.099089    0.103473    0.109630    0.117560    0.127089    0.137887
     0.149500
  1.000000  0.000000
     0.085483    0.094591    0.113723    0.131994    0.141887    0.140161    0.127570    0.107658
     0.085150    0.064388    0.048297    0.037979    0.032875    0.031275    0.030895    0.031006
     0.030836    0.030595    0.030311    0.029991    0.029630    0.029224    0.028786    0.028331
     0.027862    0.027377    0.026875    0.026348    0.025796    0.025218    0.024611    0.023972
     0.023298    0.022587    0.021837    0.021047    0.020215    0.019340    0.018421    0.017458
     0.016450    0.015399    0.014304    0.013167    0.011988    0.010770    0.009514    0.008222
     0.006898    0.005543    0.004160    0.002752    0.001323   -0.000124   -0.001586   -0.003058
    -0.004538   -0.006020   -0.007502   -0.008980   -0.010449   -0.011904   -0.013344   -0.014763
    -0.016158   -0.017526   -0.018863   -0.020165   -0.021432   -0.022659   -0.023846   -0.024990
    -0.026091   -0.027148   -0.028161   -0.029132   -0.030062   -0.030952   -0.031807   -0.032631
    -0.033427   -0.034203   -0.034964   -0.035720   -0.036479   -0.037253   -0.038103   -0.038704
    -0.039706   -0.041872   -0.045849   -0.052109   -0.060900   -0.072222   -0.085826   -0.101242
    -0.117822
  1.000000
     0.085483    0.094591    0.113723    0.131994    0.141887    0.140161    0.127570    0.107658
     0.085150    0.064388    0.048297    0.037979    0.032875    0.031275    0.030895    0.029991
     0.029428    0.028928    0.028465    0.028007    0.027540    0.027061    0.026573    0.026069
     0.025554    0.025021    0.024468    0.023894    0.023295    0.022667    0.022011    0.021323
     0.020599    0.019839    0.019043    0.018206    0.017324    0.016404    0.015442    0.014441
     0.013398    0.012314    0.011194    0.010035    0.008842    0.007616    0.006359    0.005075
     0.003765    0.002433    0.001081   -0.000287   -0.001668   -0.003059   -0.004456   -0.005857
    -0.007258   -0.008656   -0.010048   -0.011431   -0.012801   -0.014156   -0.015493   -0.016808
    -0.018100   -0.019365   -0.020602   -0.021807   -0.022979   -0.024117   -0.025218   -0.026281
    -0.027307   -0.028293   -0.029242   -0.030153   -0.031028   -0.031869   -0.032679   -0.033462
    -0.034222   -0.034964   -0.035696   -0.036425   -0.037161   -0.037907   -0.038103   -0.038704
    -0.039706   -0.041872   -0.045849   -0.052109   -0.060900   -0.072222   -0.085826   -0.101242
    -0.117822
  1.000000  0.000000
     0.344422    0.345711    0.346951    0.348114    0.349174    0.350111    0.350910    0.351120
     0.351120    0.351120    0.351120    0.351120    0.351120    0.351120    0.351120    0.351120
     0.351120    0.351120    0.351120    0.351120    0.351120    0.351120    0.351120    0.351120
     0.351120    0.351120    0.351120    0.351120    0.351120    0.351120    0.351120    0.351120
     0.351120    0.351120    0.351120    0.351120    0.351120    0.351120    0.351120    0.351120
     0.351120    0.351120    0.351120    0.351120    0.351120    0.351120    0.351120    0.351120
     0.351120    0.351120    0.351120    0.351120    0.351120    0.351120    0.351120    0.351120
     0.351120    0.351120    0.351120    0.351120    0.351120    0.351120    0.351120    0.351120
     0.351120    0.351120    0.351120    0.351120    0.351120    0.351120    0.351120    0.351120
     0.351120    0.351120    0.351120    0.351120    0.351120    0.351120    0.351120    0.351120
     0.351120    0.351120    0.351120    0.351120    0.351120    0.351120    0.351120    0.351120
     0.351120    0.351120    0.351120    0.351120    0.351120    0.351120    0.351120    0.351120
     0.351120
 ***************************************************************
  ROW NUMBER           1  SECTION NUMBER            9
           0           0           0  IF_DESIGN etc 
   1.00000   0.00000    0
    -0.202500   -0.163666   -0.126280   -0.091228   -0.059277   -0.031040   -0.006944    0.012794
     0.028174    0.039414    0.046939    0.051364    0.053454    0.054096    0.054247    0.054398
     0.054557    0.054723    0.054894    0.055070    0.055252    0.055439    0.055632    0.055831
     0.056038    0.056253    0.056478    0.056715    0.056963    0.057225    0.057503    0.057797
     0.058110    0.058441    0.058794    0.059169    0.059566    0.059988    0.060435    0.060907
     0.061406    0.061931    0.062482    0.063061    0.063666    0.064297    0.064954    0.065636
     0.066343    0.067072    0.067823    0.068594    0.069383    0.070190    0.071012    0.071846
     0.072691    0.073545    0.074404    0.075268    0.076132    0.076995    0.077854    0.078707
     0.079550    0.080383    0.081202    0.082005    0.082790    0.083556    0.084301    0.085024
     0.085723    0.086398    0.087049    0.087676    0.088280    0.088862    0.089423    0.089966
     0.090494    0.091011    0.091521    0.092030    0.092544    0.093070    0.093487    0.093904
     0.094603    0.096120    0.098912    0.103309    0.109486    0.117444    0.127007    0.137844
     0.149500
  1.000000  0.000000
     0.085483    0.095564    0.116875    0.137515    0.149227    0.148393    0.135739    0.115040
     0.091370    0.069417    0.052357    0.041401    0.035978    0.034281    0.033880    0.033954
     0.033750    0.033473    0.033146    0.032773    0.032364    0.031918    0.031445    0.030959
     0.030459    0.029940    0.029401    0.028836    0.028243    0.027623    0.026970    0.026282
     0.025555    0.024788    0.023978    0.023124    0.022223    0.021274    0.020276    0.019228
     0.018131    0.016985    0.015790    0.014546    0.013256    0.011921    0.010542    0.009121
     0.007663    0.006169    0.004642    0.003086    0.001504   -0.000101   -0.001723   -0.003359
    -0.005005   -0.006657   -0.008310   -0.009959   -0.011601   -0.013230   -0.014842   -0.016433
    -0.017999   -0.019536   -0.021040   -0.022507   -0.023934   -0.025319   -0.026660   -0.027954
    -0.029200   -0.030397   -0.031547   -0.032649   -0.033705   -0.034719   -0.035692   -0.036630
    -0.037539   -0.038425   -0.039296   -0.040160   -0.041030   -0.041916   -0.042830   -0.043522
    -0.044684   -0.047208   -0.051854   -0.059173   -0.069455   -0.082701   -0.098621   -0.116662
    -0.136066
  1.000000
     0.085483    0.095564    0.116875    0.137515    0.149227    0.148393    0.135739    0.115040
     0.091370    0.069417    0.052357    0.041401    0.035978    0.034281    0.033880    0.032989
     0.032428    0.031926    0.031447    0.030966    0.030473    0.029969    0.029453    0.028922
     0.028376    0.027811    0.027225    0.026616    0.025979    0.025311    0.024612    0.023877
     0.023103    0.022290    0.021436    0.020534    0.019587    0.018595    0.017556    0.016471
     0.015340    0.014162    0.012941    0.011676    0.010371    0.009026    0.007645    0.006230
     0.004784    0.003310    0.001811    0.000290   -0.001248   -0.002800   -0.004363   -0.005933
    -0.007507   -0.009080   -0.010649   -0.012211   -0.013761   -0.015296   -0.016813   -0.018308
    -0.019778   -0.021219   -0.022629   -0.024006   -0.025346   -0.026647   -0.027907   -0.029126
    -0.030302   -0.031434   -0.032523   -0.033570   -0.034576   -0.035543   -0.036475   -0.037375
    -0.038250   -0.039105   -0.039948   -0.040788   -0.041636   -0.042501   -0.042830   -0.043522
    -0.044684   -0.047208   -0.051854   -0.059173   -0.069455   -0.082701   -0.098621   -0.116662
    -0.136066
  1.000000  0.000000
     0.372943    0.374901    0.376785    0.378552    0.380163    0.381586    0.382801    0.383135
     0.383135    0.383135    0.383135    0.383135    0.383135    0.383135    0.383135    0.383135
     0.383135    0.383135    0.383135    0.383135    0.383135    0.383135    0.383135    0.383135
     0.383135    0.383135    0.383135    0.383135    0.383135    0.383135    0.383135    0.383135
     0.383135    0.383135    0.383135    0.383135    0.383135    0.383135    0.383135    0.383135
     0.383135    0.383135    0.383135    0.383135    0.383135    0.383135    0.383135    0.383135
     0.383135    0.383135    0.383135    0.383135    0.383135    0.383135    0.383135    0.383135
     0.383135    0.383135    0.383135    0.383135    0.383135    0.383135    0.383135    0.383135
     0.383135    0.383135    0.383135    0.383135    0.383135    0.383135    0.383135    0.383135
     0.383135    0.383135    0.383135    0.383135    0.383135    0.383135    0.383135    0.383135
     0.383135    0.383135    0.383135    0.383135    0.383135    0.383135    0.383135    0.383135
     0.383135    0.383135    0.383135    0.383135    0.383135    0.383135    0.383135    0.383135
     0.383135
 ***************************************************************
  ROW NUMBER           1  SECTION NUMBER            10
           0           0           0  IF_DESIGN etc 
   1.00000   0.00000    0
    -0.202500   -0.163659   -0.126267   -0.091208   -0.059252   -0.031010   -0.006910    0.012832
     0.028214    0.039455    0.046982    0.051406    0.053497    0.054138    0.054289    0.054439
     0.054597    0.054762    0.054933    0.055109    0.055290    0.055476    0.055668    0.055867
     0.056073    0.056288    0.056512    0.056747    0.056995    0.057257    0.057533    0.057826
     0.058138    0.058469    0.058820    0.059193    0.059590    0.060010    0.060455    0.060926
     0.061423    0.061946    0.062496    0.063072    0.063675    0.064304    0.064959    0.065639
     0.066343    0.067069    0.067818    0.068586    0.069373    0.070177    0.070996    0.071827
     0.072670    0.073520    0.074377    0.075237    0.076099    0.076959    0.077815    0.078665
     0.079505    0.080335    0.081151    0.081952    0.082734    0.083498    0.084240    0.084960
     0.085657    0.086330    0.086979    0.087604    0.088206    0.088785    0.089344    0.089885
     0.090412    0.090927    0.091435    0.091943    0.092455    0.092979    0.093395    0.093810
     0.094508    0.096026    0.098821    0.103225    0.109413    0.117385    0.126965    0.137823
     0.149500
  1.000000  0.000000
     0.085483    0.096125    0.118690    0.140691    0.153443    0.153111    0.140407    0.119240
     0.094888    0.072238    0.054610    0.043282    0.037673    0.035919    0.035506    0.035555
     0.035330    0.035030    0.034676    0.034271    0.033833    0.033365    0.032875    0.032372
     0.031853    0.031314    0.030753    0.030166    0.029551    0.028906    0.028228    0.027511
     0.026755    0.025956    0.025112    0.024221    0.023281    0.022291    0.021249    0.020154
     0.019008    0.017809    0.016557    0.015255    0.013902    0.012502    0.011056    0.009565
     0.008033    0.006462    0.004857    0.003219    0.001554   -0.000136   -0.001845   -0.003570
    -0.005306   -0.007049   -0.008794   -0.010536   -0.012270   -0.013992   -0.015696   -0.017380
    -0.019037   -0.020663   -0.022256   -0.023810   -0.025322   -0.026791   -0.028212   -0.029584
    -0.030907   -0.032178   -0.033398   -0.034569   -0.035692   -0.036768   -0.037804   -0.038801
    -0.039768   -0.040711   -0.041638   -0.042559   -0.043485   -0.044429   -0.045373   -0.046112
    -0.047354   -0.050058   -0.055039   -0.062888   -0.073917   -0.088126   -0.105203   -0.124557
    -0.145372
  1.000000
     0.085483    0.096125    0.118690    0.140691    0.153443    0.153111    0.140407    0.119240
     0.094888    0.072238    0.054610    0.043282    0.037673    0.035919    0.035506    0.034623
     0.034064    0.033561    0.033071    0.032575    0.032067    0.031548    0.031015    0.030467
     0.029904    0.029321    0.028715    0.028084    0.027425    0.026735    0.026010    0.025247
     0.024445    0.023600    0.022713    0.021775    0.020790    0.019757    0.018674    0.017543
     0.016361    0.015130    0.013853    0.012529    0.011161    0.009750    0.008300    0.006813
     0.005292    0.003740    0.002160    0.000556   -0.001068   -0.002708   -0.004361   -0.006023
    -0.007690   -0.009358   -0.011022   -0.012680   -0.014327   -0.015958   -0.017571   -0.019161
    -0.020726   -0.022261   -0.023763   -0.025230   -0.026658   -0.028045   -0.029390   -0.030690
    -0.031944   -0.033153   -0.034315   -0.035433   -0.036506   -0.037539   -0.038534   -0.039496
    -0.040430   -0.041343   -0.042243   -0.043141   -0.044046   -0.044971   -0.045373   -0.046112
    -0.047354   -0.050058   -0.055039   -0.062888   -0.073917   -0.088126   -0.105203   -0.124557
    -0.145372
  1.000000  0.000000
     0.387203    0.389496    0.391702    0.393771    0.395657    0.397324    0.398746    0.399142
     0.399142    0.399142    0.399142    0.399142    0.399142    0.399142    0.399142    0.399142
     0.399142    0.399142    0.399142    0.399142    0.399142    0.399142    0.399142    0.399142
     0.399142    0.399142    0.399142    0.399142    0.399142    0.399142    0.399142    0.399142
     0.399142    0.399142    0.399142    0.399142    0.399142    0.399142    0.399142    0.399142
     0.399142    0.399142    0.399142    0.399142    0.399142    0.399142    0.399142    0.399142
     0.399142    0.399142    0.399142    0.399142    0.399142    0.399142    0.399142    0.399142
     0.399142    0.399142    0.399142    0.399142    0.399142    0.399142    0.399142    0.399142
     0.399142    0.399142    0.399142    0.399142    0.399142    0.399142    0.399142    0.399142
     0.399142    0.399142    0.399142    0.399142    0.399142    0.399142    0.399142    0.399142
     0.399142    0.399142    0.399142    0.399142    0.399142    0.399142    0.399142    0.399142
     0.399142    0.399142    0.399142    0.399142    0.399142    0.399142    0.399142    0.399142
     0.399142
 ***************************************************************
  ROW NUMBER           1  SECTION NUMBER            11
           0           0           0  IF_DESIGN etc 
   1.00000   0.00000    0
    -0.202500   -0.163652   -0.126253   -0.091188   -0.059227   -0.030980   -0.006875    0.012869
     0.028254    0.039497    0.047024    0.051449    0.053539    0.054180    0.054330    0.054480
     0.054638    0.054802    0.054972    0.055147    0.055328    0.055513    0.055705    0.055903
     0.056108    0.056322    0.056546    0.056780    0.057027    0.057287    0.057563    0.057855
     0.058165    0.058495    0.058845    0.059217    0.059612    0.060031    0.060474    0.060943
     0.061438    0.061959    0.062507    0.063082    0.063682    0.064309    0.064962    0.065639
     0.066340    0.067064    0.067810    0.068575    0.069360    0.070161    0.070976    0.071805
     0.072644    0.073492    0.074345    0.075202    0.076061    0.076917    0.077770    0.078617
     0.079455    0.080281    0.081095    0.081892    0.082672    0.083433    0.084172    0.084890
     0.085584    0.086255    0.086901    0.087524    0.088123    0.088700    0.089258    0.089797
     0.090321    0.090835    0.091341    0.091846    0.092357    0.092879    0.093293    0.093707
     0.094405    0.095923    0.098722    0.103134    0.109333    0.117320    0.126919    0.137799
     0.149500
  1.000000  0.000000
     0.085483    0.096706    0.120568    0.143977    0.157803    0.157989    0.145230    0.123577
     0.098515    0.075142    0.056925    0.045209    0.039408    0.037594    0.037168    0.037192
     0.036944    0.036620    0.036238    0.035798    0.035330    0.034842    0.034335    0.033813
     0.033275    0.032715    0.032131    0.031522    0.030884    0.030213    0.029508    0.028763
     0.027976    0.027144    0.026265    0.025337    0.024357    0.023323    0.022236    0.021093
     0.019895    0.018642    0.017332    0.015970    0.014554    0.013087    0.011570    0.010007
     0.008399    0.006751    0.005064    0.003344    0.001593   -0.000184   -0.001982   -0.003798
    -0.005627   -0.007463   -0.009301   -0.011137   -0.012966   -0.014782   -0.016582   -0.018358
    -0.020108   -0.021826   -0.023508   -0.025151   -0.026750   -0.028302   -0.029806   -0.031258
    -0.032657   -0.034003   -0.035295   -0.036535   -0.037724   -0.038865   -0.039962   -0.041020
    -0.042045   -0.043045   -0.044028   -0.045006   -0.045989   -0.046992   -0.047965   -0.048750
    -0.050073   -0.052956   -0.058270   -0.066645   -0.078415   -0.093579   -0.111805   -0.132461
    -0.154678
  1.000000
     0.085483    0.096706    0.120568    0.143977    0.157803    0.157989    0.145230    0.123577
     0.098515    0.075142    0.056925    0.045209    0.039408    0.037594    0.037168    0.036295
     0.035737    0.035233    0.034732    0.034221    0.033697    0.033161    0.032611    0.032047
     0.031464    0.030862    0.030236    0.029583    0.028901    0.028186    0.027435    0.026644
     0.025811    0.024934    0.024013    0.023037    0.022012    0.020937    0.019809    0.018629
     0.017395    0.016110    0.014775    0.013389    0.011956    0.010478    0.008957    0.007395
     0.005797    0.004165    0.002502    0.000813   -0.000899   -0.002630   -0.004375   -0.006131
    -0.007893   -0.009657   -0.011419   -0.013175   -0.014920   -0.016649   -0.018360   -0.020048
    -0.021708   -0.023338   -0.024934   -0.026492   -0.028009   -0.029484   -0.030914   -0.032296
    -0.033630   -0.034915   -0.036152   -0.037340   -0.038483   -0.039581   -0.040640   -0.041663
    -0.042657   -0.043628   -0.044586   -0.045541   -0.046505   -0.047489   -0.047965   -0.048750
    -0.050073   -0.052956   -0.058270   -0.066645   -0.078415   -0.093579   -0.111805   -0.132461
    -0.154678
  1.000000  0.000000
     0.401464    0.404091    0.406619    0.408990    0.411151    0.413061    0.414691    0.415150
     0.415150    0.415150    0.415150    0.415150    0.415150    0.415150    0.415150    0.415150
     0.415150    0.415150    0.415150    0.415150    0.415150    0.415150    0.415150    0.415150
     0.415150    0.415150    0.415150    0.415150    0.415150    0.415150    0.415150    0.415150
     0.415150    0.415150    0.415150    0.415150    0.415150    0.415150    0.415150    0.415150
     0.415150    0.415150    0.415150    0.415150    0.415150    0.415150    0.415150    0.415150
     0.415150    0.415150    0.415150    0.415150    0.415150    0.415150    0.415150    0.415150
     0.415150    0.415150    0.415150    0.415150    0.415150    0.415150    0.415150    0.415150
     0.415150    0.415150    0.415150    0.415150    0.415150    0.415150    0.415150    0.415150
     0.415150    0.415150    0.415150    0.415150    0.415150    0.415150    0.415150    0.415150
     0.415150    0.415150    0.415150    0.415150    0.415150    0.415150    0.415150    0.415150
     0.415150    0.415150    0.415150    0.415150    0.415150    0.415150    0.415150    0.415150
     0.415150
 ***************************************************************
 ************STARTING THE INPUT FOR EACH BLADE ROW**************
  BLADE ROW NUMBER =        2                                           
    NUMBER OF BLADES IN ROW 
        52
        JM        JLE       JTE 
        97        15        87
      KTIPSTART  KTIPEND 
         0         0
       BOUNDARY LAYER TRANSITION POINTS 
         0         0         0         0
  SET NEWGRID= 1 TO GENERATE A NEW GRID WITH DIFFERENT "J" POINTS AND SPACINGS.
         0
   RPMROW,    RPMHUB 
    0.0    0.0
       JROTHS    JROTHE    JROTTS    JROTTE 
         1         1         1         1
   PUPROW    PLEROW   PTEROW    PDROW 
   119359.7   119359.7   123679.4  123679.4
      NSECS_ROW   INSURF  
         11         0
  IF_CUSP   IFANGLES 
         0         0
 ***************************************************************
  ROW NUMBER           2  SECTION NUMBER            1
           0           0           0  IF_DESIGN etc 
   1.00000   0.00000    0
     0.149500    0.156914    0.164059    0.170773    0.176913    0.182365    0.187052    0.190932
     0.194005    0.196313    0.197933    0.198979    0.199593    0.199940    0.200195    0.200451
     0.200720    0.201000    0.201289    0.201588    0.201895    0.202212    0.202538    0.202876
     0.203226    0.203591    0.203971    0.204371    0.204792    0.205236    0.205705    0.206204
     0.206732    0.207294    0.207891    0.208525    0.209198    0.209912    0.210668    0.211467
     0.212311    0.213200    0.214133    0.215113    0.216137    0.217205    0.218317    0.219472
     0.220667    0.221901    0.223172    0.224477    0.225814    0.227179    0.228570    0.229982
     0.231412    0.232857    0.234312    0.235773    0.237236    0.238697    0.240151    0.241594
     0.243022    0.244431    0.245817    0.247176    0.248506    0.249802    0.251063    0.252286
     0.253469    0.254612    0.255714    0.256776    0.257797    0.258782    0.259731    0.260650
     0.261544    0.262419    0.263283    0.264144    0.265014    0.265904    0.266610    0.267316
     0.268013    0.268683    0.269313    0.269890    0.270411    0.270874    0.271285    0.271656
     0.272000
  1.000000  0.000000
    -0.019333   -0.020872   -0.024289   -0.027947   -0.030650   -0.031787   -0.031314   -0.029606
    -0.027246   -0.024814   -0.022740   -0.021230   -0.020280   -0.019723   -0.019301   -0.018234
    -0.017567   -0.016984   -0.016448   -0.015949   -0.015470   -0.014984   -0.014496   -0.014004
    -0.013502   -0.012999   -0.012482   -0.011952   -0.011415   -0.010861   -0.010290   -0.009703
    -0.009101   -0.008482   -0.007847   -0.007196   -0.006530   -0.005853   -0.005164   -0.004465
    -0.003758   -0.003051   -0.002340   -0.001632   -0.000927   -0.000233    0.000453    0.001126
     0.001780    0.002416    0.003031    0.003623    0.004190    0.004731    0.005244    0.005728
     0.006182    0.006607    0.007003    0.007369    0.007705    0.008014    0.008295    0.008550
     0.008781    0.008987    0.009171    0.009335    0.009479    0.009605    0.009715    0.009811
     0.009893    0.009963    0.010022    0.010071    0.010112    0.010146    0.010173    0.010194
     0.010211    0.010222    0.010230    0.010233    0.010233    0.010219    0.009940    0.009940
     0.009940    0.009940    0.009940    0.009940    0.009940    0.009940    0.009940    0.009940
     0.009940
  1.000000
    -0.019333   -0.020872   -0.024289   -0.027947   -0.030650   -0.031787   -0.031314   -0.029606
    -0.027246   -0.024814   -0.022740   -0.021230   -0.020280   -0.019723   -0.019301   -0.019503
    -0.019344   -0.019110   -0.018832   -0.018521   -0.018181   -0.017815   -0.017419   -0.016988
    -0.016535   -0.016069   -0.015594   -0.015114   -0.014617   -0.014092   -0.013561   -0.013013
    -0.012446   -0.011862   -0.011261   -0.010647   -0.010003   -0.009351   -0.008684   -0.008004
    -0.007320   -0.006617   -0.005913   -0.005204   -0.004499   -0.003787   -0.003083   -0.002389
    -0.001697   -0.001020   -0.000358    0.000293    0.000925    0.001538    0.002130    0.002700
     0.003248    0.003772    0.004272    0.004747    0.005195    0.005619    0.006017    0.006390
     0.006736    0.007058    0.007356    0.007630    0.007881    0.008109    0.008317    0.008504
     0.008671    0.008821    0.008954    0.009072    0.009176    0.009266    0.009346    0.009413
     0.009472    0.009522    0.009564    0.009599    0.009626    0.009656    0.009940    0.009940
     0.009940    0.009940    0.009940    0.009940    0.009940    0.009940    0.009940    0.009940
     0.009940
  1.000000  0.000000
     0.095000    0.095000    0.095000    0.095000    0.095000    0.095000    0.095000    0.095000
     0.095000    0.095000    0.095000    0.095000    0.095000    0.095000    0.095000    0.095000
     0.095000    0.095000    0.095000    0.095000    0.095000    0.095000    0.095000    0.095000
     0.095000    0.095000    0.095000    0.095000    0.095000    0.095000    0.095000    0.095000
     0.095000    0.095000    0.095000    0.095000    0.095000    0.095000    0.095000    0.095000
     0.095000    0.095000    0.095000    0.095000    0.095000    0.095000    0.095000    0.095000
     0.095000    0.095000    0.095000    0.095000    0.095000    0.095000    0.095000    0.095000
     0.095000    0.095000    0.095000    0.095000    0.095000    0.095000    0.095000    0.095000
     0.095000    0.095000    0.095000    0.095000    0.095000    0.095000    0.095000    0.095000
     0.095000    0.095000    0.095000    0.095000    0.095000    0.095000    0.095000    0.095000
     0.095000    0.095000    0.095000    0.095000    0.095000    0.095000    0.095000    0.095000
     0.095000    0.095000    0.095000    0.095000    0.095000    0.095000    0.095000    0.095000
     0.095000
 ***************************************************************
  ROW NUMBER           2  SECTION NUMBER            2
           0           0           0  IF_DESIGN etc 
   1.00000   0.00000    0
     0.149500    0.156925    0.164082    0.170806    0.176955    0.182416    0.187109    0.190994
     0.194070    0.196380    0.198001    0.199046    0.199660    0.200004    0.200258    0.200512
     0.200778    0.201056    0.201344    0.201640    0.201946    0.202260    0.202584    0.202919
     0.203266    0.203628    0.204006    0.204403    0.204821    0.205261    0.205728    0.206222
     0.206747    0.207305    0.207897    0.208527    0.209195    0.209903    0.210654    0.211447
     0.212285    0.213167    0.214094    0.215066    0.216083    0.217143    0.218247    0.219393
     0.220580    0.221805    0.223066    0.224362    0.225689    0.227044    0.228424    0.229826
     0.231246    0.232680    0.234125    0.235575    0.237027    0.238477    0.239920    0.241353
     0.242770    0.244169    0.245545    0.246894    0.248214    0.249501    0.250753    0.251967
     0.253141    0.254276    0.255370    0.256423    0.257438    0.258415    0.259357    0.260270
     0.261157    0.262026    0.262883    0.263738    0.264601    0.265485    0.266186    0.266887
     0.267581    0.268256    0.268902    0.269511    0.270079    0.270607    0.271097    0.271558
     0.272000
  1.000000  0.000000
    -0.019333   -0.020742   -0.023859   -0.027170   -0.029576   -0.030520   -0.029971   -0.028284
    -0.026008   -0.023684   -0.021711   -0.020279   -0.019380   -0.018855   -0.018459   -0.017450
    -0.016816   -0.016262   -0.015753   -0.015280   -0.014826   -0.014365   -0.013903   -0.013436
    -0.012959   -0.012481   -0.011989   -0.011486   -0.010974   -0.010446   -0.009902   -0.009342
    -0.008767   -0.008177   -0.007570   -0.006947   -0.006309   -0.005661   -0.005001   -0.004331
    -0.003653   -0.002974   -0.002292   -0.001612   -0.000935   -0.000267    0.000393    0.001039
     0.001669    0.002281    0.002873    0.003443    0.003989    0.004510    0.005003    0.005469
     0.005907    0.006316    0.006697    0.007048    0.007372    0.007669    0.007939    0.008184
     0.008405    0.008604    0.008780    0.008937    0.009075    0.009196    0.009301    0.009392
     0.009471    0.009537    0.009593    0.009641    0.009680    0.009712    0.009737    0.009757
     0.009773    0.009783    0.009790    0.009793    0.009793    0.009779    0.009503    0.009503
     0.009503    0.009503    0.009503    0.009503    0.009503    0.009503    0.009503    0.009503
     0.009503
  1.000000
    -0.019333   -0.020742   -0.023859   -0.027170   -0.029576   -0.030520   -0.029971   -0.028284
    -0.026008   -0.023684   -0.021711   -0.020279   -0.019380   -0.018855   -0.018459   -0.018664
    -0.018519   -0.018302   -0.018043   -0.017752   -0.017434   -0.017090   -0.016717   -0.016311
    -0.015883   -0.015443   -0.014994   -0.014541   -0.014071   -0.013574   -0.013071   -0.012552
    -0.012014   -0.011459   -0.010889   -0.010304   -0.009692   -0.009071   -0.008436   -0.007787
    -0.007133   -0.006462   -0.005788   -0.005110   -0.004434   -0.003753   -0.003077   -0.002412
    -0.001747   -0.001096   -0.000459    0.000167    0.000776    0.001366    0.001937    0.002487
     0.003016    0.003522    0.004005    0.004463    0.004897    0.005307    0.005693    0.006053
     0.006389    0.006701    0.006989    0.007255    0.007498    0.007720    0.007921    0.008102
     0.008265    0.008411    0.008540    0.008655    0.008755    0.008843    0.008920    0.008986
     0.009044    0.009092    0.009133    0.009167    0.009194    0.009223    0.009503    0.009503
     0.009503    0.009503    0.009503    0.009503    0.009503    0.009503    0.009503    0.009503
     0.009503
  1.000000  0.000000
     0.111007    0.111007    0.111007    0.111007    0.111007    0.111007    0.111007    0.111007
     0.111007    0.111007    0.111007    0.111007    0.111007    0.111007    0.111007    0.111007
     0.111007    0.111007    0.111007    0.111007    0.111007    0.111007    0.111007    0.111007
     0.111007    0.111007    0.111007    0.111007    0.111007    0.111007    0.111007    0.111007
     0.111007    0.111007    0.111007    0.111007    0.111007    0.111007    0.111007    0.111007
     0.111007    0.111007    0.111007    0.111007    0.111007    0.111007    0.111007    0.111007
     0.111007    0.111007    0.111007    0.111007    0.111007    0.111007    0.111007    0.111007
     0.111007    0.111007    0.111007    0.111007    0.111007    0.111007    0.111007    0.111007
     0.111007    0.111007    0.111007    0.111007    0.111007    0.111007    0.111007    0.111007
     0.111007    0.111007    0.111007    0.111007    0.111007    0.111007    0.111007    0.111007
     0.111007    0.111007    0.111007    0.111007    0.111007    0.111007    0.111007    0.111007
     0.111007    0.111007    0.111007    0.111007    0.111007    0.111007    0.111007    0.111007
     0.111007
 ***************************************************************
  ROW NUMBER           2  SECTION NUMBER            3
           0           0           0  IF_DESIGN etc 
   1.00000   0.00000    0
     0.149500    0.156937    0.164105    0.170839    0.176998    0.182466    0.187166    0.191056
     0.194136    0.196447    0.198069    0.199114    0.199726    0.200069    0.200321    0.200572
     0.200837    0.201113    0.201398    0.201693    0.201995    0.202307    0.202629    0.202961
     0.203306    0.203665    0.204040    0.204434    0.204848    0.205286    0.205749    0.206239
     0.206760    0.207313    0.207901    0.208526    0.209189    0.209892    0.210637    0.211424
     0.212255    0.213131    0.214051    0.215015    0.216024    0.217077    0.218172    0.219309
     0.220487    0.221702    0.222954    0.224240    0.225557    0.226901    0.228271    0.229662
     0.231071    0.232494    0.233928    0.235367    0.236808    0.238247    0.239679    0.241101
     0.242507    0.243895    0.245261    0.246600    0.247909    0.249186    0.250428    0.251633
     0.252799    0.253925    0.255010    0.256056    0.257062    0.258032    0.258967    0.259873
     0.260753    0.261615    0.262466    0.263314    0.264171    0.265048    0.265743    0.266439
     0.267130    0.267811    0.268474    0.269116    0.269734    0.270328    0.270900    0.271456
     0.272000
  1.000000  0.000000
    -0.019333   -0.020606   -0.023406   -0.026353   -0.028448   -0.029190   -0.028561   -0.026898
    -0.024711   -0.022501   -0.020635   -0.019286   -0.018441   -0.017950   -0.017580   -0.016631
    -0.016033   -0.015509   -0.015028   -0.014584   -0.014157   -0.013722   -0.013287   -0.012846
    -0.012397   -0.011944   -0.011479   -0.011003   -0.010518   -0.010018   -0.009502   -0.008970
    -0.008424   -0.007862   -0.007285   -0.006692   -0.006084   -0.005465   -0.004836   -0.004196
    -0.003549   -0.002899   -0.002246   -0.001595   -0.000947   -0.000307    0.000325    0.000945
     0.001549    0.002137    0.002705    0.003252    0.003776    0.004276    0.004749    0.005197
     0.005617    0.006010    0.006375    0.006712    0.007023    0.007307    0.007566    0.007801
     0.008012    0.008202    0.008371    0.008520    0.008652    0.008768    0.008868    0.008955
     0.009029    0.009092    0.009146    0.009191    0.009228    0.009258    0.009282    0.009301
     0.009315    0.009325    0.009331    0.009334    0.009333    0.009319    0.009047    0.009047
     0.009047    0.009047    0.009047    0.009047    0.009047    0.009047    0.009047    0.009047
     0.009047
  1.000000
    -0.019333   -0.020606   -0.023406   -0.026353   -0.028448   -0.029190   -0.028561   -0.026898
    -0.024711   -0.022501   -0.020635   -0.019286   -0.018441   -0.017950   -0.017580   -0.017787
    -0.017656   -0.017458   -0.017219   -0.016950   -0.016654   -0.016333   -0.015985   -0.015605
    -0.015204   -0.014792   -0.014371   -0.013946   -0.013503   -0.013036   -0.012563   -0.012074
    -0.011567   -0.011043   -0.010505   -0.009951   -0.009372   -0.008783   -0.008180   -0.007564
    -0.006943   -0.006304   -0.005663   -0.005016   -0.004371   -0.003721   -0.003075   -0.002439
    -0.001802   -0.001178   -0.000568    0.000033    0.000617    0.001185    0.001733    0.002263
     0.002771    0.003259    0.003724    0.004166    0.004585    0.004980    0.005352    0.005700
     0.006025    0.006326    0.006605    0.006862    0.007098    0.007312    0.007507    0.007683
     0.007840    0.007981    0.008107    0.008218    0.008316    0.008401    0.008476    0.008540
     0.008596    0.008643    0.008683    0.008716    0.008742    0.008771    0.009047    0.009047
     0.009047    0.009047    0.009047    0.009047    0.009047    0.009047    0.009047    0.009047
     0.009047
  1.000000  0.000000
     0.127015    0.127015    0.127015    0.127015    0.127015    0.127015    0.127015    0.127015
     0.127015    0.127015    0.127015    0.127015    0.127015    0.127015    0.127015    0.127015
     0.127015    0.127015    0.127015    0.127015    0.127015    0.127015    0.127015    0.127015
     0.127015    0.127015    0.127015    0.127015    0.127015    0.127015    0.127015    0.127015
     0.127015    0.127015    0.127015    0.127015    0.127015    0.127015    0.127015    0.127015
     0.127015    0.127015    0.127015    0.127015    0.127015    0.127015    0.127015    0.127015
     0.127015    0.127015    0.127015    0.127015    0.127015    0.127015    0.127015    0.127015
     0.127015    0.127015    0.127015    0.127015    0.127015    0.127015    0.127015    0.127015
     0.127015    0.127015    0.127015    0.127015    0.127015    0.127015    0.127015    0.127015
     0.127015    0.127015    0.127015    0.127015    0.127015    0.127015    0.127015    0.127015
     0.127015    0.127015    0.127015    0.127015    0.127015    0.127015    0.127015    0.127015
     0.127015    0.127015    0.127015    0.127015    0.127015    0.127015    0.127015    0.127015
     0.127015
 ***************************************************************
  ROW NUMBER           2  SECTION NUMBER            4
           0           0           0  IF_DESIGN etc 
   1.00000   0.00000    0
     0.149500    0.156960    0.164150    0.170905    0.177082    0.182566    0.187279    0.191179
     0.194266    0.196581    0.198204    0.199249    0.199859    0.200198    0.200446    0.200694
     0.200955    0.201227    0.201508    0.201798    0.202096    0.202403    0.202720    0.203048
     0.203387    0.203741    0.204111    0.204499    0.204907    0.205338    0.205794    0.206277
     0.206790    0.207335    0.207915    0.208530    0.209183    0.209876    0.210610    0.211386
     0.212205    0.213067    0.213973    0.214923    0.215917    0.216954    0.218034    0.219154
     0.220314    0.221512    0.222745    0.224012    0.225309    0.226634    0.227984    0.229354
     0.230742    0.232145    0.233557    0.234975    0.236394    0.237812    0.239223    0.240624
     0.242010    0.243377    0.244722    0.246041    0.247332    0.248590    0.249814    0.251000
     0.252149    0.253258    0.254328    0.255358    0.256349    0.257305    0.258226    0.259118
     0.259986    0.260835    0.261673    0.262509    0.263353    0.264217    0.264902    0.265587
     0.266274    0.266964    0.267660    0.268364    0.269077    0.269798    0.270527    0.271261
     0.272000
  1.000000  0.000000
    -0.019333   -0.020348   -0.022554   -0.024816   -0.026324   -0.026683   -0.025902   -0.024282
    -0.022260   -0.020262   -0.018596   -0.017401   -0.016658   -0.016229   -0.015909   -0.015075
    -0.014544   -0.014077   -0.013650   -0.013257   -0.012880   -0.012495   -0.012110   -0.011718
    -0.011320   -0.010916   -0.010501   -0.010077   -0.009643   -0.009194   -0.008730   -0.008253
    -0.007761   -0.007255   -0.006733   -0.006196   -0.005645   -0.005083   -0.004511   -0.003929
    -0.003339   -0.002745   -0.002149   -0.001553   -0.000960   -0.000373    0.000207    0.000776
     0.001331    0.001871    0.002394    0.002897    0.003379    0.003838    0.004274    0.004686
     0.005072    0.005433    0.005768    0.006078    0.006363    0.006624    0.006861    0.007076
     0.007269    0.007442    0.007596    0.007732    0.007852    0.007957    0.008047    0.008126
     0.008193    0.008250    0.008297    0.008337    0.008370    0.008397    0.008418    0.008434
     0.008447    0.008455    0.008460    0.008462    0.008460    0.008446    0.008181    0.008181
     0.008181    0.008181    0.008181    0.008181    0.008181    0.008181    0.008181    0.008181
     0.008181
  1.000000
    -0.019333   -0.020348   -0.022554   -0.024816   -0.026324   -0.026683   -0.025902   -0.024282
    -0.022260   -0.020262   -0.018596   -0.017401   -0.016658   -0.016229   -0.015909   -0.016124
    -0.016020   -0.015856   -0.015655   -0.015426   -0.015173   -0.014895   -0.014592   -0.014261
    -0.013910   -0.013551   -0.013181   -0.012809   -0.012419   -0.012008   -0.011591   -0.011158
    -0.010709   -0.010244   -0.009765   -0.009270   -0.008754   -0.008227   -0.007685   -0.007133
    -0.006571   -0.005994   -0.005415   -0.004828   -0.004242   -0.003651   -0.003062   -0.002481
    -0.001899   -0.001327   -0.000767   -0.000215    0.000323    0.000846    0.001352    0.001841
     0.002312    0.002764    0.003195    0.003606    0.003995    0.004363    0.004709    0.005033
     0.005336    0.005618    0.005879    0.006119    0.006339    0.006540    0.006723    0.006887
     0.007036    0.007168    0.007286    0.007391    0.007482    0.007563    0.007633    0.007694
     0.007747    0.007791    0.007829    0.007860    0.007885    0.007913    0.008181    0.008181
     0.008181    0.008181    0.008181    0.008181    0.008181    0.008181    0.008181    0.008181
     0.008181
  1.000000  0.000000
     0.159030    0.159030    0.159030    0.159030    0.159030    0.159030    0.159030    0.159030
     0.159030    0.159030    0.159030    0.159030    0.159030    0.159030    0.159030    0.159030
     0.159030    0.159030    0.159030    0.159030    0.159030    0.159030    0.159030    0.159030
     0.159030    0.159030    0.159030    0.159030    0.159030    0.159030    0.159030    0.159030
     0.159030    0.159030    0.159030    0.159030    0.159030    0.159030    0.159030    0.159030
     0.159030    0.159030    0.159030    0.159030    0.159030    0.159030    0.159030    0.159030
     0.159030    0.159030    0.159030    0.159030    0.159030    0.159030    0.159030    0.159030
     0.159030    0.159030    0.159030    0.159030    0.159030    0.159030    0.159030    0.159030
     0.159030    0.159030    0.159030    0.159030    0.159030    0.159030    0.159030    0.159030
     0.159030    0.159030    0.159030    0.159030    0.159030    0.159030    0.159030    0.159030
     0.159030    0.159030    0.159030    0.159030    0.159030    0.159030    0.159030    0.159030
     0.159030    0.159030    0.159030    0.159030    0.159030    0.159030    0.159030    0.159030
     0.159030
 ***************************************************************
  ROW NUMBER           2  SECTION NUMBER            5
           0           0           0  IF_DESIGN etc 
   1.00000   0.00000    0
     0.149500    0.157005    0.164238    0.171032    0.177245    0.182760    0.187497    0.191417
     0.194518    0.196842    0.198469    0.199513    0.200119    0.200453    0.200695    0.200937
     0.201192    0.201457    0.201732    0.202015    0.202306    0.202606    0.202915    0.203235
     0.203567    0.203912    0.204273    0.204651    0.205050    0.205470    0.205915    0.206387
     0.206888    0.207420    0.207986    0.208587    0.209224    0.209901    0.210617    0.211374
     0.212173    0.213015    0.213900    0.214827    0.215798    0.216810    0.217863    0.218957
     0.220089    0.221258    0.222462    0.223699    0.224965    0.226258    0.227576    0.228914
     0.230269    0.231637    0.233016    0.234400    0.235786    0.237170    0.238547    0.239914
     0.241267    0.242602    0.243915    0.245203    0.246462    0.247690    0.248885    0.250043
     0.251165    0.252247    0.253291    0.254297    0.255265    0.256197    0.257097    0.257967
     0.258814    0.259643    0.260461    0.261277    0.262101    0.262945    0.263614    0.264282
     0.264960    0.265665    0.266411    0.267210    0.268068    0.268984    0.269952    0.270963
     0.272000
  1.000000  0.000000
    -0.019333   -0.019978   -0.021326   -0.022598   -0.023251   -0.023047   -0.022031   -0.020452
    -0.018649   -0.016940   -0.015548   -0.014565   -0.013961   -0.013618   -0.013364   -0.012695
    -0.012257   -0.011869   -0.011516   -0.011193   -0.010884   -0.010570   -0.010256   -0.009934
    -0.009608   -0.009275   -0.008932   -0.008583   -0.008222   -0.007849   -0.007463   -0.007065
    -0.006654   -0.006229   -0.005791   -0.005339   -0.004875   -0.004398   -0.003913   -0.003420
    -0.002919   -0.002412   -0.001904   -0.001395   -0.000888   -0.000384    0.000113    0.000601
     0.001078    0.001542    0.001991    0.002424    0.002838    0.003233    0.003607    0.003960
     0.004292    0.004601    0.004888    0.005153    0.005396    0.005617    0.005819    0.006001
     0.006164    0.006310    0.006439    0.006553    0.006653    0.006739    0.006814    0.006879
     0.006933    0.006979    0.007018    0.007050    0.007076    0.007097    0.007113    0.007125
     0.007134    0.007140    0.007143    0.007143    0.007140    0.007126    0.006871    0.006871
     0.006871    0.006871    0.006871    0.006871    0.006871    0.006871    0.006871    0.006871
     0.006871
  1.000000
    -0.019333   -0.019978   -0.021326   -0.022598   -0.023251   -0.023047   -0.022031   -0.020452
    -0.018649   -0.016940   -0.015548   -0.014565   -0.013961   -0.013618   -0.013364   -0.013605
    -0.013540   -0.013424   -0.013274   -0.013100   -0.012904   -0.012687   -0.012446   -0.012182
    -0.011903   -0.011617   -0.011322   -0.011024   -0.010709   -0.010378   -0.010041   -0.009691
    -0.009326   -0.008947   -0.008556   -0.008148   -0.007724   -0.007289   -0.006841   -0.006383
    -0.005914   -0.005433   -0.004947   -0.004455   -0.003959   -0.003460   -0.002961   -0.002467
    -0.001970   -0.001481   -0.001002   -0.000526   -0.000063    0.000388    0.000827    0.001251
     0.001660    0.002054    0.002431    0.002790    0.003131    0.003455    0.003759    0.004045
     0.004313    0.004562    0.004793    0.005006    0.005202    0.005381    0.005544    0.005691
     0.005823    0.005942    0.006047    0.006141    0.006224    0.006296    0.006360    0.006414
     0.006462    0.006502    0.006537    0.006565    0.006588    0.006614    0.006871    0.006871
     0.006871    0.006871    0.006871    0.006871    0.006871    0.006871    0.006871    0.006871
     0.006871
  1.000000  0.000000
     0.223060    0.223060    0.223060    0.223060    0.223060    0.223060    0.223060    0.223060
     0.223060    0.223060    0.223060    0.223060    0.223060    0.223060    0.223060    0.223060
     0.223060    0.223060    0.223060    0.223060    0.223060    0.223060    0.223060    0.223060
     0.223060    0.223060    0.223060    0.223060    0.223060    0.223060    0.223060    0.223060
     0.223060    0.223060    0.223060    0.223060    0.223060    0.223060    0.223060    0.223060
     0.223060    0.223060    0.223060    0.223060    0.223060    0.223060    0.223060    0.223060
     0.223060    0.223060    0.223060    0.223060    0.223060    0.223060    0.223060    0.223060
     0.223060    0.223060    0.223060    0.223060    0.223060    0.223060    0.223060    0.223060
     0.223060    0.223060    0.223060    0.223060    0.223060    0.223060    0.223060    0.223060
     0.223060    0.223060    0.223060    0.223060    0.223060    0.223060    0.223060    0.223060
     0.223060    0.223060    0.223060    0.223060    0.223060    0.223060    0.223060    0.223060
     0.223060    0.223060    0.223060    0.223060    0.223060    0.223060    0.223060    0.223060
     0.223060
 ***************************************************************
  ROW NUMBER           2  SECTION NUMBER            6
           0           0           0  IF_DESIGN etc 
   1.00000   0.00000    0
     0.149500    0.157026    0.164280    0.171094    0.177323    0.182853    0.187603    0.191533
     0.194641    0.196969    0.198598    0.199643    0.200248    0.200580    0.200820    0.201059
     0.201311    0.201574    0.201846    0.202126    0.202415    0.202712    0.203018    0.203335
     0.203663    0.204005    0.204362    0.204737    0.205132    0.205548    0.205989    0.206456
     0.206952    0.207479    0.208039    0.208634    0.209266    0.209936    0.210645    0.211395
     0.212186    0.213020    0.213896    0.214815    0.215775    0.216778    0.217821    0.218904
     0.220026    0.221184    0.222376    0.223600    0.224854    0.226135    0.227440    0.228765
     0.230107    0.231462    0.232827    0.234198    0.235570    0.236941    0.238305    0.239659
     0.240998    0.242320    0.243621    0.244896    0.246143    0.247359    0.248542    0.249690
     0.250800    0.251872    0.252906    0.253902    0.254860    0.255784    0.256675    0.257537
     0.258376    0.259196    0.260007    0.260815    0.261631    0.262466    0.263128    0.263791
     0.264465    0.265175    0.265940    0.266775    0.267687    0.268677    0.269736    0.270850
     0.272000
  1.000000  0.000000
    -0.019333   -0.019851   -0.020905   -0.021836   -0.022192   -0.021789   -0.020685   -0.019113
    -0.017378   -0.015762   -0.014458   -0.013542   -0.012983   -0.012667   -0.012435   -0.011805
    -0.011397   -0.011036   -0.010707   -0.010406   -0.010119   -0.009829   -0.009538   -0.009240
    -0.008939   -0.008630   -0.008312   -0.007988   -0.007653   -0.007307   -0.006948   -0.006579
    -0.006197   -0.005802   -0.005394   -0.004973   -0.004540   -0.004096   -0.003643   -0.003183
    -0.002715   -0.002242   -0.001768   -0.001291   -0.000817   -0.000346    0.000119    0.000575
     0.001021    0.001455    0.001876    0.002280    0.002668    0.003037    0.003387    0.003717
     0.004026    0.004314    0.004582    0.004828    0.005054    0.005260    0.005447    0.005615
     0.005766    0.005901    0.006020    0.006125    0.006216    0.006296    0.006364    0.006423
     0.006472    0.006514    0.006549    0.006577    0.006600    0.006619    0.006633    0.006643
     0.006651    0.006655    0.006657    0.006657    0.006654    0.006640    0.006389    0.006389
     0.006389    0.006389    0.006389    0.006389    0.006389    0.006389    0.006389    0.006389
     0.006389
  1.000000
    -0.019333   -0.019851   -0.020905   -0.021836   -0.022192   -0.021789   -0.020685   -0.019113
    -0.017378   -0.015762   -0.014458   -0.013542   -0.012983   -0.012667   -0.012435   -0.012675
    -0.012624   -0.012522   -0.012390   -0.012233   -0.012056   -0.011859   -0.011638   -0.011396
    -0.011140   -0.010879   -0.010609   -0.010335   -0.010046   -0.009744   -0.009433   -0.009112
    -0.008776   -0.008428   -0.008068   -0.007692   -0.007301   -0.006899   -0.006485   -0.006062
    -0.005627   -0.005182   -0.004731   -0.004275   -0.003814   -0.003350   -0.002885   -0.002424
    -0.001961   -0.001504   -0.001056   -0.000611   -0.000177    0.000246    0.000657    0.001056
     0.001441    0.001812    0.002167    0.002505    0.002827    0.003133    0.003421    0.003691
     0.003945    0.004181    0.004400    0.004602    0.004788    0.004958    0.005113    0.005253
     0.005379    0.005492    0.005593    0.005682    0.005761    0.005830    0.005891    0.005943
     0.005989    0.006027    0.006061    0.006088    0.006110    0.006135    0.006389    0.006389
     0.006389    0.006389    0.006389    0.006389    0.006389    0.006389    0.006389    0.006389
     0.006389
  1.000000  0.000000
     0.255075    0.255075    0.255075    0.255075    0.255075    0.255075    0.255075    0.255075
     0.255075    0.255075    0.255075    0.255075    0.255075    0.255075    0.255075    0.255075
     0.255075    0.255075    0.255075    0.255075    0.255075    0.255075    0.255075    0.255075
     0.255075    0.255075    0.255075    0.255075    0.255075    0.255075    0.255075    0.255075
     0.255075    0.255075    0.255075    0.255075    0.255075    0.255075    0.255075    0.255075
     0.255075    0.255075    0.255075    0.255075    0.255075    0.255075    0.255075    0.255075
     0.255075    0.255075    0.255075    0.255075    0.255075    0.255075    0.255075    0.255075
     0.255075    0.255075    0.255075    0.255075    0.255075    0.255075    0.255075    0.255075
     0.255075    0.255075    0.255075    0.255075    0.255075    0.255075    0.255075    0.255075
     0.255075    0.255075    0.255075    0.255075    0.255075    0.255075    0.255075    0.255075
     0.255075    0.255075    0.255075    0.255075    0.255075    0.255075    0.255075    0.255075
     0.255075    0.255075    0.255075    0.255075    0.255075    0.255075    0.255075    0.255075
     0.255075
 ***************************************************************
  ROW NUMBER           2  SECTION NUMBER            7
           0           0           0  IF_DESIGN etc 
   1.00000   0.00000    0
     0.149500    0.157048    0.164321    0.171154    0.177401    0.182946    0.187708    0.191647
     0.194762    0.197095    0.198727    0.199772    0.200376    0.200706    0.200944    0.201181
     0.201431    0.201691    0.201961    0.202238    0.202524    0.202819    0.203122    0.203436
     0.203761    0.204100    0.204454    0.204826    0.205217    0.205630    0.206067    0.206530
     0.207021    0.207544    0.208099    0.208688    0.209314    0.209978    0.210681    0.211424
     0.212208    0.213034    0.213903    0.214813    0.215765    0.216759    0.217793    0.218866
     0.219977    0.221125    0.222306    0.223520    0.224762    0.226032    0.227324    0.228637
     0.229967    0.231311    0.232663    0.234022    0.235382    0.236740    0.238092    0.239434
     0.240761    0.242071    0.243360    0.244624    0.245860    0.247065    0.248237    0.249375
     0.250475    0.251537    0.252562    0.253549    0.254499    0.255414    0.256297    0.257151
     0.257982    0.258796    0.259599    0.260400    0.261208    0.262036    0.262693    0.263349
     0.264020    0.264734    0.265516    0.266383    0.267345    0.268400    0.269541    0.270749
     0.272000
  1.000000  0.000000
    -0.019333   -0.019742   -0.020542   -0.021178   -0.021278   -0.020703   -0.019523   -0.017956
    -0.016279   -0.014741   -0.013512   -0.012655   -0.012134   -0.011841   -0.011627   -0.011015
    -0.010632   -0.010294   -0.009986   -0.009703   -0.009435   -0.009165   -0.008895   -0.008618
    -0.008337   -0.008049   -0.007753   -0.007451   -0.007139   -0.006816   -0.006481   -0.006137
    -0.005780   -0.005411   -0.005029   -0.004636   -0.004231   -0.003816   -0.003391   -0.002960
    -0.002522   -0.002079   -0.001634   -0.001187   -0.000743   -0.000301    0.000135    0.000563
     0.000981    0.001389    0.001783    0.002162    0.002526    0.002871    0.003199    0.003507
     0.003797    0.004066    0.004316    0.004546    0.004756    0.004948    0.005121    0.005278
     0.005417    0.005542    0.005652    0.005748    0.005832    0.005905    0.005967    0.006021
     0.006066    0.006103    0.006134    0.006160    0.006180    0.006196    0.006209    0.006218
     0.006224    0.006227    0.006229    0.006228    0.006224    0.006210    0.005962    0.005962
     0.005962    0.005962    0.005962    0.005962    0.005962    0.005962    0.005962    0.005962
     0.005962
  1.000000
    -0.019333   -0.019742   -0.020542   -0.021178   -0.021278   -0.020703   -0.019523   -0.017956
    -0.016279   -0.014741   -0.013512   -0.012655   -0.012134   -0.011841   -0.011627   -0.011851
    -0.011812   -0.011723   -0.011605   -0.011464   -0.011303   -0.011122   -0.010919   -0.010695
    -0.010460   -0.010219   -0.009971   -0.009717   -0.009452   -0.009174   -0.008887   -0.008590
    -0.008280   -0.007958   -0.007625   -0.007277   -0.006915   -0.006543   -0.006159   -0.005766
    -0.005362   -0.004948   -0.004529   -0.004104   -0.003674   -0.003241   -0.002807   -0.002376
    -0.001943   -0.001515   -0.001095   -0.000678   -0.000270    0.000127    0.000515    0.000890
     0.001253    0.001603    0.001938    0.002258    0.002563    0.002852    0.003125    0.003381
     0.003622    0.003846    0.004054    0.004247    0.004424    0.004586    0.004733    0.004867
     0.004987    0.005095    0.005192    0.005277    0.005353    0.005419    0.005477    0.005527
     0.005571    0.005608    0.005640    0.005666    0.005687    0.005712    0.005962    0.005962
     0.005962    0.005962    0.005962    0.005962    0.005962    0.005962    0.005962    0.005962
     0.005962
  1.000000  0.000000
     0.287090    0.287090    0.287090    0.287090    0.287090    0.287090    0.287090    0.287090
     0.287090    0.287090    0.287090    0.287090    0.287090    0.287090    0.287090    0.287090
     0.287090    0.287090    0.287090    0.287090    0.287090    0.287090    0.287090    0.287090
     0.287090    0.287090    0.287090    0.287090    0.287090    0.287090    0.287090    0.287090
     0.287090    0.287090    0.287090    0.287090    0.287090    0.287090    0.287090    0.287090
     0.287090    0.287090    0.287090    0.287090    0.287090    0.287090    0.287090    0.287090
     0.287090    0.287090    0.287090    0.287090    0.287090    0.287090    0.287090    0.287090
     0.287090    0.287090    0.287090    0.287090    0.287090    0.287090    0.287090    0.287090
     0.287090    0.287090    0.287090    0.287090    0.287090    0.287090    0.287090    0.287090
     0.287090    0.287090    0.287090    0.287090    0.287090    0.287090    0.287090    0.287090
     0.287090    0.287090    0.287090    0.287090    0.287090    0.287090    0.287090    0.287090
     0.287090    0.287090    0.287090    0.287090    0.287090    0.287090    0.287090    0.287090
     0.287090
 ***************************************************************
  ROW NUMBER           2  SECTION NUMBER            8
           0           0           0  IF_DESIGN etc 
   1.00000   0.00000    0
     0.149500    0.157089    0.164403    0.171274    0.177554    0.183128    0.187915    0.191873
     0.195003    0.197345    0.198981    0.200027    0.200629    0.200956    0.201190    0.201423
     0.201669    0.201925    0.202190    0.202463    0.202744    0.203033    0.203331    0.203640
     0.203960    0.204293    0.204641    0.205007    0.205391    0.205797    0.206226    0.206682
     0.207165    0.207678    0.208224    0.208804    0.209419    0.210071    0.210762    0.211493
     0.212264    0.213076    0.213930    0.214825    0.215761    0.216738    0.217754    0.218810
     0.219902    0.221030    0.222192    0.223385    0.224607    0.225855    0.227126    0.228416
     0.229724    0.231045    0.232374    0.233710    0.235047    0.236382    0.237711    0.239030
     0.240336    0.241624    0.242891    0.244133    0.245348    0.246533    0.247686    0.248804
     0.249885    0.250930    0.251937    0.252908    0.253841    0.254741    0.255609    0.256449
     0.257266    0.258066    0.258856    0.259643    0.260438    0.261252    0.261897    0.262542
     0.263207    0.263930    0.264742    0.265668    0.266719    0.267895    0.269184    0.270563
     0.272000
  1.000000  0.000000
    -0.019333   -0.019548   -0.019897   -0.020009   -0.019656   -0.018777   -0.017465   -0.015910
    -0.014338   -0.012943   -0.011850   -0.011099   -0.010646   -0.010395   -0.010212   -0.009617
    -0.009279   -0.008980   -0.008708   -0.008460   -0.008226   -0.007993   -0.007758   -0.007517
    -0.007274   -0.007024   -0.006766   -0.006503   -0.006231   -0.005949   -0.005657   -0.005356
    -0.005043   -0.004720   -0.004385   -0.004040   -0.003685   -0.003320   -0.002946   -0.002567
    -0.002181   -0.001789   -0.001397   -0.001003   -0.000611   -0.000221    0.000165    0.000542
     0.000912    0.001272    0.001620    0.001954    0.002274    0.002579    0.002867    0.003138
     0.003392    0.003627    0.003846    0.004046    0.004229    0.004395    0.004545    0.004680
     0.004800    0.004907    0.005000    0.005082    0.005152    0.005213    0.005265    0.005309
     0.005346    0.005376    0.005401    0.005421    0.005437    0.005449    0.005458    0.005465
     0.005469    0.005470    0.005470    0.005468    0.005464    0.005449    0.005208    0.005208
     0.005208    0.005208    0.005208    0.005208    0.005208    0.005208    0.005208    0.005208
     0.005208
  1.000000
    -0.019333   -0.019548   -0.019897   -0.020009   -0.019656   -0.018777   -0.017465   -0.015910
    -0.014338   -0.012943   -0.011850   -0.011099   -0.010646   -0.010395   -0.010212   -0.010392
    -0.010372   -0.010307   -0.010215   -0.010103   -0.009971   -0.009820   -0.009647   -0.009457
    -0.009258   -0.009055   -0.008844   -0.008627   -0.008403   -0.008169   -0.007923   -0.007669
    -0.007405   -0.007129   -0.006843   -0.006546   -0.006235   -0.005914   -0.005583   -0.005243
    -0.004895   -0.004536   -0.004171   -0.003801   -0.003428   -0.003048   -0.002669   -0.002289
    -0.001910   -0.001533   -0.001161   -0.000794   -0.000433   -0.000080    0.000264    0.000598
     0.000922    0.001235    0.001535    0.001822    0.002096    0.002356    0.002602    0.002834
     0.003052    0.003255    0.003444    0.003619    0.003780    0.003928    0.004063    0.004185
     0.004295    0.004394    0.004482    0.004561    0.004630    0.004691    0.004745    0.004791
     0.004832    0.004866    0.004896    0.004920    0.004940    0.004964    0.005208    0.005208
     0.005208    0.005208    0.005208    0.005208    0.005208    0.005208    0.005208    0.005208
     0.005208
  1.000000  0.000000
     0.351120    0.351120    0.351120    0.351120    0.351120    0.351120    0.351120    0.351120
     0.351120    0.351120    0.351120    0.351120    0.351120    0.351120    0.351120    0.351120
     0.351120    0.351120    0.351120    0.351120    0.351120    0.351120    0.351120    0.351120
     0.351120    0.351120    0.351120    0.351120    0.351120    0.351120    0.351120    0.351120
     0.351120    0.351120    0.351120    0.351120    0.351120    0.351120    0.351120    0.351120
     0.351120    0.351120    0.351120    0.351120    0.351120    0.351120    0.351120    0.351120
     0.351120    0.351120    0.351120    0.351120    0.351120    0.351120    0.351120    0.351120
     0.351120    0.351120    0.351120    0.351120    0.351120    0.351120    0.351120    0.351120
     0.351120    0.351120    0.351120    0.351120    0.351120    0.351120    0.351120    0.351120
     0.351120    0.351120    0.351120    0.351120    0.351120    0.351120    0.351120    0.351120
     0.351120    0.351120    0.351120    0.351120    0.351120    0.351120    0.351120    0.351120
     0.351120    0.351120    0.351120    0.351120    0.351120    0.351120    0.351120    0.351120
     0.351120
 ***************************************************************
  ROW NUMBER           2  SECTION NUMBER            9
           0           0           0  IF_DESIGN etc 
   1.00000   0.00000    0
     0.149500    0.157110    0.164444    0.171332    0.177629    0.183218    0.188017    0.191984
     0.195121    0.197467    0.199106    0.200153    0.200754    0.201080    0.201311    0.201543
     0.201787    0.202041    0.202304    0.202575    0.202853    0.203141    0.203437    0.203743
     0.204060    0.204391    0.204736    0.205099    0.205480    0.205883    0.206309    0.206761
     0.207241    0.207750    0.208292    0.208867    0.209477    0.210125    0.210810    0.211535
     0.212301    0.213107    0.213954    0.214842    0.215771    0.216740    0.217749    0.218796
     0.219880    0.220999    0.222152    0.223336    0.224548    0.225786    0.227048    0.228329
     0.229626    0.230936    0.232256    0.233581    0.234908    0.236233    0.237552    0.238861
     0.240156    0.241434    0.242691    0.243924    0.245130    0.246306    0.247450    0.248559
     0.249632    0.250669    0.251668    0.252631    0.253558    0.254450    0.255312    0.256146
     0.256956    0.257750    0.258533    0.259314    0.260103    0.260911    0.261551    0.262192
     0.262854    0.263580    0.264405    0.265356    0.266446    0.267675    0.269029    0.270483
     0.272000
  1.000000  0.000000
    -0.019333   -0.019467   -0.019629   -0.019525   -0.018983   -0.017977   -0.016608   -0.015057
    -0.013526   -0.012189   -0.011151   -0.010442   -0.010017   -0.009783   -0.009613   -0.009038
    -0.008717   -0.008434   -0.008177   -0.007943   -0.007723   -0.007505   -0.007284   -0.007058
    -0.006830   -0.006595   -0.006353   -0.006106   -0.005850   -0.005584   -0.005310   -0.005027
    -0.004732   -0.004427   -0.004112   -0.003787   -0.003452   -0.003107   -0.002755   -0.002397
    -0.002032   -0.001663   -0.001292   -0.000920   -0.000549   -0.000181    0.000183    0.000540
     0.000889    0.001229    0.001558    0.001873    0.002175    0.002462    0.002734    0.002989
     0.003228    0.003449    0.003654    0.003842    0.004014    0.004169    0.004309    0.004435
     0.004547    0.004645    0.004732    0.004807    0.004872    0.004928    0.004976    0.005016
     0.005049    0.005076    0.005098    0.005116    0.005130    0.005141    0.005148    0.005153
     0.005156    0.005157    0.005156    0.005154    0.005150    0.005135    0.004896    0.004896
     0.004896    0.004896    0.004896    0.004896    0.004896    0.004896    0.004896    0.004896
     0.004896
  1.000000
    -0.019333   -0.019467   -0.019629   -0.019525   -0.018983   -0.017977   -0.016608   -0.015057
    -0.013526   -0.012189   -0.011151   -0.010442   -0.010017   -0.009783   -0.009613   -0.009789
    -0.009776   -0.009720   -0.009639   -0.009538   -0.009419   -0.009279   -0.009119   -0.008943
    -0.008758   -0.008570   -0.008375   -0.008173   -0.007966   -0.007749   -0.007520   -0.007284
    -0.007038   -0.006781   -0.006514   -0.006238   -0.005947   -0.005648   -0.005339   -0.005020
    -0.004695   -0.004358   -0.004016   -0.003669   -0.003319   -0.002962   -0.002605   -0.002248
    -0.001890   -0.001535   -0.001183   -0.000837   -0.000496   -0.000161    0.000165    0.000482
     0.000789    0.001086    0.001371    0.001645    0.001906    0.002154    0.002389    0.002610
     0.002818    0.003013    0.003193    0.003361    0.003516    0.003657    0.003786    0.003903
     0.004009    0.004104    0.004189    0.004265    0.004332    0.004391    0.004442    0.004487
     0.004526    0.004560    0.004588    0.004612    0.004631    0.004655    0.004896    0.004896
     0.004896    0.004896    0.004896    0.004896    0.004896    0.004896    0.004896    0.004896
     0.004896
  1.000000  0.000000
     0.383135    0.383135    0.383135    0.383135    0.383135    0.383135    0.383135    0.383135
     0.383135    0.383135    0.383135    0.383135    0.383135    0.383135    0.383135    0.383135
     0.383135    0.383135    0.383135    0.383135    0.383135    0.383135    0.383135    0.383135
     0.383135    0.383135    0.383135    0.383135    0.383135    0.383135    0.383135    0.383135
     0.383135    0.383135    0.383135    0.383135    0.383135    0.383135    0.383135    0.383135
     0.383135    0.383135    0.383135    0.383135    0.383135    0.383135    0.383135    0.383135
     0.383135    0.383135    0.383135    0.383135    0.383135    0.383135    0.383135    0.383135
     0.383135    0.383135    0.383135    0.383135    0.383135    0.383135    0.383135    0.383135
     0.383135    0.383135    0.383135    0.383135    0.383135    0.383135    0.383135    0.383135
     0.383135    0.383135    0.383135    0.383135    0.383135    0.383135    0.383135    0.383135
     0.383135    0.383135    0.383135    0.383135    0.383135    0.383135    0.383135    0.383135
     0.383135    0.383135    0.383135    0.383135    0.383135    0.383135    0.383135    0.383135
     0.383135
 ***************************************************************
  ROW NUMBER           2  SECTION NUMBER            10
           0           0           0  IF_DESIGN etc 
   1.00000   0.00000    0
     0.149500    0.157120    0.164463    0.171361    0.177666    0.183262    0.188067    0.192039
     0.195179    0.197528    0.199168    0.200215    0.200816    0.201141    0.201372    0.201603
     0.201846    0.202099    0.202361    0.202631    0.202908    0.203195    0.203490    0.203795
     0.204111    0.204440    0.204785    0.205146    0.205526    0.205927    0.206352    0.206802
     0.207280    0.207787    0.208327    0.208900    0.209508    0.210153    0.210837    0.211559
     0.212321    0.213124    0.213968    0.214853    0.215779    0.216745    0.217750    0.218793
     0.219873    0.220988    0.222137    0.223316    0.224524    0.225758    0.227015    0.228291
     0.229584    0.230890    0.232204    0.233525    0.234847    0.236167    0.237481    0.238785
     0.240076    0.241349    0.242602    0.243830    0.245032    0.246203    0.247343    0.248448
     0.249518    0.250551    0.251546    0.252506    0.253429    0.254319    0.255177    0.256008
     0.256815    0.257606    0.258386    0.259165    0.259951    0.260756    0.261394    0.262031
     0.262692    0.263420    0.264251    0.265214    0.266322    0.267574    0.268958    0.270446
     0.272000
  1.000000  0.000000
    -0.019333   -0.019432   -0.019513   -0.019313   -0.018688   -0.017626   -0.016231   -0.014680
    -0.013166   -0.011852   -0.010838   -0.010147   -0.009734   -0.009506   -0.009342   -0.008781
    -0.008467   -0.008191   -0.007940   -0.007711   -0.007497   -0.007285   -0.007071   -0.006852
    -0.006630   -0.006401   -0.006166   -0.005926   -0.005677   -0.005418   -0.005152   -0.004876
    -0.004590   -0.004293   -0.003986   -0.003670   -0.003343   -0.003008   -0.002665   -0.002316
    -0.001962   -0.001602   -0.001241   -0.000878   -0.000518   -0.000159    0.000196    0.000543
     0.000883    0.001214    0.001534    0.001841    0.002135    0.002414    0.002678    0.002926
     0.003157    0.003373    0.003572    0.003754    0.003920    0.004071    0.004206    0.004327
     0.004435    0.004531    0.004614    0.004686    0.004749    0.004802    0.004848    0.004886
     0.004918    0.004944    0.004965    0.004982    0.004995    0.005004    0.005011    0.005016
     0.005018    0.005019    0.005018    0.005015    0.005011    0.004996    0.004758    0.004758
     0.004758    0.004758    0.004758    0.004758    0.004758    0.004758    0.004758    0.004758
     0.004758
  1.000000
    -0.019333   -0.019432   -0.019513   -0.019313   -0.018688   -0.017626   -0.016231   -0.014680
    -0.013166   -0.011852   -0.010838   -0.010147   -0.009734   -0.009506   -0.009342   -0.009522
    -0.009512   -0.009460   -0.009384   -0.009288   -0.009173   -0.009039   -0.008884   -0.008714
    -0.008535   -0.008353   -0.008165   -0.007969   -0.007770   -0.007559   -0.007338   -0.007109
    -0.006872   -0.006623   -0.006364   -0.006097   -0.005816   -0.005525   -0.005226   -0.004917
    -0.004602   -0.004275   -0.003943   -0.003606   -0.003266   -0.002919   -0.002573   -0.002225
    -0.001877   -0.001532   -0.001190   -0.000852   -0.000520   -0.000194    0.000124    0.000433
     0.000733    0.001023    0.001301    0.001568    0.001823    0.002066    0.002296    0.002512
     0.002716    0.002906    0.003084    0.003248    0.003399    0.003538    0.003665    0.003780
     0.003883    0.003977    0.004060    0.004135    0.004200    0.004258    0.004309    0.004353
     0.004391    0.004424    0.004452    0.004476    0.004495    0.004518    0.004758    0.004758
     0.004758    0.004758    0.004758    0.004758    0.004758    0.004758    0.004758    0.004758
     0.004758
  1.000000  0.000000
     0.399142    0.399142    0.399142    0.399142    0.399142    0.399142    0.399142    0.399142
     0.399142    0.399142    0.399142    0.399142    0.399142    0.399142    0.399142    0.399142
     0.399142    0.399142    0.399142    0.399142    0.399142    0.399142    0.399142    0.399142
     0.399142    0.399142    0.399142    0.399142    0.399142    0.399142    0.399142    0.399142
     0.399142    0.399142    0.399142    0.399142    0.399142    0.399142    0.399142    0.399142
     0.399142    0.399142    0.399142    0.399142    0.399142    0.399142    0.399142    0.399142
     0.399142    0.399142    0.399142    0.399142    0.399142    0.399142    0.399142    0.399142
     0.399142    0.399142    0.399142    0.399142    0.399142    0.399142    0.399142    0.399142
     0.399142    0.399142    0.399142    0.399142    0.399142    0.399142    0.399142    0.399142
     0.399142    0.399142    0.399142    0.399142    0.399142    0.399142    0.399142    0.399142
     0.399142    0.399142    0.399142    0.399142    0.399142    0.399142    0.399142    0.399142
     0.399142    0.399142    0.399142    0.399142    0.399142    0.399143    0.399143    0.399142
     0.399142
 ***************************************************************
  ROW NUMBER           2  SECTION NUMBER            11
           0           0           0  IF_DESIGN etc 
   1.00000   0.00000    0
     0.149500    0.157130    0.164483    0.171390    0.177703    0.183306    0.188117    0.192094
     0.195238    0.197589    0.199230    0.200277    0.200878    0.201202    0.201432    0.201663
     0.201905    0.202157    0.202418    0.202687    0.202964    0.203249    0.203543    0.203846
     0.204162    0.204490    0.204833    0.205193    0.205572    0.205971    0.206394    0.206843
     0.207319    0.207825    0.208363    0.208934    0.209540    0.210183    0.210863    0.211583
     0.212343    0.213143    0.213984    0.214866    0.215788    0.216750    0.217752    0.218791
     0.219868    0.220979    0.222123    0.223299    0.224502    0.225732    0.226984    0.228256
     0.229544    0.230845    0.232155    0.233471    0.234788    0.236104    0.237413    0.238713
     0.239999    0.241267    0.242516    0.243740    0.244937    0.246104    0.247240    0.248341
     0.249407    0.250436    0.251428    0.252384    0.253304    0.254191    0.255046    0.255874
     0.256678    0.257466    0.258244    0.259020    0.259803    0.260605    0.261240    0.261876
     0.262536    0.263265    0.264102    0.265076    0.266201    0.267477    0.268889    0.270410
     0.272000
  1.000000  0.000000
    -0.019333   -0.019398   -0.019401   -0.019111   -0.018406   -0.017289   -0.015869   -0.014317
    -0.012819   -0.011528   -0.010535   -0.009861   -0.009459   -0.009237   -0.009078   -0.008533
    -0.008226   -0.007956   -0.007711   -0.007488   -0.007279   -0.007073   -0.006865   -0.006651
    -0.006435   -0.006213   -0.005985   -0.005751   -0.005508   -0.005257   -0.004998   -0.004729
    -0.004450   -0.004162   -0.003863   -0.003555   -0.003237   -0.002911   -0.002577   -0.002237
    -0.001891   -0.001541   -0.001190   -0.000837   -0.000485   -0.000136    0.000209    0.000548
     0.000879    0.001201    0.001512    0.001811    0.002097    0.002368    0.002625    0.002866
     0.003091    0.003300    0.003493    0.003670    0.003831    0.003976    0.004107    0.004225
     0.004329    0.004421    0.004501    0.004570    0.004630    0.004682    0.004725    0.004762
     0.004792    0.004816    0.004836    0.004852    0.004864    0.004873    0.004879    0.004883
     0.004885    0.004886    0.004884    0.004881    0.004877    0.004862    0.004625    0.004625
     0.004625    0.004625    0.004625    0.004625    0.004625    0.004625    0.004625    0.004625
     0.004625
  1.000000
    -0.019333   -0.019398   -0.019401   -0.019111   -0.018406   -0.017289   -0.015869   -0.014317
    -0.012819   -0.011528   -0.010535   -0.009861   -0.009459   -0.009237   -0.009078   -0.009264
    -0.009258   -0.009210   -0.009138   -0.009046   -0.008936   -0.008807   -0.008657   -0.008492
    -0.008319   -0.008143   -0.007961   -0.007772   -0.007579   -0.007375   -0.007161   -0.006940
    -0.006710   -0.006469   -0.006219   -0.005960   -0.005687   -0.005406   -0.005116   -0.004816
    -0.004510   -0.004193   -0.003871   -0.003544   -0.003214   -0.002877   -0.002540   -0.002202
    -0.001864   -0.001528   -0.001195   -0.000866   -0.000542   -0.000225    0.000085    0.000387
     0.000680    0.000963    0.001235    0.001495    0.001745    0.001982    0.002207    0.002419
     0.002618    0.002804    0.002978    0.003139    0.003287    0.003423    0.003548    0.003661
     0.003762    0.003854    0.003936    0.004009    0.004074    0.004130    0.004180    0.004224
     0.004262    0.004294    0.004322    0.004345    0.004364    0.004387    0.004625    0.004625
     0.004625    0.004625    0.004625    0.004625    0.004625    0.004625    0.004625    0.004625
     0.004625
  1.000000  0.000000
     0.415150    0.415150    0.415150    0.415150    0.415150    0.415150    0.415150    0.415150
     0.415150    0.415150    0.415150    0.415150    0.415150    0.415150    0.415150    0.415150
     0.415150    0.415150    0.415150    0.415150    0.415150    0.415150    0.415150    0.415150
     0.415150    0.415150    0.415150    0.415150    0.415150    0.415150    0.415150    0.415150
     0.415150    0.415150    0.415150    0.415150    0.415150    0.415150    0.415150    0.415150
     0.415150    0.415150    0.415150    0.415150    0.415150    0.415150    0.415150    0.415150
     0.415150    0.415150    0.415150    0.415150    0.415150    0.415150    0.415150    0.415150
     0.415150    0.415150    0.415150    0.415150    0.415150    0.415150    0.415150    0.415150
     0.415150    0.415150    0.415150    0.415150    0.415150    0.415150    0.415150    0.415150
     0.415150    0.415150    0.415150    0.415150    0.415150    0.415150    0.415150    0.415150
     0.415150    0.415150    0.415150    0.415150    0.415150    0.415150    0.415150    0.415150
     0.415150    0.415150    0.415150    0.415150    0.415150    0.415150    0.415150    0.415150
     0.415150
 ***************************************************************
 ************STARTING THE INPUT FOR EACH BLADE ROW**************
  BLADE ROW NUMBER =        3                                           
    NUMBER OF BLADES IN ROW 
        29
        JM        JLE       JTE 
        97        15        87
      KTIPSTART  KTIPEND 
         17         21
  FRACTIP1,     FRACTIP2 
  0.00805925       0.00805925
  FTHICK(K) 
1.000000 1.000000 1.000000 1.000000 1.000000 1.000000 1.000000 1.000000
1.000000 1.000000 1.000000 1.000000 1.000000 1.000000 1.000000 0.900000
0.500000 0.000000 0.000000 0.000000 0.000000
       BOUNDARY LAYER TRANSITION POINTS 
         0         0         0         0
  SET NEWGRID= 1 TO GENERATE A NEW GRID WITH DIFFERENT "J" POINTS AND SPACINGS.
         0
   RPMROW,    RPMHUB 
    10081.0    10081.0
       JROTHS    JROTHE    JROTTS    JROTTE 
         1         1         1         1
   PUPROW    PLEROW   PTEROW    PDROW 
   123679.4   123679.4   158920.7  158920.7
      NSECS_ROW   INSURF  
         11         0
  IF_CUSP   IFANGLES 
         0         0
 ***************************************************************
  ROW NUMBER           3  SECTION NUMBER            1
           0           0           0  IF_DESIGN etc 
   1.00000   0.00000    0
     0.292900    0.300234    0.307300    0.313933    0.319992    0.325362    0.329965    0.333761
     0.336749    0.338969    0.340502    0.341460    0.341985    0.342243    0.342409    0.342575
     0.342749    0.342932    0.343120    0.343314    0.343514    0.343720    0.343932    0.344151
     0.344379    0.344616    0.344864    0.345123    0.345397    0.345685    0.345991    0.346315
     0.346658    0.347024    0.347412    0.347824    0.348261    0.348725    0.349217    0.349737
     0.350285    0.350863    0.351470    0.352106    0.352772    0.353467    0.354190    0.354940
     0.355717    0.356520    0.357346    0.358194    0.359063    0.359951    0.360855    0.361773
     0.362703    0.363642    0.364588    0.365538    0.366489    0.367438    0.368383    0.369322
     0.370250    0.371166    0.372067    0.372951    0.373815    0.374658    0.375477    0.376273
     0.377042    0.377785    0.378501    0.379191    0.379855    0.380495    0.381113    0.381710
     0.382291    0.382860    0.383422    0.383982    0.384547    0.385126    0.385585    0.386044
     0.386653    0.387700    0.389429    0.392017    0.395556    0.400048    0.405398    0.411430
     0.417900
  1.000000  0.000000
     0.072183    0.069923    0.064059    0.056027    0.047162    0.038528    0.030842    0.024482
     0.019554    0.015978    0.013569    0.012092    0.011292    0.010903    0.010653    0.010873
     0.010824    0.010725    0.010596    0.010451    0.010286    0.010110    0.009922    0.009719
     0.009505    0.009274    0.009023    0.008755    0.008469    0.008175    0.007874    0.007564
     0.007237    0.006905    0.006563    0.006213    0.005855    0.005490    0.005113    0.004732
     0.004348    0.003962    0.003569    0.003178    0.002789    0.002404    0.002021    0.001644
     0.001278    0.000916    0.000566    0.000229   -0.000099   -0.000412   -0.000711   -0.000994
    -0.001263   -0.001515   -0.001751   -0.001970   -0.002173   -0.002359   -0.002528   -0.002681
    -0.002819   -0.002940   -0.003047   -0.003139   -0.003218   -0.003284   -0.003337   -0.003379
    -0.003410   -0.003432   -0.003445   -0.003450   -0.003447   -0.003438   -0.003423   -0.003403
    -0.003378   -0.003347   -0.003312   -0.003272   -0.003225   -0.003203   -0.003432   -0.003377
    -0.003303   -0.003178   -0.002970   -0.002659   -0.002234   -0.001694   -0.001051   -0.000327
     0.000450
  1.000000
     0.072183    0.069923    0.064059    0.056027    0.047162    0.038528    0.030842    0.024482
     0.019554    0.015978    0.013569    0.012092    0.011292    0.010903    0.010653    0.009901
     0.009458    0.009061    0.008701    0.008365    0.008043    0.007742    0.007451    0.007158
     0.006865    0.006567    0.006262    0.005954    0.005638    0.005313    0.004980    0.004640
     0.004290    0.003932    0.003565    0.003191    0.002809    0.002421    0.002030    0.001635
     0.001237    0.000841    0.000447    0.000056   -0.000329   -0.000704   -0.001071   -0.001427
    -0.001768   -0.002094   -0.002404   -0.002697   -0.002970   -0.003224   -0.003457   -0.003669
    -0.003860   -0.004031   -0.004180   -0.004308   -0.004417   -0.004507   -0.004579   -0.004633
    -0.004672   -0.004696   -0.004707   -0.004706   -0.004694   -0.004673   -0.004644   -0.004608
    -0.004566   -0.004519   -0.004469   -0.004415   -0.004359   -0.004301   -0.004242   -0.004182
    -0.004120   -0.004057   -0.003992   -0.003924   -0.003854   -0.003759   -0.003432   -0.003377
    -0.003303   -0.003178   -0.002970   -0.002659   -0.002234   -0.001694   -0.001051   -0.000327
     0.000450
  1.000000  0.000000
     0.190000    0.190000    0.190000    0.190000    0.190000    0.190000    0.190000    0.190000
     0.190000    0.190000    0.190000    0.190000    0.190000    0.190000    0.190000    0.190000
     0.190000    0.190000    0.190000    0.190000    0.190000    0.190000    0.190000    0.190000
     0.190000    0.190000    0.190000    0.190000    0.190000    0.190000    0.190000    0.190000
     0.190000    0.190000    0.190000    0.190000    0.190000    0.190000    0.190000    0.190000
     0.190000    0.190000    0.190000    0.190000    0.190000    0.190000    0.190000    0.190000
     0.190000    0.190000    0.190000    0.190000    0.190000    0.190000    0.190000    0.190000
     0.190000    0.190000    0.190000    0.190000    0.190000    0.190000    0.190000    0.190000
     0.190000    0.190000    0.190000    0.190000    0.190000    0.190000    0.190000    0.190000
     0.190000    0.190000    0.190000    0.190000    0.190000    0.190000    0.190000    0.190000
     0.190000    0.190000    0.190000    0.190000    0.190000    0.190000    0.190000    0.190000
     0.190000    0.190000    0.190000    0.190000    0.190000    0.190000    0.190000    0.190000
     0.190000
 ***************************************************************
  ROW NUMBER           3  SECTION NUMBER            2
           0           0           0  IF_DESIGN etc 
   1.00000   0.00000    0
     0.292900    0.300240    0.307312    0.313951    0.320014    0.325389    0.329996    0.333795
     0.336785    0.339008    0.340542    0.341500    0.342026    0.342283    0.342450    0.342616
     0.342791    0.342973    0.343161    0.343355    0.343555    0.343761    0.343973    0.344193
     0.344421    0.344658    0.344905    0.345165    0.345439    0.345728    0.346033    0.346357
     0.346701    0.347066    0.347454    0.347867    0.348305    0.348769    0.349260    0.349780
     0.350329    0.350907    0.351514    0.352151    0.352817    0.353512    0.354235    0.354986
     0.355763    0.356566    0.357392    0.358241    0.359110    0.359998    0.360903    0.361821
     0.362751    0.363691    0.364637    0.365587    0.366539    0.367489    0.368434    0.369373
     0.370302    0.371218    0.372119    0.373003    0.373868    0.374711    0.375531    0.376326
     0.377096    0.377839    0.378556    0.379246    0.379911    0.380551    0.381168    0.381766
     0.382347    0.382916    0.383478    0.384038    0.384604    0.385183    0.385642    0.386101
     0.386711    0.387757    0.389483    0.392066    0.395599    0.400083    0.405423    0.411443
     0.417900
  1.000000  0.000000
     0.072183    0.070038    0.064445    0.056738    0.048169    0.039755    0.032198    0.025885
     0.020948    0.017334    0.014883    0.013372    0.012551    0.012152    0.011894    0.012111
     0.012057    0.011951    0.011815    0.011661    0.011488    0.011302    0.011103    0.010888
     0.010660    0.010413    0.010146    0.009860    0.009559    0.009250    0.008931    0.008600
     0.008252    0.007898    0.007532    0.007155    0.006769    0.006372    0.005962    0.005545
     0.005122    0.004696    0.004259    0.003821    0.003383    0.002945    0.002507    0.002072
     0.001644    0.001219    0.000803    0.000396   -0.000003   -0.000389   -0.000764   -0.001126
    -0.001474   -0.001808   -0.002127   -0.002430   -0.002718   -0.002990   -0.003245   -0.003485
    -0.003708   -0.003915   -0.004106   -0.004282   -0.004443   -0.004589   -0.004721   -0.004840
    -0.004946   -0.005041   -0.005124   -0.005197   -0.005260   -0.005315   -0.005362   -0.005401
    -0.005435   -0.005462   -0.005484   -0.005500   -0.005512   -0.005544   -0.005821   -0.005813
    -0.005803   -0.005784   -0.005754   -0.005708   -0.005645   -0.005564   -0.005469   -0.005361
    -0.005246
  1.000000
     0.072183    0.070038    0.064445    0.056738    0.048169    0.039755    0.032198    0.025885
     0.020948    0.017334    0.014883    0.013372    0.012551    0.012152    0.011894    0.011129
     0.010676    0.010270    0.009900    0.009554    0.009226    0.008914    0.008611    0.008305
     0.007998    0.007684    0.007364    0.007039    0.006704    0.006361    0.006007    0.005644
     0.005271    0.004887    0.004493    0.004089    0.003675    0.003254    0.002827    0.002393
     0.001955    0.001516    0.001076    0.000638    0.000202   -0.000227   -0.000650   -0.001064
    -0.001465   -0.001855   -0.002231   -0.002591   -0.002934   -0.003260   -0.003567   -0.003856
    -0.004125   -0.004374   -0.004603   -0.004814   -0.005005   -0.005178   -0.005333   -0.005471
    -0.005594   -0.005701   -0.005794   -0.005874   -0.005943   -0.006001   -0.006049   -0.006088
    -0.006120   -0.006145   -0.006163   -0.006177   -0.006186   -0.006191   -0.006193   -0.006192
    -0.006188   -0.006182   -0.006174   -0.006163   -0.006150   -0.006112   -0.005821   -0.005813
    -0.005803   -0.005784   -0.005754   -0.005708   -0.005645   -0.005564   -0.005469   -0.005361
    -0.005246
  1.000000  0.000000
     0.196365    0.196365    0.196365    0.196365    0.196365    0.196365    0.196365    0.196365
     0.196365    0.196365    0.196365    0.196365    0.196365    0.196365    0.196365    0.196365
     0.196365    0.196365    0.196365    0.196365    0.196365    0.196365    0.196365    0.196365
     0.196365    0.196365    0.196365    0.196365    0.196365    0.196365    0.196365    0.196365
     0.196365    0.196365    0.196365    0.196365    0.196365    0.196365    0.196365    0.196365
     0.196365    0.196365    0.196365    0.196365    0.196365    0.196365    0.196365    0.196365
     0.196365    0.196365    0.196365    0.196365    0.196365    0.196365    0.196365    0.196365
     0.196365    0.196365    0.196365    0.196365    0.196365    0.196365    0.196365    0.196365
     0.196365    0.196365    0.196365    0.196365    0.196365    0.196365    0.196365    0.196365
     0.196365    0.196365    0.196365    0.196365    0.196365    0.196365    0.196365    0.196365
     0.196365    0.196365    0.196365    0.196365    0.196365    0.196365    0.196365    0.196365
     0.196365    0.196365    0.196365    0.196365    0.196365    0.196365    0.196365    0.196365
     0.196365
 ***************************************************************
  ROW NUMBER           3  SECTION NUMBER            3
           0           0           0  IF_DESIGN etc 
   1.00000   0.00000    0
     0.292900    0.300246    0.307324    0.313968    0.320037    0.325416    0.330027    0.333828
     0.336821    0.339046    0.340581    0.341540    0.342067    0.342324    0.342490    0.342657
     0.342832    0.343014    0.343202    0.343397    0.343597    0.343803    0.344015    0.344235
     0.344463    0.344700    0.344948    0.345208    0.345482    0.345771    0.346077    0.346401
     0.346745    0.347111    0.347499    0.347912    0.348350    0.348814    0.349307    0.349827
     0.350376    0.350954    0.351562    0.352199    0.352866    0.353561    0.354285    0.355036
     0.355814    0.356618    0.357445    0.358294    0.359164    0.360053    0.360958    0.361877
     0.362808    0.363748    0.364695    0.365646    0.366598    0.367549    0.368495    0.369435
     0.370364    0.371281    0.372183    0.373068    0.373933    0.374777    0.375598    0.376394
     0.377164    0.377908    0.378625    0.379316    0.379981    0.380621    0.381239    0.381838
     0.382419    0.382989    0.383551    0.384112    0.384678    0.385257    0.385717    0.386176
     0.386785    0.387830    0.389553    0.392131    0.395656    0.400128    0.405455    0.411460
     0.417900
  1.000000  0.000000
     0.072183    0.070151    0.064823    0.057434    0.049157    0.040961    0.033533    0.027270
     0.022327    0.018680    0.016190    0.014647    0.013806    0.013397    0.013133    0.013347
     0.013288    0.013178    0.013034    0.012873    0.012692    0.012496    0.012286    0.012061
     0.011820    0.011557    0.011274    0.010971    0.010655    0.010330    0.009994    0.009642
     0.009275    0.008899    0.008508    0.008105    0.007691    0.007261    0.006819    0.006367
     0.005906    0.005438    0.004958    0.004474    0.003986    0.003496    0.003003    0.002510
     0.002020    0.001532    0.001049    0.000573    0.000102   -0.000359   -0.000811   -0.001251
    -0.001680   -0.002096   -0.002499   -0.002888   -0.003262   -0.003620   -0.003963   -0.004289
    -0.004600   -0.004894   -0.005171   -0.005432   -0.005676   -0.005904   -0.006117   -0.006314
    -0.006497   -0.006665   -0.006820   -0.006963   -0.007094   -0.007213   -0.007324   -0.007425
    -0.007518   -0.007604   -0.007684   -0.007759   -0.007830   -0.007918   -0.008246   -0.008287
    -0.008341   -0.008433   -0.008584   -0.008810   -0.009119   -0.009510   -0.009977   -0.010502
    -0.011066
  1.000000
     0.072183    0.070151    0.064823    0.057434    0.049157    0.040961    0.033533    0.027270
     0.022327    0.018680    0.016190    0.014647    0.013806    0.013397    0.013133    0.012353
     0.011890    0.011475    0.011095    0.010738    0.010403    0.010083    0.009767    0.009449
     0.009128    0.008799    0.008464    0.008121    0.007768    0.007406    0.007032    0.006648
     0.006251    0.005842    0.005420    0.004987    0.004543    0.004088    0.003624    0.003154
     0.002676    0.002193    0.001708    0.001221    0.000736    0.000253   -0.000225   -0.000697
    -0.001159   -0.001612   -0.002053   -0.002481   -0.002895   -0.003293   -0.003675   -0.004040
    -0.004387   -0.004716   -0.005027   -0.005319   -0.005593   -0.005851   -0.006090   -0.006313
    -0.006520   -0.006712   -0.006889   -0.007052   -0.007202   -0.007340   -0.007467   -0.007583
    -0.007690   -0.007788   -0.007877   -0.007960   -0.008035   -0.008105   -0.008169   -0.008228
    -0.008284   -0.008336   -0.008386   -0.008433   -0.008480   -0.008498   -0.008246   -0.008287
    -0.008341   -0.008433   -0.008584   -0.008810   -0.009119   -0.009510   -0.009977   -0.010502
    -0.011066
  1.000000  0.000000
     0.202730    0.202730    0.202730    0.202730    0.202730    0.202730    0.202730    0.202730
     0.202730    0.202730    0.202730    0.202730    0.202730    0.202730    0.202730    0.202730
     0.202730    0.202730    0.202730    0.202730    0.202730    0.202730    0.202730    0.202730
     0.202730    0.202730    0.202730    0.202730    0.202730    0.202730    0.202730    0.202730
     0.202730    0.202730    0.202730    0.202730    0.202730    0.202730    0.202730    0.202730
     0.202730    0.202730    0.202730    0.202730    0.202730    0.202730    0.202730    0.202730
     0.202730    0.202730    0.202730    0.202730    0.202730    0.202730    0.202730    0.202730
     0.202730    0.202730    0.202730    0.202730    0.202730    0.202730    0.202730    0.202730
     0.202730    0.202730    0.202730    0.202730    0.202730    0.202730    0.202730    0.202730
     0.202730    0.202730    0.202730    0.202730    0.202730    0.202730    0.202730    0.202730
     0.202730    0.202730    0.202730    0.202730    0.202730    0.202730    0.202730    0.202730
     0.202730    0.202730    0.202730    0.202730    0.202730    0.202730    0.202730    0.202730
     0.202730
 ***************************************************************
  ROW NUMBER           3  SECTION NUMBER            4
           0           0           0  IF_DESIGN etc 
   1.00000   0.00000    0
     0.292900    0.300259    0.307348    0.314003    0.320082    0.325470    0.330089    0.333897
     0.336895    0.339123    0.340660    0.341621    0.342148    0.342406    0.342572    0.342739
     0.342914    0.343096    0.343285    0.343479    0.343679    0.343886    0.344098    0.344318
     0.344546    0.344783    0.345031    0.345292    0.345566    0.345855    0.346161    0.346485
     0.346829    0.347195    0.347584    0.347997    0.348435    0.348900    0.349393    0.349913
     0.350463    0.351041    0.351649    0.352287    0.352954    0.353650    0.354374    0.355126
     0.355904    0.356708    0.357536    0.358386    0.359256    0.360145    0.361051    0.361971
     0.362902    0.363843    0.364791    0.365742    0.366695    0.367646    0.368593    0.369533
     0.370463    0.371381    0.372283    0.373169    0.374034    0.374879    0.375700    0.376496
     0.377267    0.378011    0.378729    0.379420    0.380085    0.380726    0.381345    0.381944
     0.382526    0.383095    0.383658    0.384219    0.384785    0.385365    0.385825    0.386285
     0.386894    0.387936    0.389655    0.392224    0.395737    0.400193    0.405501    0.411483
     0.417900
  1.000000  0.000000
     0.072183    0.070381    0.065600    0.058862    0.051180    0.043426    0.036255    0.030085
     0.025122    0.021399    0.018822    0.017211    0.016328    0.015896    0.015617    0.015825
     0.015755    0.015632    0.015473    0.015293    0.015096    0.014880    0.014647    0.014398
     0.014129    0.013833    0.013517    0.013181    0.012835    0.012477    0.012105    0.011710
     0.011305    0.010883    0.010443    0.009987    0.009516    0.009021    0.008514    0.007991
     0.007452    0.006902    0.006334    0.005757    0.005169    0.004574    0.003971    0.003362
     0.002750    0.002135    0.001519    0.000904    0.000292   -0.000317   -0.000921   -0.001518
    -0.002106   -0.002686   -0.003254   -0.003811   -0.004355   -0.004884   -0.005399   -0.005897
    -0.006378   -0.006843   -0.007288   -0.007716   -0.008124   -0.008513   -0.008882   -0.009233
    -0.009565   -0.009878   -0.010173   -0.010451   -0.010713   -0.010960   -0.011193   -0.011413
    -0.011623   -0.011824   -0.012017   -0.012206   -0.012392   -0.012588   -0.013012   -0.013147
    -0.013325   -0.013631   -0.014134   -0.014887   -0.015916   -0.017221   -0.018776   -0.020529
    -0.022408
  1.000000
     0.072183    0.070381    0.065600    0.058862    0.051180    0.043426    0.036255    0.030085
     0.025122    0.021399    0.018822    0.017211    0.016328    0.015896    0.015617    0.014811
     0.014328    0.013896    0.013496    0.013119    0.012771    0.012431    0.012089    0.011746
     0.011395    0.011036    0.010670    0.010292    0.009902    0.009502    0.009087    0.008658
     0.008213    0.007752    0.007276    0.006784    0.006277    0.005754    0.005218    0.004671
     0.004112    0.003542    0.002966    0.002382    0.001796    0.001207    0.000616    0.000028
    -0.000556   -0.001135   -0.001708   -0.002271   -0.002825   -0.003368   -0.003898   -0.004414
    -0.004917   -0.005404   -0.005875   -0.006331   -0.006770   -0.007193   -0.007599   -0.007989
    -0.008362   -0.008720   -0.009061   -0.009386   -0.009697   -0.009992   -0.010273   -0.010539
    -0.010793   -0.011033   -0.011260   -0.011476   -0.011681   -0.011876   -0.012062   -0.012240
    -0.012411   -0.012577   -0.012739   -0.012899   -0.013060   -0.013190   -0.013012   -0.013147
    -0.013325   -0.013631   -0.014134   -0.014887   -0.015916   -0.017221   -0.018776   -0.020529
    -0.022408
  1.000000  0.000000
     0.215460    0.215460    0.215460    0.215460    0.215460    0.215460    0.215460    0.215460
     0.215460    0.215460    0.215460    0.215460    0.215460    0.215460    0.215460    0.215460
     0.215460    0.215460    0.215460    0.215460    0.215460    0.215460    0.215460    0.215460
     0.215460    0.215460    0.215460    0.215460    0.215460    0.215460    0.215460    0.215460
     0.215460    0.215460    0.215460    0.215460    0.215460    0.215460    0.215460    0.215460
     0.215460    0.215460    0.215460    0.215460    0.215460    0.215460    0.215460    0.215460
     0.215460    0.215460    0.215460    0.215460    0.215460    0.215460    0.215460    0.215460
     0.215460    0.215460    0.215460    0.215460    0.215460    0.215460    0.215460    0.215460
     0.215460    0.215460    0.215460    0.215460    0.215460    0.215460    0.215460    0.215460
     0.215460    0.215460    0.215460    0.215460    0.215460    0.215460    0.215460    0.215460
     0.215460    0.215460    0.215460    0.215460    0.215460    0.215460    0.215460    0.215460
     0.215460    0.215460    0.215460    0.215460    0.215460    0.215460    0.215460    0.215460
     0.215460
 ***************************************************************
  ROW NUMBER           3  SECTION NUMBER            5
           0           0           0  IF_DESIGN etc 
   1.00000   0.00000    0
     0.292900    0.300286    0.307401    0.314081    0.320182    0.325589    0.330224    0.334045
     0.337053    0.339287    0.340829    0.341791    0.342318    0.342575    0.342740    0.342904
     0.343078    0.343259    0.343445    0.343638    0.343837    0.344041    0.344251    0.344469
     0.344695    0.344930    0.345176    0.345434    0.345705    0.345992    0.346295    0.346616
     0.346957    0.347320    0.347705    0.348114    0.348548    0.349009    0.349497    0.350013
     0.350557    0.351130    0.351733    0.352364    0.353025    0.353715    0.354432    0.355177
     0.355948    0.356745    0.357565    0.358407    0.359269    0.360150    0.361047    0.361958
     0.362881    0.363813    0.364752    0.365695    0.366639    0.367581    0.368519    0.369450
     0.370372    0.371281    0.372175    0.373052    0.373910    0.374747    0.375560    0.376349
     0.377113    0.377850    0.378561    0.379246    0.379905    0.380540    0.381153    0.381746
     0.382323    0.382887    0.383444    0.384000    0.384561    0.385136    0.385591    0.386047
     0.386653    0.387697    0.389424    0.392010    0.395550    0.400042    0.405394    0.411428
     0.417900
  1.000000  0.000000
     0.072183    0.070859    0.067198    0.061790    0.055308    0.048423    0.041731    0.035700
     0.030646    0.026724    0.023939    0.022169    0.021189    0.020710    0.020401    0.020578
     0.020479    0.020321    0.020126    0.019903    0.019662    0.019402    0.019118    0.018805
     0.018465    0.018104    0.017726    0.017333    0.016927    0.016500    0.016054    0.015585
     0.015098    0.014586    0.014051    0.013491    0.012907    0.012293    0.011657    0.010996
     0.010308    0.009599    0.008864    0.008109    0.007333    0.006538    0.005726    0.004898
     0.004056    0.003202    0.002338    0.001465    0.000587   -0.000295   -0.001179   -0.002063
    -0.002945   -0.003822   -0.004692   -0.005553   -0.006403   -0.007241   -0.008064   -0.008869
    -0.009656   -0.010422   -0.011167   -0.011888   -0.012585   -0.013256   -0.013901   -0.014519
    -0.015110   -0.015674   -0.016212   -0.016725   -0.017213   -0.017678   -0.018121   -0.018546
    -0.018955   -0.019351   -0.019738   -0.020119   -0.020500   -0.020886   -0.021448   -0.021741
    -0.022133   -0.022807   -0.023922   -0.025592   -0.027878   -0.030779   -0.034236   -0.038133
    -0.042313
  1.000000
     0.072183    0.070859    0.067198    0.061790    0.055308    0.048423    0.041731    0.035700
     0.030646    0.026724    0.023939    0.022169    0.021189    0.020710    0.020401    0.019558
     0.019045    0.018589    0.018161    0.017760    0.017380    0.016997    0.016606    0.016211
     0.015803    0.015387    0.014959    0.014514    0.014055    0.013580    0.013085    0.012569
     0.012032    0.011472    0.010890    0.010287    0.009655    0.009003    0.008327    0.007631
     0.006914    0.006178    0.005425    0.004656    0.003873    0.003078    0.002273    0.001461
     0.000643   -0.000178   -0.001001   -0.001823   -0.002643   -0.003458   -0.004267   -0.005068
    -0.005859   -0.006640   -0.007409   -0.008165   -0.008906   -0.009632   -0.010340   -0.011032
    -0.011705   -0.012360   -0.012995   -0.013610   -0.014204   -0.014777   -0.015329   -0.015860
    -0.016370   -0.016859   -0.017327   -0.017775   -0.018204   -0.018616   -0.019011   -0.019393
    -0.019762   -0.020123   -0.020478   -0.020832   -0.021187   -0.021517   -0.021448   -0.021741
    -0.022133   -0.022807   -0.023922   -0.025592   -0.027878   -0.030779   -0.034236   -0.038133
    -0.042313
  1.000000  0.000000
     0.240920    0.240920    0.240920    0.240920    0.240920    0.240920    0.240920    0.240920
     0.240920    0.240920    0.240920    0.240920    0.240920    0.240920    0.240920    0.240920
     0.240920    0.240920    0.240920    0.240920    0.240920    0.240920    0.240920    0.240920
     0.240920    0.240920    0.240920    0.240920    0.240920    0.240920    0.240920    0.240920
     0.240920    0.240920    0.240920    0.240920    0.240920    0.240920    0.240920    0.240920
     0.240920    0.240920    0.240920    0.240920    0.240920    0.240920    0.240920    0.240920
     0.240920    0.240920    0.240920    0.240920    0.240920    0.240920    0.240920    0.240920
     0.240920    0.240920    0.240920    0.240920    0.240920    0.240920    0.240920    0.240920
     0.240920    0.240920    0.240920    0.240920    0.240920    0.240920    0.240920    0.240920
     0.240920    0.240920    0.240920    0.240920    0.240920    0.240920    0.240920    0.240920
     0.240920    0.240920    0.240920    0.240920    0.240920    0.240920    0.240920    0.240920
     0.240920    0.240920    0.240920    0.240920    0.240920    0.240920    0.240920    0.240920
     0.240920
 ***************************************************************
  ROW NUMBER           3  SECTION NUMBER            6
           0           0           0  IF_DESIGN etc 
   1.00000   0.00000    0
     0.292900    0.300300    0.307430    0.314122    0.320235    0.325653    0.330296    0.334124
     0.337136    0.339374    0.340917    0.341879    0.342405    0.342660    0.342824    0.342987
     0.343159    0.343338    0.343523    0.343714    0.343910    0.344112    0.344321    0.344536
     0.344760    0.344993    0.345236    0.345492    0.345760    0.346044    0.346344    0.346662
     0.347000    0.347359    0.347740    0.348146    0.348576    0.349032    0.349515    0.350026
     0.350565    0.351132    0.351729    0.352354    0.353009    0.353692    0.354402    0.355140
     0.355903    0.356692    0.357504    0.358338    0.359192    0.360064    0.360952    0.361854
     0.362768    0.363691    0.364621    0.365554    0.366489    0.367422    0.368351    0.369273
     0.370186    0.371086    0.371971    0.372840    0.373689    0.374518    0.375323    0.376105
     0.376861    0.377591    0.378295    0.378973    0.379626    0.380255    0.380861    0.381449
     0.382020    0.382579    0.383131    0.383681    0.384237    0.384806    0.385257    0.385707
     0.386311    0.387359    0.389099    0.391710    0.395287    0.399830    0.405244    0.411350
     0.417900
  1.000000  0.000000
     0.072183    0.071075    0.067924    0.063118    0.057178    0.050683    0.044202    0.038229
     0.033128    0.029112    0.026231    0.024387    0.023364    0.022864    0.022543    0.022705
     0.022593    0.022420    0.022209    0.021971    0.021708    0.021422    0.021110    0.020764
     0.020393    0.020004    0.019603    0.019187    0.018754    0.018297    0.017820    0.017320
     0.016796    0.016246    0.015669    0.015063    0.014430    0.013766    0.013073    0.012351
     0.011599    0.010820    0.010012    0.009179    0.008320    0.007438    0.006534    0.005610
     0.004667    0.003708    0.002735    0.001750    0.000755   -0.000246   -0.001253   -0.002262
    -0.003270   -0.004277   -0.005278   -0.006270   -0.007253   -0.008223   -0.009178   -0.010116
    -0.011033   -0.011929   -0.012801   -0.013648   -0.014467   -0.015258   -0.016020   -0.016752
    -0.017453   -0.018124   -0.018764   -0.019375   -0.019958   -0.020515   -0.021047   -0.021558
    -0.022050   -0.022528   -0.022995   -0.023458   -0.023920   -0.024389   -0.025005   -0.025365
    -0.025847   -0.026684   -0.028074   -0.030159   -0.033016   -0.036644   -0.040969   -0.045845
    -0.051077
  1.000000
     0.072183    0.071075    0.067924    0.063118    0.057178    0.050683    0.044202    0.038229
     0.033128    0.029112    0.026231    0.024387    0.023364    0.022864    0.022543    0.021692
     0.021170    0.020708    0.020277    0.019872    0.019478    0.019076    0.018667    0.018250
     0.017821    0.017382    0.016929    0.016459    0.015972    0.015466    0.014939    0.014387
     0.013812    0.013211    0.012585    0.011935    0.011250    0.010543    0.009808    0.009048
     0.008264    0.007455    0.006625    0.005774    0.004905    0.004019    0.003120    0.002208
     0.001286    0.000357   -0.000577   -0.001515   -0.002453   -0.003390   -0.004323   -0.005251
    -0.006172   -0.007084   -0.007985   -0.008873   -0.009748   -0.010607   -0.011450   -0.012274
    -0.013079   -0.013863   -0.014627   -0.015367   -0.016085   -0.016779   -0.017448   -0.018093
    -0.018713   -0.019308   -0.019879   -0.020427   -0.020952   -0.021455   -0.021940   -0.022408
    -0.022861   -0.023304   -0.023741   -0.024175   -0.024613   -0.025032   -0.025005   -0.025365
    -0.025847   -0.026684   -0.028074   -0.030159   -0.033016   -0.036644   -0.040969   -0.045845
    -0.051077
  1.000000  0.000000
     0.253650    0.253650    0.253650    0.253650    0.253650    0.253650    0.253650    0.253650
     0.253650    0.253650    0.253650    0.253650    0.253650    0.253650    0.253650    0.253650
     0.253650    0.253650    0.253650    0.253650    0.253650    0.253650    0.253650    0.253650
     0.253650    0.253650    0.253650    0.253650    0.253650    0.253650    0.253650    0.253650
     0.253650    0.253650    0.253650    0.253650    0.253650    0.253650    0.253650    0.253650
     0.253650    0.253650    0.253650    0.253650    0.253650    0.253650    0.253650    0.253650
     0.253650    0.253650    0.253650    0.253650    0.253650    0.253650    0.253650    0.253650
     0.253650    0.253650    0.253650    0.253650    0.253650    0.253650    0.253650    0.253650
     0.253650    0.253650    0.253650    0.253650    0.253650    0.253650    0.253650    0.253650
     0.253650    0.253650    0.253650    0.253650    0.253650    0.253650    0.253650    0.253650
     0.253650    0.253650    0.253650    0.253650    0.253650    0.253650    0.253650    0.253650
     0.253650    0.253650    0.253650    0.253650    0.253650    0.253650    0.253650    0.253650
     0.253650
 ***************************************************************
  ROW NUMBER           3  SECTION NUMBER            7
           0           0           0  IF_DESIGN etc 
   1.00000   0.00000    0
     0.292900    0.300315    0.307459    0.314165    0.320289    0.325717    0.330368    0.334203
     0.337220    0.339460    0.341005    0.341967    0.342492    0.342746    0.342907    0.343069
     0.343239    0.343415    0.343598    0.343787    0.343981    0.344181    0.344387    0.344601
     0.344822    0.345052    0.345293    0.345545    0.345811    0.346091    0.346388    0.346703
     0.347037    0.347392    0.347769    0.348169    0.348594    0.349045    0.349523    0.350028
     0.350561    0.351122    0.351712    0.352330    0.352977    0.353652    0.354355    0.355084
     0.355839    0.356619    0.357422    0.358246    0.359090    0.359953    0.360831    0.361723
     0.362627    0.363539    0.364459    0.365382    0.366306    0.367228    0.368147    0.369058
     0.369960    0.370851    0.371726    0.372585    0.373425    0.374244    0.375040    0.375813
     0.376560    0.377282    0.377978    0.378649    0.379294    0.379916    0.380516    0.381096
     0.381661    0.382214    0.382759    0.383303    0.383853    0.384415    0.384861    0.385307
     0.385908    0.386961    0.388715    0.391356    0.394977    0.399580    0.405068    0.411258
     0.417900
  1.000000  0.000000
     0.072183    0.071267    0.068567    0.064296    0.058838    0.052693    0.046406    0.040489
     0.035353    0.031259    0.028297    0.026391    0.025332    0.024817    0.024486    0.024636
     0.024513    0.024328    0.024105    0.023854    0.023572    0.023259    0.022917    0.022543
     0.022148    0.021739    0.021319    0.020882    0.020425    0.019943    0.019440    0.018913
     0.018357    0.017774    0.017160    0.016515    0.015838    0.015130    0.014387    0.013611
     0.012802    0.011961    0.011088    0.010186    0.009253    0.008293    0.007306    0.006295
     0.005262    0.004209    0.003138    0.002051    0.000951   -0.000158   -0.001276   -0.002398
    -0.003522   -0.004645   -0.005765   -0.006877   -0.007981   -0.009072   -0.010147   -0.011204
    -0.012241   -0.013255   -0.014244   -0.015205   -0.016136   -0.017037   -0.017906   -0.018741
    -0.019543   -0.020311   -0.021046   -0.021748   -0.022419   -0.023060   -0.023674   -0.024264
    -0.024833   -0.025387   -0.025929   -0.026465   -0.027003   -0.027549   -0.028220   -0.028642
    -0.029210   -0.030205   -0.031864   -0.034359   -0.037782   -0.042133   -0.047320   -0.053171
    -0.059448
  1.000000
     0.072183    0.071267    0.068567    0.064296    0.058838    0.052693    0.046406    0.040489
     0.035353    0.031259    0.028297    0.026391    0.025332    0.024817    0.024486    0.023634
     0.023109    0.022644    0.022215    0.021808    0.021403    0.020987    0.020564    0.020131
     0.019686    0.019230    0.018757    0.018267    0.017759    0.017228    0.016674    0.016095
     0.015489    0.014854    0.014191    0.013502    0.012773    0.012019    0.011234    0.010418
     0.009575    0.008704    0.007806    0.006884    0.005939    0.004972    0.003988    0.002987
     0.001972    0.000945   -0.000090   -0.001133   -0.002179   -0.003228   -0.004275   -0.005320
    -0.006360   -0.007393   -0.008416   -0.009428   -0.010427   -0.011410   -0.012377   -0.013324
    -0.014252   -0.015157   -0.016040   -0.016898   -0.017731   -0.018537   -0.019315   -0.020066
    -0.020789   -0.021484   -0.022151   -0.022791   -0.023405   -0.023994   -0.024562   -0.025110
    -0.025641   -0.026160   -0.026672   -0.027182   -0.027696   -0.028201   -0.028220   -0.028642
    -0.029210   -0.030205   -0.031864   -0.034359   -0.037782   -0.042133   -0.047320   -0.053171
    -0.059448
  1.000000  0.000000
     0.266380    0.266380    0.266380    0.266380    0.266380    0.266380    0.266380    0.266380
     0.266380    0.266380    0.266380    0.266380    0.266380    0.266380    0.266380    0.266380
     0.266380    0.266380    0.266380    0.266380    0.266380    0.266380    0.266380    0.266380
     0.266380    0.266380    0.266380    0.266380    0.266380    0.266380    0.266380    0.266380
     0.266380    0.266380    0.266380    0.266380    0.266380    0.266380    0.266380    0.266380
     0.266380    0.266380    0.266380    0.266380    0.266380    0.266380    0.266380    0.266380
     0.266380    0.266380    0.266380    0.266380    0.266380    0.266380    0.266380    0.266380
     0.266380    0.266380    0.266380    0.266380    0.266380    0.266380    0.266380    0.266380
     0.266380    0.266380    0.266380    0.266380    0.266380    0.266380    0.266380    0.266380
     0.266380    0.266380    0.266380    0.266380    0.266380    0.266380    0.266380    0.266380
     0.266380    0.266380    0.266380    0.266380    0.266380    0.266380    0.266380    0.266380
     0.266380    0.266380    0.266380    0.266380    0.266380    0.266380    0.266380    0.266380
     0.266380
 ***************************************************************
  ROW NUMBER           3  SECTION NUMBER            8
           0           0           0  IF_DESIGN etc 
   1.00000   0.00000    0
     0.292900    0.300344    0.307515    0.314247    0.320395    0.325843    0.330511    0.334358
     0.337385    0.339632    0.341179    0.342142    0.342665    0.342916    0.343074    0.343233
     0.343399    0.343573    0.343752    0.343937    0.344127    0.344324    0.344526    0.344735
     0.344952    0.345177    0.345413    0.345661    0.345921    0.346196    0.346487    0.346796
     0.347123    0.347471    0.347841    0.348234    0.348651    0.349093    0.349561    0.350056
     0.350579    0.351129    0.351708    0.352314    0.352949    0.353611    0.354299    0.355014
     0.355755    0.356519    0.357306    0.358115    0.358943    0.359788    0.360650    0.361524
     0.362410    0.363305    0.364207    0.365112    0.366018    0.366922    0.367823    0.368717
     0.369601    0.370474    0.371333    0.372175    0.372998    0.373801    0.374582    0.375340
     0.376073    0.376781    0.377463    0.378121    0.378753    0.379363    0.379951    0.380521
     0.381074    0.381616    0.382151    0.382685    0.383224    0.383775    0.384212    0.384649
     0.385246    0.386305    0.388085    0.390773    0.394468    0.399169    0.404778    0.411108
     0.417900
  1.000000  0.000000
     0.072183    0.071620    0.069750    0.066462    0.061891    0.056388    0.050454    0.044641
     0.039439    0.035202    0.032090    0.030071    0.028947    0.028402    0.028056    0.028171
     0.028020    0.027804    0.027547    0.027257    0.026929    0.026558    0.026159    0.025746
     0.025319    0.024878    0.024421    0.023942    0.023440    0.022915    0.022363    0.021783
     0.021170    0.020525    0.019844    0.019126    0.018371    0.017577    0.016743    0.015869
     0.014956    0.014003    0.013010    0.011980    0.010912    0.009809    0.008672    0.007504
     0.006305    0.005080    0.003830    0.002557    0.001266   -0.000041   -0.001360   -0.002689
    -0.004024   -0.005362   -0.006698   -0.008030   -0.009353   -0.010665   -0.011961   -0.013239
    -0.014495   -0.015726   -0.016929   -0.018100   -0.019239   -0.020343   -0.021409   -0.022437
    -0.023427   -0.024376   -0.025286   -0.026158   -0.026993   -0.027792   -0.028559   -0.029298
    -0.030012   -0.030708   -0.031391   -0.032069   -0.032750   -0.033442   -0.034212   -0.034751
    -0.035486   -0.036791   -0.038984   -0.042296   -0.046848   -0.052640   -0.059551   -0.067350
    -0.075718
  1.000000
     0.072183    0.071620    0.069750    0.066462    0.061891    0.056388    0.050454    0.044641
     0.039439    0.035202    0.032090    0.030071    0.028947    0.028402    0.028056    0.027226
     0.026709    0.026249    0.025826    0.025408    0.024982    0.024545    0.024100    0.023641
     0.023171    0.022685    0.022181    0.021658    0.021112    0.020540    0.019943    0.019316
     0.018658    0.017966    0.017241    0.016480    0.015679    0.014842    0.013968    0.013058
     0.012112    0.011128    0.010112    0.009061    0.007980    0.006869    0.005731    0.004569
     0.003384    0.002180    0.000958   -0.000277   -0.001523   -0.002778   -0.004038   -0.005300
    -0.006561   -0.007820   -0.009072   -0.010316   -0.011548   -0.012765   -0.013966   -0.015147
    -0.016306   -0.017441   -0.018550   -0.019631   -0.020682   -0.021701   -0.022688   -0.023641
    -0.024559   -0.025443   -0.026293   -0.027109   -0.027893   -0.028646   -0.029371   -0.030072
    -0.030752   -0.031417   -0.032073   -0.032726   -0.033384   -0.034053   -0.034212   -0.034751
    -0.035486   -0.036791   -0.038984   -0.042296   -0.046848   -0.052640   -0.059551   -0.067350
    -0.075718
  1.000000  0.000000
     0.291840    0.291840    0.291840    0.291840    0.291840    0.291840    0.291840    0.291840
     0.291840    0.291840    0.291840    0.291840    0.291840    0.291840    0.291840    0.291840
     0.291840    0.291840    0.291840    0.291840    0.291840    0.291840    0.291840    0.291840
     0.291840    0.291840    0.291840    0.291840    0.291840    0.291840    0.291840    0.291840
     0.291840    0.291840    0.291840    0.291840    0.291840    0.291840    0.291840    0.291840
     0.291840    0.291840    0.291840    0.291840    0.291840    0.291840    0.291840    0.291840
     0.291840    0.291840    0.291840    0.291840    0.291840    0.291840    0.291840    0.291840
     0.291840    0.291840    0.291840    0.291840    0.291840    0.291840    0.291840    0.291840
     0.291840    0.291840    0.291840    0.291840    0.291840    0.291840    0.291840    0.291840
     0.291840    0.291840    0.291840    0.291840    0.291840    0.291840    0.291840    0.291840
     0.291840    0.291840    0.291840    0.291840    0.291840    0.291840    0.291840    0.291840
     0.291840    0.291840    0.291840    0.291840    0.291840    0.291840    0.291840    0.291840
     0.291840
 ***************************************************************
  ROW NUMBER           3  SECTION NUMBER            9
           0           0           0  IF_DESIGN etc 
   1.00000   0.00000    0
     0.292900    0.300358    0.307543    0.314287    0.320446    0.325904    0.330580    0.334434
     0.337466    0.339716    0.341265    0.342229    0.342752    0.343002    0.343159    0.343317
     0.343482    0.343655    0.343833    0.344017    0.344206    0.344401    0.344602    0.344810
     0.345026    0.345250    0.345485    0.345731    0.345990    0.346263    0.346552    0.346859
     0.347185    0.347531    0.347898    0.348289    0.348703    0.349143    0.349608    0.350101
     0.350620    0.351167    0.351742    0.352345    0.352976    0.353634    0.354319    0.355029
     0.355765    0.356525    0.357308    0.358112    0.358935    0.359775    0.360632    0.361501
     0.362382    0.363272    0.364168    0.365067    0.365968    0.366868    0.367763    0.368652
     0.369531    0.370399    0.371252    0.372089    0.372908    0.373706    0.374482    0.375236
     0.375964    0.376668    0.377347    0.378000    0.378629    0.379235    0.379820    0.380386
     0.380937    0.381475    0.382007    0.382538    0.383073    0.383622    0.384056    0.384491
     0.385086    0.386146    0.387932    0.390631    0.394344    0.399068    0.404707    0.411071
     0.417900
  1.000000  0.000000
     0.072183    0.071819    0.070413    0.067672    0.063586    0.058425    0.052667    0.046887
     0.041625    0.037286    0.034075    0.031982    0.030814    0.030249    0.029891    0.029971
     0.029792    0.029548    0.029258    0.028927    0.028562    0.028163    0.027741    0.027307
     0.026861    0.026399    0.025919    0.025415    0.024888    0.024335    0.023755    0.023143
     0.022497    0.021816    0.021097    0.020339    0.019540    0.018698    0.017814    0.016887
     0.015917    0.014904    0.013847    0.012750    0.011611    0.010434    0.009220    0.007969
     0.006687    0.005374    0.004033    0.002667    0.001280   -0.000126   -0.001546   -0.002978
    -0.004417   -0.005860   -0.007303   -0.008742   -0.010174   -0.011593   -0.012997   -0.014382
    -0.015745   -0.017081   -0.018387   -0.019661   -0.020900   -0.022102   -0.023264   -0.024385
    -0.025464   -0.026501   -0.027496   -0.028449   -0.029363   -0.030238   -0.031080   -0.031890
    -0.032674   -0.033438   -0.034189   -0.034935   -0.035684   -0.036447   -0.037248   -0.037844
    -0.038659   -0.040113   -0.042560   -0.046260   -0.051348   -0.057825   -0.065554   -0.074277
    -0.083638
  1.000000
     0.072183    0.071819    0.070413    0.067672    0.063586    0.058425    0.052667    0.046887
     0.041625    0.037286    0.034075    0.031982    0.030814    0.030249    0.029891    0.029085
     0.028579    0.028127    0.027698    0.027267    0.026825    0.026375    0.025913    0.025438
     0.024951    0.024446    0.023923    0.023379    0.022811    0.022215    0.021592    0.020937
     0.020248    0.019524    0.018764    0.017963    0.017121    0.016241    0.015319    0.014358
     0.013356    0.012313    0.011234    0.010116    0.008964    0.007778    0.006561    0.005316
     0.004044    0.002749    0.001434    0.000101   -0.001246   -0.002605   -0.003971   -0.005342
    -0.006715   -0.008086   -0.009453   -0.010812   -0.012159   -0.013493   -0.014810   -0.016106
    -0.017380   -0.018629   -0.019850   -0.021041   -0.022199   -0.023324   -0.024413   -0.025465
    -0.026480   -0.027457   -0.028396   -0.029299   -0.030165   -0.030999   -0.031801   -0.032577
    -0.033330   -0.034066   -0.034791   -0.035514   -0.036243   -0.036987   -0.037248   -0.037844
    -0.038659   -0.040113   -0.042560   -0.046260   -0.051348   -0.057825   -0.065554   -0.074277
    -0.083638
  1.000000  0.000000
     0.304570    0.304570    0.304570    0.304570    0.304570    0.304570    0.304570    0.304570
     0.304570    0.304570    0.304570    0.304570    0.304570    0.304570    0.304570    0.304570
     0.304570    0.304570    0.304570    0.304570    0.304570    0.304570    0.304570    0.304570
     0.304570    0.304570    0.304570    0.304570    0.304570    0.304570    0.304570    0.304570
     0.304570    0.304570    0.304570    0.304570    0.304570    0.304570    0.304570    0.304570
     0.304570    0.304570    0.304570    0.304570    0.304570    0.304570    0.304570    0.304570
     0.304570    0.304570    0.304570    0.304570    0.304570    0.304570    0.304570    0.304570
     0.304570    0.304570    0.304570    0.304570    0.304570    0.304570    0.304570    0.304570
     0.304570    0.304570    0.304570    0.304570    0.304570    0.304570    0.304570    0.304570
     0.304570    0.304570    0.304570    0.304570    0.304570    0.304570    0.304570    0.304570
     0.304570    0.304570    0.304570    0.304570    0.304570    0.304570    0.304570    0.304570
     0.304570    0.304570    0.304570    0.304570    0.304570    0.304570    0.304570    0.304570
     0.304570
 ***************************************************************
  ROW NUMBER           3  SECTION NUMBER            10
           0           0           0  IF_DESIGN etc 
   1.00000   0.00000    0
     0.292900    0.300365    0.307556    0.314307    0.320471    0.325934    0.330615    0.334472
     0.337506    0.339758    0.341308    0.342272    0.342796    0.343045    0.343202    0.343359
     0.343525    0.343697    0.343875    0.344058    0.344247    0.344442    0.344642    0.344850
     0.345065    0.345289    0.345523    0.345768    0.346027    0.346300    0.346588    0.346894
     0.347219    0.347565    0.347931    0.348321    0.348735    0.349173    0.349638    0.350129
     0.350647    0.351193    0.351767    0.352369    0.352998    0.353655    0.354338    0.355048
     0.355782    0.356541    0.357321    0.358123    0.358945    0.359784    0.360638    0.361506
     0.362385    0.363273    0.364167    0.365065    0.365964    0.366861    0.367755    0.368641
     0.369519    0.370385    0.371237    0.372072    0.372889    0.373685    0.374460    0.375212
     0.375939    0.376641    0.377318    0.377971    0.378598    0.379203    0.379787    0.380352
     0.380901    0.381439    0.381969    0.382499    0.383033    0.383580    0.384014    0.384448
     0.385042    0.386103    0.387890    0.390592    0.394309    0.399041    0.404687    0.411061
     0.417900
  1.000000  0.000000
     0.072183    0.071928    0.070776    0.068332    0.064508    0.059528    0.053860    0.048090
     0.042789    0.038389    0.035119    0.032982    0.031789    0.031211    0.030845    0.030904
     0.030708    0.030445    0.030134    0.029777    0.029390    0.028977    0.028544    0.028100
     0.027642    0.027167    0.026672    0.026156    0.025614    0.025047    0.024450    0.023821
     0.023157    0.022456    0.021716    0.020935    0.020112    0.019245    0.018334    0.017378
     0.016378    0.015333    0.014242    0.013109    0.011933    0.010717    0.009462    0.008170
     0.006843    0.005485    0.004097    0.002683    0.001247   -0.000209   -0.001681   -0.003165
    -0.004657   -0.006154   -0.007651   -0.009144   -0.010630   -0.012104   -0.013562   -0.015001
    -0.016417   -0.017805   -0.019164   -0.020489   -0.021777   -0.023028   -0.024237   -0.025405
    -0.026529   -0.027609   -0.028645   -0.029639   -0.030591   -0.031505   -0.032382   -0.033227
    -0.034046   -0.034844   -0.035628   -0.036407   -0.037190   -0.037988   -0.038799   -0.039422
    -0.040276   -0.041802   -0.044372   -0.048258   -0.053604   -0.060408   -0.068529   -0.077695
    -0.087532
  1.000000
     0.072183    0.071928    0.070776    0.068332    0.064508    0.059528    0.053860    0.048090
     0.042789    0.038389    0.035119    0.032982    0.031789    0.031211    0.030845    0.030055
     0.029555    0.029107    0.028673    0.028233    0.027783    0.027323    0.026852    0.026368
     0.025870    0.025355    0.024820    0.024263    0.023682    0.023073    0.022435    0.021764
     0.021058    0.020315    0.019537    0.018714    0.017849    0.016944    0.015997    0.015008
     0.013976    0.012902    0.011789    0.010636    0.009446    0.008221    0.006962    0.005673
     0.004357    0.003015    0.001651    0.000267   -0.001132   -0.002543   -0.003964   -0.005391
    -0.006820   -0.008249   -0.009673   -0.011090   -0.012497   -0.013889   -0.015264   -0.016619
    -0.017950   -0.019256   -0.020533   -0.021778   -0.022991   -0.024168   -0.025308   -0.026410
    -0.027472   -0.028496   -0.029480   -0.030425   -0.031333   -0.032206   -0.033047   -0.033859
    -0.034648   -0.035419   -0.036180   -0.036937   -0.037701   -0.038481   -0.038799   -0.039422
    -0.040276   -0.041802   -0.044372   -0.048258   -0.053604   -0.060408   -0.068529   -0.077695
    -0.087532
  1.000000  0.000000
     0.310935    0.310935    0.310935    0.310935    0.310935    0.310935    0.310935    0.310935
     0.310935    0.310935    0.310935    0.310935    0.310935    0.310935    0.310935    0.310935
     0.310935    0.310935    0.310935    0.310935    0.310935    0.310935    0.310935    0.310935
     0.310935    0.310935    0.310935    0.310935    0.310935    0.310935    0.310935    0.310935
     0.310935    0.310935    0.310935    0.310935    0.310935    0.310935    0.310935    0.310935
     0.310935    0.310935    0.310935    0.310935    0.310935    0.310935    0.310935    0.310935
     0.310935    0.310935    0.310935    0.310935    0.310935    0.310935    0.310935    0.310935
     0.310935    0.310935    0.310935    0.310935    0.310935    0.310935    0.310935    0.310935
     0.310935    0.310935    0.310935    0.310935    0.310935    0.310935    0.310935    0.310935
     0.310935    0.310935    0.310935    0.310935    0.310935    0.310935    0.310935    0.310935
     0.310935    0.310935    0.310935    0.310935    0.310935    0.310935    0.310935    0.310935
     0.310935    0.310935    0.310935    0.310935    0.310935    0.310935    0.310935    0.310935
     0.310935
 ***************************************************************
  ROW NUMBER           3  SECTION NUMBER            11
           0           0           0  IF_DESIGN etc 
   1.00000   0.00000    0
     0.292900    0.300372    0.307570    0.314326    0.320496    0.325964    0.330649    0.334510
     0.337546    0.339800    0.341351    0.342316    0.342839    0.343089    0.343246    0.343402
     0.343567    0.343739    0.343917    0.344100    0.344288    0.344482    0.344683    0.344890
     0.345104    0.345328    0.345562    0.345807    0.346065    0.346337    0.346625    0.346931
     0.347255    0.347599    0.347965    0.348354    0.348767    0.349205    0.349669    0.350159
     0.350676    0.351221    0.351794    0.352395    0.353023    0.353678    0.354360    0.355068
     0.355801    0.356558    0.357338    0.358138    0.358958    0.359795    0.360648    0.361514
     0.362392    0.363278    0.364170    0.365066    0.365964    0.366859    0.367751    0.368636
     0.369512    0.370376    0.371226    0.372060    0.372875    0.373671    0.374444    0.375194
     0.375920    0.376621    0.377297    0.377948    0.378574    0.379178    0.379760    0.380324
     0.380872    0.381409    0.381939    0.382467    0.383000    0.383547    0.383979    0.384412
     0.385006    0.386067    0.387855    0.390560    0.394281    0.399018    0.404671    0.411052
     0.417900
  1.000000  0.000000
     0.072183    0.072040    0.071148    0.069008    0.065451    0.060657    0.055079    0.049319
     0.043974    0.039510    0.036178    0.033996    0.032776    0.032186    0.031812    0.031847
     0.031633    0.031351    0.031017    0.030633    0.030223    0.029796    0.029353    0.028897
     0.028427    0.027939    0.027429    0.026899    0.026343    0.025760    0.025146    0.024499
     0.023816    0.023095    0.022334    0.021530    0.020682    0.019790    0.018851    0.017866
     0.016835    0.015757    0.014632    0.013463    0.012249    0.010994    0.009697    0.008362
     0.006991    0.005587    0.004152    0.002689    0.001203   -0.000304   -0.001827   -0.003364
    -0.004910   -0.006460   -0.008011   -0.009559   -0.011099   -0.012628   -0.014140   -0.015633
    -0.017102   -0.018543   -0.019953   -0.021329   -0.022668   -0.023967   -0.025224   -0.026437
    -0.027606   -0.028729   -0.029807   -0.030841   -0.031832   -0.032783   -0.033697   -0.034577
    -0.035430   -0.036261   -0.037078   -0.037890   -0.038707   -0.039539   -0.040358   -0.041009
    -0.041903   -0.043499   -0.046190   -0.050260   -0.055860   -0.062988   -0.071497   -0.081099
    -0.091405
  1.000000
     0.072183    0.072040    0.071148    0.069008    0.065451    0.060657    0.055079    0.049319
     0.043974    0.039510    0.036178    0.033996    0.032776    0.032186    0.031812    0.031037
     0.030544    0.030100    0.029660    0.029212    0.028752    0.028283    0.027802    0.027308
     0.026798    0.026272    0.025725    0.025156    0.024561    0.023938    0.023284    0.022597
     0.021873    0.021111    0.020313    0.019467    0.018580    0.017650    0.016676    0.015658
     0.014596    0.013490    0.012342    0.011153    0.009925    0.008660    0.007359    0.006027
     0.004664    0.003275    0.001862    0.000427   -0.001024   -0.002489   -0.003965   -0.005448
    -0.006934   -0.008420   -0.009903   -0.011378   -0.012844   -0.014295   -0.015728   -0.017141
    -0.018531   -0.019893   -0.021226   -0.022527   -0.023793   -0.025022   -0.026213   -0.027365
    -0.028475   -0.029544   -0.030573   -0.031561   -0.032510   -0.033423   -0.034302   -0.035151
    -0.035976   -0.036782   -0.037577   -0.038369   -0.039168   -0.039984   -0.040358   -0.041009
    -0.041903   -0.043499   -0.046190   -0.050260   -0.055860   -0.062988   -0.071497   -0.081099
    -0.091405
  1.000000  0.000000
     0.317300    0.317300    0.317300    0.317300    0.317300    0.317300    0.317300    0.317300
     0.317300    0.317300    0.317300    0.317300    0.317300    0.317300    0.317300    0.317300
     0.317300    0.317300    0.317300    0.317300    0.317300    0.317300    0.317300    0.317300
     0.317300    0.317300    0.317300    0.317300    0.317300    0.317300    0.317300    0.317300
     0.317300    0.317300    0.317300    0.317300    0.317300    0.317300    0.317300    0.317300
     0.317300    0.317300    0.317300    0.317300    0.317300    0.317300    0.317300    0.317300
     0.317300    0.317300    0.317300    0.317300    0.317300    0.317300    0.317300    0.317300
     0.317300    0.317300    0.317300    0.317300    0.317300    0.317300    0.317300    0.317300
     0.317300    0.317300    0.317300    0.317300    0.317300    0.317300    0.317300    0.317300
     0.317300    0.317300    0.317300    0.317300    0.317300    0.317300    0.317300    0.317300
     0.317300    0.317300    0.317300    0.317300    0.317300    0.317300    0.317300    0.317300
     0.317300    0.317300    0.317300    0.317300    0.317300    0.317300    0.317300    0.317300
     0.317300
 ***************************************************************
 ************STARTING THE INPUT FOR EACH BLADE ROW**************
  BLADE ROW NUMBER =        4                                           
    NUMBER OF BLADES IN ROW 
        66
        JM        JLE       JTE 
        97        15        87
      KTIPSTART  KTIPEND 
         0         0
       BOUNDARY LAYER TRANSITION POINTS 
         0         0         0         0
  SET NEWGRID= 1 TO GENERATE A NEW GRID WITH DIFFERENT "J" POINTS AND SPACINGS.
         0
   RPMROW,    RPMHUB 
    0.0    0.0
       JROTHS    JROTHE    JROTTS    JROTTE 
         1         1         1         1
   PUPROW    PLEROW   PTEROW    PDROW 
   158920.7   158920.7   165971.8  165971.8
      NSECS_ROW   INSURF  
         11         0
  IF_CUSP   IFANGLES 
         0         0
 ***************************************************************
  ROW NUMBER           4  SECTION NUMBER            1
           0           0           0  IF_DESIGN etc 
   1.00000   0.00000    0
     0.417900    0.423402    0.428708    0.433696    0.438265    0.442329    0.445831    0.448742
     0.451062    0.452820    0.454074    0.454908    0.455425    0.455745    0.455998    0.456252
     0.456519    0.456797    0.457084    0.457381    0.457686    0.458000    0.458324    0.458659
     0.459007    0.459369    0.459747    0.460143    0.460561    0.461002    0.461468    0.461962
     0.462487    0.463045    0.463637    0.464267    0.464935    0.465644    0.466394    0.467188
     0.468025    0.468907    0.469834    0.470806    0.471822    0.472883    0.473987    0.475133
     0.476319    0.477544    0.478806    0.480101    0.481428    0.482783    0.484164    0.485566
     0.486985    0.488419    0.489864    0.491314    0.492766    0.494216    0.495659    0.497092
     0.498509    0.499908    0.501284    0.502633    0.503953    0.505240    0.506491    0.507705
     0.508880    0.510014    0.511108    0.512162    0.513176    0.514153    0.515096    0.516008
     0.516895    0.517764    0.518621    0.519476    0.520339    0.521223    0.521924    0.521223
     0.520508    0.519750    0.518924    0.518015    0.517013    0.515917    0.514737    0.513490
     0.512200
  1.000000  0.000000
    -0.018338   -0.018984   -0.020386   -0.021820   -0.022765   -0.022967   -0.022428   -0.021337
    -0.019973   -0.018612   -0.017453   -0.016592   -0.016021   -0.015652   -0.015352   -0.014556
    -0.014048   -0.013599   -0.013190   -0.012814   -0.012454   -0.012087   -0.011720   -0.011346
    -0.010965   -0.010579   -0.010181   -0.009775   -0.009358   -0.008927   -0.008481   -0.008022
    -0.007549   -0.007061   -0.006557   -0.006039   -0.005507   -0.004963   -0.004409   -0.003846
    -0.003274   -0.002698   -0.002120   -0.001541   -0.000965   -0.000394    0.000170    0.000723
     0.001263    0.001789    0.002298    0.002788    0.003257    0.003705    0.004129    0.004529
     0.004905    0.005256    0.005582    0.005883    0.006159    0.006412    0.006642    0.006850
     0.007037    0.007204    0.007352    0.007484    0.007599    0.007699    0.007786    0.007861
     0.007925    0.007980    0.008025    0.008063    0.008094    0.008119    0.008139    0.008154
     0.008165    0.008172    0.008177    0.008178    0.008176    0.008161    0.007891    0.007891
     0.007891    0.007891    0.007891    0.007891    0.007891    0.007891    0.007891    0.007891
     0.007891
  1.000000
    -0.018338   -0.018984   -0.020386   -0.021820   -0.022765   -0.022967   -0.022428   -0.021337
    -0.019973   -0.018612   -0.017453   -0.016592   -0.016021   -0.015652   -0.015352   -0.015581
    -0.015490   -0.015341   -0.015156   -0.014944   -0.014707   -0.014447   -0.014161   -0.013848
    -0.013517   -0.013178   -0.012828   -0.012476   -0.012105   -0.011716   -0.011319   -0.010908
    -0.010481   -0.010037   -0.009580   -0.009107   -0.008613   -0.008107   -0.007588   -0.007058
    -0.006517   -0.005962   -0.005404   -0.004838   -0.004272   -0.003700   -0.003130   -0.002566
    -0.002001   -0.001446   -0.000901   -0.000363    0.000161    0.000671    0.001165    0.001643
     0.002104    0.002546    0.002969    0.003371    0.003753    0.004114    0.004455    0.004773
     0.005071    0.005349    0.005606    0.005843    0.006060    0.006258    0.006439    0.006601
     0.006748    0.006879    0.006996    0.007099    0.007190    0.007270    0.007340    0.007400
     0.007452    0.007496    0.007534    0.007565    0.007590    0.007618    0.007891    0.007891
     0.007891    0.007891    0.007891    0.007891    0.007891    0.007891    0.007891    0.007891
     0.007891
  1.000000  0.000000
     0.190000    0.190000    0.190000    0.190000    0.190000    0.190000    0.190000    0.190000
     0.190000    0.190000    0.190000    0.190000    0.190000    0.190000    0.190000    0.190000
     0.190000    0.190000    0.190000    0.190000    0.190000    0.190000    0.190000    0.190000
     0.190000    0.190000    0.190000    0.190000    0.190000    0.190000    0.190000    0.190000
     0.190000    0.190000    0.190000    0.190000    0.190000    0.190000    0.190000    0.190000
     0.190000    0.190000    0.190000    0.190000    0.190000    0.190000    0.190000    0.190000
     0.190000    0.190000    0.190000    0.190000    0.190000    0.190000    0.190000    0.190000
     0.190000    0.190000    0.190000    0.190000    0.190000    0.190000    0.190000    0.190000
     0.190000    0.190000    0.190000    0.190000    0.190000    0.190000    0.190000    0.190000
     0.190000    0.190000    0.190000    0.190000    0.190000    0.190000    0.190000    0.190000
     0.190000    0.190000    0.190000    0.190000    0.190000    0.190000    0.190000    0.190000
     0.190000    0.190000    0.190000    0.190000    0.190000    0.190000    0.190000    0.190000
     0.190000
 ***************************************************************
  ROW NUMBER           4  SECTION NUMBER            2
           0           0           0  IF_DESIGN etc 
   1.00000   0.00000    0
     0.417900    0.423413    0.428729    0.433728    0.438305    0.442377    0.445886    0.448802
     0.451125    0.452885    0.454141    0.454974    0.455490    0.455809    0.456062    0.456314
     0.456579    0.456856    0.457142    0.457437    0.457741    0.458053    0.458376    0.458709
     0.459055    0.459415    0.459791    0.460186    0.460601    0.461040    0.461504    0.461996
     0.462518    0.463073    0.463662    0.464289    0.464953    0.465659    0.466405    0.467195
     0.468028    0.468906    0.469828    0.470795    0.471806    0.472862    0.473960    0.475100
     0.476281    0.477500    0.478755    0.480044    0.481364    0.482713    0.484086    0.485481
     0.486894    0.488320    0.489757    0.491201    0.492645    0.494088    0.495524    0.496949
     0.498360    0.499751    0.501120    0.502463    0.503776    0.505057    0.506302    0.507510
     0.508679    0.509807    0.510896    0.511944    0.512953    0.513925    0.514863    0.515771
     0.516654    0.517518    0.518371    0.519222    0.520081    0.520960    0.521657    0.520960
     0.520250    0.519500    0.518689    0.517801    0.516827    0.515769    0.514633    0.513436
     0.512200
  1.000000  0.000000
    -0.018338   -0.018927   -0.020194   -0.021468   -0.022270   -0.022370   -0.021776   -0.020673
    -0.019327   -0.017998   -0.016874   -0.016042   -0.015491   -0.015136   -0.014848   -0.014081
    -0.013590   -0.013157   -0.012762   -0.012399   -0.012051   -0.011698   -0.011344   -0.010983
    -0.010617   -0.010244   -0.009860   -0.009469   -0.009066   -0.008649   -0.008219   -0.007776
    -0.007318   -0.006846   -0.006359   -0.005858   -0.005343   -0.004816   -0.004279   -0.003734
    -0.003180   -0.002622   -0.002061   -0.001499   -0.000941   -0.000387    0.000161    0.000697
     0.001221    0.001732    0.002225    0.002701    0.003156    0.003590    0.004002    0.004390
     0.004755    0.005095    0.005411    0.005703    0.005971    0.006215    0.006438    0.006639
     0.006820    0.006981    0.007125    0.007251    0.007362    0.007459    0.007543    0.007615
     0.007676    0.007728    0.007772    0.007808    0.007837    0.007861    0.007880    0.007894
     0.007905    0.007912    0.007916    0.007916    0.007914    0.007899    0.007632    0.007632
     0.007632    0.007632    0.007632    0.007632    0.007632    0.007632    0.007632    0.007632
     0.007632
  1.000000
    -0.018338   -0.018927   -0.020194   -0.021468   -0.022270   -0.022370   -0.021776   -0.020673
    -0.019327   -0.017998   -0.016874   -0.016042   -0.015491   -0.015136   -0.014848   -0.015080
    -0.014997   -0.014857   -0.014682   -0.014480   -0.014254   -0.014005   -0.013731   -0.013431
    -0.013113   -0.012788   -0.012453   -0.012114   -0.011758   -0.011384   -0.011003   -0.010608
    -0.010197   -0.009770   -0.009330   -0.008874   -0.008398   -0.007911   -0.007410   -0.006899
    -0.006376   -0.005841   -0.005301   -0.004754   -0.004206   -0.003653   -0.003101   -0.002554
    -0.002007   -0.001468   -0.000940   -0.000418    0.000091    0.000587    0.001067    0.001532
     0.001979    0.002410    0.002821    0.003213    0.003585    0.003937    0.004269    0.004580
     0.004871    0.005141    0.005392    0.005624    0.005836    0.006030    0.006206    0.006365
     0.006508    0.006637    0.006751    0.006852    0.006941    0.007019    0.007088    0.007147
     0.007198    0.007241    0.007278    0.007308    0.007333    0.007361    0.007632    0.007632
     0.007632    0.007632    0.007632    0.007632    0.007632    0.007632    0.007632    0.007632
     0.007632
  1.000000  0.000000
     0.196365    0.196365    0.196365    0.196365    0.196365    0.196365    0.196365    0.196365
     0.196365    0.196365    0.196365    0.196365    0.196365    0.196365    0.196365    0.196365
     0.196365    0.196365    0.196365    0.196365    0.196365    0.196365    0.196365    0.196365
     0.196365    0.196365    0.196365    0.196365    0.196365    0.196365    0.196365    0.196365
     0.196365    0.196365    0.196365    0.196365    0.196365    0.196365    0.196365    0.196365
     0.196365    0.196365    0.196365    0.196365    0.196365    0.196365    0.196365    0.196365
     0.196365    0.196365    0.196365    0.196365    0.196365    0.196365    0.196365    0.196365
     0.196365    0.196365    0.196365    0.196365    0.196365    0.196365    0.196365    0.196365
     0.196365    0.196365    0.196365    0.196365    0.196365    0.196365    0.196365    0.196365
     0.196365    0.196365    0.196365    0.196365    0.196365    0.196365    0.196365    0.196365
     0.196365    0.196365    0.196365    0.196365    0.196365    0.196365    0.196365    0.196365
     0.196365    0.196365    0.196365    0.196365    0.196365    0.196365    0.196365    0.196365
     0.196365
 ***************************************************************
  ROW NUMBER           4  SECTION NUMBER            3
           0           0           0  IF_DESIGN etc 
   1.00000   0.00000    0
     0.417900    0.423424    0.428751    0.433759    0.438345    0.442425    0.445940    0.448861
     0.451188    0.452950    0.454207    0.455040    0.455556    0.455874    0.456125    0.456376
     0.456640    0.456915    0.457200    0.457493    0.457795    0.458106    0.458427    0.458759
     0.459103    0.459461    0.459835    0.460228    0.460641    0.461077    0.461539    0.462028
     0.462548    0.463100    0.463686    0.464309    0.464971    0.465672    0.466415    0.467201
     0.468030    0.468903    0.469820    0.470782    0.471789    0.472839    0.473931    0.475066
     0.476240    0.477453    0.478701    0.479984    0.481297    0.482639    0.484005    0.485393
     0.486798    0.488218    0.489647    0.491083    0.492520    0.493956    0.495384    0.496802
     0.498205    0.499590    0.500952    0.502287    0.503594    0.504868    0.506107    0.507308
     0.508471    0.509594    0.510677    0.511720    0.512724    0.513691    0.514624    0.515527
     0.516405    0.517265    0.518114    0.518960    0.519815    0.520690    0.521383    0.520690
     0.519984    0.519243    0.518446    0.517580    0.516637    0.515616    0.514526    0.513381
     0.512200
  1.000000  0.000000
    -0.018338   -0.018867   -0.019995   -0.021104   -0.021758   -0.021751   -0.021102   -0.019987
    -0.018660   -0.017365   -0.016276   -0.015474   -0.014944   -0.014605   -0.014330   -0.013590
    -0.013118   -0.012700   -0.012320   -0.011970   -0.011636   -0.011297   -0.010957   -0.010610
    -0.010258   -0.009900   -0.009530   -0.009154   -0.008766   -0.008365   -0.007950   -0.007523
    -0.007082   -0.006626   -0.006156   -0.005672   -0.005175   -0.004666   -0.004147   -0.003620
    -0.003084   -0.002544   -0.002002   -0.001458   -0.000917   -0.000381    0.000149    0.000669
     0.001176    0.001671    0.002149    0.002610    0.003051    0.003471    0.003870    0.004246
     0.004599    0.004928    0.005234    0.005516    0.005775    0.006011    0.006226    0.006421
     0.006595    0.006751    0.006889    0.007011    0.007117    0.007210    0.007291    0.007360
     0.007419    0.007468    0.007510    0.007544    0.007573    0.007595    0.007613    0.007626
     0.007636    0.007642    0.007646    0.007646    0.007644    0.007629    0.007364    0.007364
     0.007364    0.007364    0.007364    0.007364    0.007364    0.007364    0.007364    0.007364
     0.007364
  1.000000
    -0.018338   -0.018867   -0.019995   -0.021104   -0.021758   -0.021751   -0.021102   -0.019987
    -0.018660   -0.017365   -0.016276   -0.015474   -0.014944   -0.014605   -0.014330   -0.014563
    -0.014488   -0.014357   -0.014192   -0.014000   -0.013786   -0.013549   -0.013287   -0.013001
    -0.012697   -0.012386   -0.012065   -0.011741   -0.011401   -0.011043   -0.010678   -0.010299
    -0.009905   -0.009495   -0.009073   -0.008635   -0.008178   -0.007709   -0.007227   -0.006736
    -0.006233   -0.005716   -0.005196   -0.004669   -0.004139   -0.003605   -0.003072   -0.002544
    -0.002014   -0.001493   -0.000982   -0.000475    0.000018    0.000498    0.000964    0.001415
     0.001850    0.002268    0.002668    0.003049    0.003411    0.003754    0.004077    0.004380
     0.004663    0.004927    0.005171    0.005397    0.005604    0.005793    0.005965    0.006121
     0.006261    0.006386    0.006497    0.006597    0.006684    0.006760    0.006827    0.006885
     0.006935    0.006977    0.007013    0.007043    0.007067    0.007095    0.007364    0.007364
     0.007364    0.007364    0.007364    0.007364    0.007364    0.007364    0.007364    0.007364
     0.007364
  1.000000  0.000000
     0.202730    0.202730    0.202730    0.202730    0.202730    0.202730    0.202730    0.202730
     0.202730    0.202730    0.202730    0.202730    0.202730    0.202730    0.202730    0.202730
     0.202730    0.202730    0.202730    0.202730    0.202730    0.202730    0.202730    0.202730
     0.202730    0.202730    0.202730    0.202730    0.202730    0.202730    0.202730    0.202730
     0.202730    0.202730    0.202730    0.202730    0.202730    0.202730    0.202730    0.202730
     0.202730    0.202730    0.202730    0.202730    0.202730    0.202730    0.202730    0.202730
     0.202730    0.202730    0.202730    0.202730    0.202730    0.202730    0.202730    0.202730
     0.202730    0.202730    0.202730    0.202730    0.202730    0.202730    0.202730    0.202730
     0.202730    0.202730    0.202730    0.202730    0.202730    0.202730    0.202730    0.202730
     0.202730    0.202730    0.202730    0.202730    0.202730    0.202730    0.202730    0.202730
     0.202730    0.202730    0.202730    0.202730    0.202730    0.202730    0.202730    0.202730
     0.202730    0.202730    0.202730    0.202730    0.202730    0.202730    0.202730    0.202730
     0.202730
 ***************************************************************
  ROW NUMBER           4  SECTION NUMBER            4
           0           0           0  IF_DESIGN etc 
   1.00000   0.00000    0
     0.417900    0.423446    0.428794    0.433822    0.438426    0.442520    0.446048    0.448979
     0.451313    0.453080    0.454339    0.455173    0.455687    0.456003    0.456251    0.456500
     0.456761    0.457033    0.457315    0.457606    0.457905    0.458213    0.458530    0.458859
     0.459199    0.459554    0.459924    0.460313    0.460722    0.461154    0.461611    0.462095
     0.462610    0.463156    0.463737    0.464353    0.465008    0.465703    0.466438    0.467216
     0.468036    0.468900    0.469809    0.470761    0.471757    0.472797    0.473879    0.475002
     0.476164    0.477365    0.478601    0.479870    0.481170    0.482498    0.483851    0.485225
     0.486616    0.488021    0.489437    0.490858    0.492281    0.493702    0.495116    0.496520
     0.497909    0.499279    0.500627    0.501950    0.503243    0.504504    0.505730    0.506920
     0.508071    0.509183    0.510255    0.511287    0.512281    0.513238    0.514162    0.515056
     0.515926    0.516777    0.517617    0.518454    0.519301    0.520167    0.520853    0.520167
     0.519470    0.518746    0.517977    0.517154    0.516268    0.515322    0.514320    0.513274
     0.512200
  1.000000  0.000000
    -0.018338   -0.018753   -0.019613   -0.020406   -0.020774   -0.020564   -0.019807   -0.018669
    -0.017377   -0.016146   -0.015125   -0.014379   -0.013890   -0.013579   -0.013329   -0.012647
    -0.012209   -0.011821   -0.011469   -0.011145   -0.010836   -0.010523   -0.010211   -0.009890
    -0.009566   -0.009234   -0.008893   -0.008544   -0.008185   -0.007813   -0.007428   -0.007032
    -0.006623   -0.006199   -0.005762   -0.005311   -0.004848   -0.004373   -0.003889   -0.003397
    -0.002896   -0.002391   -0.001884   -0.001375   -0.000869   -0.000366    0.000131    0.000617
     0.001093    0.001557    0.002005    0.002437    0.002851    0.003245    0.003619    0.003971
     0.004301    0.004609    0.004895    0.005159    0.005400    0.005621    0.005821    0.006002
     0.006164    0.006308    0.006436    0.006549    0.006647    0.006733    0.006807    0.006870
     0.006924    0.006969    0.007007    0.007038    0.007063    0.007083    0.007099    0.007111
     0.007119    0.007124    0.007127    0.007127    0.007124    0.007109    0.006848    0.006848
     0.006848    0.006848    0.006848    0.006848    0.006848    0.006848    0.006848    0.006848
     0.006848
  1.000000
    -0.018338   -0.018753   -0.019613   -0.020406   -0.020774   -0.020564   -0.019807   -0.018669
    -0.017377   -0.016146   -0.015125   -0.014379   -0.013890   -0.013579   -0.013329   -0.013568
    -0.013508   -0.013396   -0.013250   -0.013079   -0.012886   -0.012671   -0.012433   -0.012171
    -0.011894   -0.011611   -0.011319   -0.011022   -0.010711   -0.010384   -0.010049   -0.009702
    -0.009340   -0.008964   -0.008576   -0.008172   -0.007751   -0.007318   -0.006873   -0.006418
    -0.005952   -0.005474   -0.004991   -0.004501   -0.004007   -0.003510   -0.003013   -0.002520
    -0.002024   -0.001537   -0.001058   -0.000583   -0.000120    0.000331    0.000769    0.001194
     0.001604    0.001998    0.002376    0.002736    0.003078    0.003403    0.003709    0.003996
     0.004265    0.004515    0.004748    0.004962    0.005159    0.005339    0.005503    0.005651
     0.005785    0.005904    0.006011    0.006106    0.006189    0.006262    0.006326    0.006381
     0.006429    0.006470    0.006505    0.006533    0.006557    0.006583    0.006848    0.006848
     0.006848    0.006848    0.006848    0.006848    0.006848    0.006848    0.006848    0.006848
     0.006848
  1.000000  0.000000
     0.215460    0.215460    0.215460    0.215460    0.215460    0.215460    0.215460    0.215460
     0.215460    0.215460    0.215460    0.215460    0.215460    0.215460    0.215460    0.215460
     0.215460    0.215460    0.215460    0.215460    0.215460    0.215460    0.215460    0.215460
     0.215460    0.215460    0.215460    0.215460    0.215460    0.215460    0.215460    0.215460
     0.215460    0.215460    0.215460    0.215460    0.215460    0.215460    0.215460    0.215460
     0.215460    0.215460    0.215460    0.215460    0.215460    0.215460    0.215460    0.215460
     0.215460    0.215460    0.215460    0.215460    0.215460    0.215460    0.215460    0.215460
     0.215460    0.215460    0.215460    0.215460    0.215460    0.215460    0.215460    0.215460
     0.215460    0.215460    0.215460    0.215460    0.215460    0.215460    0.215460    0.215460
     0.215460    0.215460    0.215460    0.215460    0.215460    0.215460    0.215460    0.215460
     0.215460    0.215460    0.215460    0.215460    0.215460    0.215460    0.215460    0.215460
     0.215460    0.215460    0.215460    0.215460    0.215460    0.215460    0.215460    0.215460
     0.215460
 ***************************************************************
  ROW NUMBER           4  SECTION NUMBER            5
           0           0           0  IF_DESIGN etc 
   1.00000   0.00000    0
     0.417900    0.423489    0.428879    0.433945    0.438584    0.442709    0.446262    0.449212
     0.451561    0.453337    0.454600    0.455435    0.455947    0.456259    0.456503    0.456747
     0.457004    0.457272    0.457548    0.457834    0.458128    0.458430    0.458742    0.459064
     0.459399    0.459747    0.460111    0.460493    0.460895    0.461319    0.461768    0.462244
     0.462749    0.463286    0.463856    0.464462    0.465105    0.465788    0.466510    0.467274
     0.468080    0.468929    0.469821    0.470757    0.471735    0.472756    0.473819    0.474922
     0.476064    0.477243    0.478458    0.479705    0.480982    0.482286    0.483615    0.484965
     0.486331    0.487712    0.489102    0.490498    0.491896    0.493292    0.494681    0.496060
     0.497424    0.498771    0.500095    0.501394    0.502664    0.503903    0.505108    0.506276
     0.507407    0.508499    0.509552    0.510566    0.511543    0.512483    0.513390    0.514269
     0.515123    0.515959    0.516784    0.517607    0.518438    0.519289    0.519963    0.519289
     0.518609    0.517913    0.517192    0.516439    0.515652    0.514829    0.513975    0.513095
     0.512200
  1.000000  0.000000
    -0.018338   -0.018571   -0.019002   -0.019285   -0.019195   -0.018655   -0.017720   -0.016540
    -0.015299   -0.014165   -0.013248   -0.012589   -0.012164   -0.011896   -0.011683   -0.011097
    -0.010712   -0.010371   -0.010061   -0.009777   -0.009508   -0.009237   -0.008966   -0.008688
    -0.008406   -0.008117   -0.007820   -0.007516   -0.007202   -0.006877   -0.006541   -0.006194
    -0.005834   -0.005462   -0.005078   -0.004681   -0.004274   -0.003855   -0.003427   -0.002992
    -0.002550   -0.002102   -0.001653   -0.001201   -0.000753   -0.000307    0.000134    0.000566
     0.000989    0.001401    0.001799    0.002183    0.002550    0.002899    0.003230    0.003542
     0.003834    0.004106    0.004358    0.004590    0.004802    0.004995    0.005170    0.005328
     0.005469    0.005594    0.005704    0.005801    0.005885    0.005958    0.006021    0.006074
     0.006119    0.006157    0.006188    0.006213    0.006234    0.006249    0.006262    0.006270
     0.006276    0.006280    0.006281    0.006279    0.006276    0.006261    0.006007    0.006007
     0.006007    0.006007    0.006007    0.006007    0.006007    0.006007    0.006007    0.006007
     0.006007
  1.000000
    -0.018338   -0.018571   -0.019002   -0.019285   -0.019195   -0.018655   -0.017720   -0.016540
    -0.015299   -0.014165   -0.013248   -0.012589   -0.012164   -0.011896   -0.011683   -0.011945
    -0.011909   -0.011822   -0.011707   -0.011568   -0.011408   -0.011228   -0.011025   -0.010803
    -0.010568   -0.010328   -0.010080   -0.009827   -0.009560   -0.009282   -0.008995   -0.008698
    -0.008388   -0.008065   -0.007732   -0.007381   -0.007019   -0.006645   -0.006259   -0.005865
    -0.005457   -0.005041   -0.004619   -0.004191   -0.003757   -0.003321   -0.002884   -0.002449
    -0.002011   -0.001579   -0.001155   -0.000733   -0.000321    0.000081    0.000473    0.000853
     0.001221    0.001575    0.001915    0.002239    0.002548    0.002842    0.003119    0.003379
     0.003623    0.003851    0.004063    0.004258    0.004438    0.004603    0.004753    0.004889
     0.005011    0.005121    0.005219    0.005306    0.005383    0.005450    0.005509    0.005560
     0.005605    0.005643    0.005675    0.005702    0.005724    0.005749    0.006007    0.006007
     0.006007    0.006007    0.006007    0.006007    0.006007    0.006007    0.006007    0.006007
     0.006007
  1.000000  0.000000
     0.240920    0.240920    0.240920    0.240920    0.240920    0.240920    0.240920    0.240920
     0.240920    0.240920    0.240920    0.240920    0.240920    0.240920    0.240920    0.240920
     0.240920    0.240920    0.240920    0.240920    0.240920    0.240920    0.240920    0.240920
     0.240920    0.240920    0.240920    0.240920    0.240920    0.240920    0.240920    0.240920
     0.240920    0.240920    0.240920    0.240920    0.240920    0.240920    0.240920    0.240920
     0.240920    0.240920    0.240920    0.240920    0.240920    0.240920    0.240920    0.240920
     0.240920    0.240920    0.240920    0.240920    0.240920    0.240920    0.240920    0.240920
     0.240920    0.240920    0.240920    0.240920    0.240920    0.240920    0.240920    0.240920
     0.240920    0.240920    0.240920    0.240920    0.240920    0.240920    0.240920    0.240920
     0.240920    0.240920    0.240920    0.240920    0.240920    0.240920    0.240920    0.240920
     0.240920    0.240920    0.240920    0.240920    0.240920    0.240920    0.240920    0.240920
     0.240920    0.240920    0.240920    0.240920    0.240920    0.240920    0.240920    0.240920
     0.240920
 ***************************************************************
  ROW NUMBER           4  SECTION NUMBER            6
           0           0           0  IF_DESIGN etc 
   1.00000   0.00000    0
     0.417900    0.423511    0.428920    0.434006    0.438661    0.442801    0.446366    0.449327
     0.451682    0.453463    0.454729    0.455564    0.456076    0.456386    0.456628    0.456870
     0.457125    0.457391    0.457665    0.457948    0.458240    0.458540    0.458849    0.459169
     0.459501    0.459847    0.460208    0.460587    0.460986    0.461406    0.461852    0.462324
     0.462825    0.463358    0.463924    0.464525    0.465163    0.465840    0.466556    0.467314
     0.468114    0.468956    0.469842    0.470770    0.471741    0.472754    0.473808    0.474903
     0.476036    0.477206    0.478410    0.479648    0.480915    0.482209    0.483527    0.484866
     0.486222    0.487592    0.488971    0.490356    0.491743    0.493128    0.494506    0.495874
     0.497228    0.498564    0.499878    0.501166    0.502427    0.503656    0.504851    0.506010
     0.507132    0.508216    0.509261    0.510267    0.511235    0.512168    0.513069    0.513940
     0.514788    0.515617    0.516436    0.517252    0.518077    0.518921    0.519590    0.518921
     0.518248    0.517564    0.516863    0.516140    0.515393    0.514623    0.513830    0.513021
     0.512200
  1.000000  0.000000
    -0.018338   -0.018500   -0.018763   -0.018848   -0.018579   -0.017909   -0.016903   -0.015706
    -0.014484   -0.013385   -0.012508   -0.011882   -0.011480   -0.011230   -0.011030   -0.010468
    -0.010102   -0.009779   -0.009485   -0.009216   -0.008962   -0.008708   -0.008452   -0.008190
    -0.007925   -0.007653   -0.007372   -0.007086   -0.006790   -0.006483   -0.006166   -0.005838
    -0.005499   -0.005147   -0.004784   -0.004409   -0.004023   -0.003627   -0.003222   -0.002810
    -0.002391   -0.001967   -0.001542   -0.001114   -0.000689   -0.000266    0.000152    0.000561
     0.000962    0.001352    0.001729    0.002092    0.002440    0.002770    0.003083    0.003378
     0.003654    0.003911    0.004148    0.004367    0.004567    0.004748    0.004913    0.005060
     0.005192    0.005309    0.005412    0.005502    0.005580    0.005648    0.005706    0.005755
     0.005796    0.005830    0.005859    0.005881    0.005900    0.005914    0.005924    0.005932
     0.005937    0.005939    0.005940    0.005938    0.005934    0.005919    0.005667    0.005667
     0.005667    0.005667    0.005667    0.005667    0.005667    0.005667    0.005667    0.005667
     0.005667
  1.000000
    -0.018338   -0.018500   -0.018763   -0.018848   -0.018579   -0.017909   -0.016903   -0.015706
    -0.014484   -0.013385   -0.012508   -0.011882   -0.011480   -0.011230   -0.011030   -0.011290
    -0.011263   -0.011186   -0.011082   -0.010956   -0.010809   -0.010642   -0.010452   -0.010244
    -0.010025   -0.009801   -0.009571   -0.009334   -0.009086   -0.008826   -0.008558   -0.008280
    -0.007990   -0.007688   -0.007375   -0.007048   -0.006707   -0.006356   -0.005995   -0.005624
    -0.005241   -0.004850   -0.004453   -0.004050   -0.003641   -0.003230   -0.002817   -0.002405
    -0.001992   -0.001583   -0.001181   -0.000781   -0.000390   -0.000008    0.000364    0.000725
     0.001075    0.001413    0.001736    0.002046    0.002341    0.002621    0.002886    0.003135
     0.003369    0.003587    0.003790    0.003977    0.004150    0.004308    0.004452    0.004583
     0.004700    0.004806    0.004900    0.004984    0.005058    0.005123    0.005180    0.005230
     0.005273    0.005309    0.005341    0.005367    0.005388    0.005413    0.005667    0.005667
     0.005667    0.005667    0.005667    0.005667    0.005667    0.005667    0.005667    0.005667
     0.005667
  1.000000  0.000000
     0.253650    0.253650    0.253650    0.253650    0.253650    0.253650    0.253650    0.253650
     0.253650    0.253650    0.253650    0.253650    0.253650    0.253650    0.253650    0.253650
     0.253650    0.253650    0.253650    0.253650    0.253650    0.253650    0.253650    0.253650
     0.253650    0.253650    0.253650    0.253650    0.253650    0.253650    0.253650    0.253650
     0.253650    0.253650    0.253650    0.253650    0.253650    0.253650    0.253650    0.253650
     0.253650    0.253650    0.253650    0.253650    0.253650    0.253650    0.253650    0.253650
     0.253650    0.253650    0.253650    0.253650    0.253650    0.253650    0.253650    0.253650
     0.253650    0.253650    0.253650    0.253650    0.253650    0.253650    0.253650    0.253650
     0.253650    0.253650    0.253650    0.253650    0.253650    0.253650    0.253650    0.253650
     0.253650    0.253650    0.253650    0.253650    0.253650    0.253650    0.253650    0.253650
     0.253650    0.253650    0.253650    0.253650    0.253650    0.253650    0.253650    0.253650
     0.253650    0.253650    0.253650    0.253650    0.253650    0.253650    0.253650    0.253650
     0.253650
 ***************************************************************
  ROW NUMBER           4  SECTION NUMBER            7
           0           0           0  IF_DESIGN etc 
   1.00000   0.00000    0
     0.417900    0.423532    0.428961    0.434066    0.438738    0.442892    0.446470    0.449440
     0.451803    0.453589    0.454857    0.455693    0.456203    0.456512    0.456753    0.456993
     0.457246    0.457509    0.457782    0.458063    0.458352    0.458650    0.458957    0.459275
     0.459604    0.459947    0.460306    0.460682    0.461077    0.461495    0.461937    0.462406
     0.462903    0.463432    0.463993    0.464590    0.465223    0.465895    0.466606    0.467359
     0.468152    0.468988    0.469867    0.470788    0.471752    0.472757    0.473804    0.474890
     0.476014    0.477176    0.478371    0.479599    0.480857    0.482142    0.483450    0.484779
     0.486125    0.487484    0.488853    0.490228    0.491604    0.492978    0.494346    0.495704
     0.497048    0.498374    0.499678    0.500957    0.502208    0.503427    0.504614    0.505764
     0.506878    0.507953    0.508990    0.509989    0.510950    0.511876    0.512770    0.513635
     0.514476    0.515299    0.516111    0.516922    0.517740    0.518578    0.519242    0.518578
     0.517912    0.517239    0.516557    0.515862    0.515153    0.514431    0.513696    0.512951
     0.512200
  1.000000  0.000000
    -0.018338   -0.018436   -0.018551   -0.018459   -0.018030   -0.017245   -0.016177   -0.014964
    -0.013759   -0.012693   -0.011851   -0.011255   -0.010874   -0.010638   -0.010451   -0.009896
    -0.009547   -0.009239   -0.008960   -0.008704   -0.008463   -0.008224   -0.007982   -0.007734
    -0.007484   -0.007226   -0.006961   -0.006691   -0.006410   -0.006120   -0.005820   -0.005510
    -0.005188   -0.004855   -0.004511   -0.004155   -0.003790   -0.003414   -0.003030   -0.002639
    -0.002242   -0.001839   -0.001436   -0.001029   -0.000626   -0.000225    0.000172    0.000561
     0.000941    0.001311    0.001670    0.002014    0.002343    0.002657    0.002953    0.003232
     0.003493    0.003735    0.003960    0.004166    0.004355    0.004525    0.004680    0.004818
     0.004942    0.005051    0.005147    0.005231    0.005304    0.005366    0.005420    0.005465
     0.005503    0.005534    0.005559    0.005580    0.005596    0.005609    0.005618    0.005624
     0.005628    0.005630    0.005630    0.005627    0.005623    0.005608    0.005359    0.005359
     0.005359    0.005359    0.005359    0.005359    0.005359    0.005359    0.005359    0.005359
     0.005359
  1.000000
    -0.018338   -0.018436   -0.018551   -0.018459   -0.018030   -0.017245   -0.016177   -0.014964
    -0.013759   -0.012693   -0.011851   -0.011255   -0.010874   -0.010638   -0.010451   -0.010694
    -0.010674   -0.010607   -0.010513   -0.010398   -0.010262   -0.010107   -0.009929   -0.009735
    -0.009530   -0.009320   -0.009105   -0.008883   -0.008651   -0.008408   -0.008157   -0.007896
    -0.007624   -0.007340   -0.007047   -0.006740   -0.006420   -0.006090   -0.005750   -0.005401
    -0.005040   -0.004672   -0.004297   -0.003916   -0.003530   -0.003141   -0.002751   -0.002361
    -0.001969   -0.001582   -0.001200   -0.000821   -0.000450   -0.000086    0.000268    0.000612
     0.000946    0.001267    0.001576    0.001872    0.002154    0.002422    0.002676    0.002914
     0.003138    0.003348    0.003542    0.003723    0.003889    0.004041    0.004179    0.004305
     0.004418    0.004520    0.004611    0.004692    0.004764    0.004827    0.004882    0.004930
     0.004971    0.005007    0.005037    0.005062    0.005083    0.005108    0.005359    0.005359
     0.005359    0.005359    0.005359    0.005359    0.005359    0.005359    0.005359    0.005359
     0.005359
  1.000000  0.000000
     0.266380    0.266380    0.266380    0.266380    0.266380    0.266380    0.266380    0.266380
     0.266380    0.266380    0.266380    0.266380    0.266380    0.266380    0.266380    0.266380
     0.266380    0.266380    0.266380    0.266380    0.266380    0.266380    0.266380    0.266380
     0.266380    0.266380    0.266380    0.266380    0.266380    0.266380    0.266380    0.266380
     0.266380    0.266380    0.266380    0.266380    0.266380    0.266380    0.266380    0.266380
     0.266380    0.266380    0.266380    0.266380    0.266380    0.266380    0.266380    0.266380
     0.266380    0.266380    0.266380    0.266380    0.266380    0.266380    0.266380    0.266380
     0.266380    0.266380    0.266380    0.266380    0.266380    0.266380    0.266380    0.266380
     0.266380    0.266380    0.266380    0.266380    0.266380    0.266380    0.266380    0.266380
     0.266380    0.266380    0.266380    0.266380    0.266380    0.266380    0.266380    0.266380
     0.266380    0.266380    0.266380    0.266380    0.266380    0.266380    0.266380    0.266380
     0.266380    0.266380    0.266380    0.266380    0.266380    0.266380    0.266380    0.266380
     0.266380
 ***************************************************************
  ROW NUMBER           4  SECTION NUMBER            8
           0           0           0  IF_DESIGN etc 
   1.00000   0.00000    0
     0.417900    0.423573    0.429042    0.434184    0.438889    0.443073    0.446675    0.449664
     0.452041    0.453837    0.455110    0.455947    0.456457    0.456763    0.457000    0.457237
     0.457486    0.457746    0.458014    0.458291    0.458576    0.458870    0.459173    0.459486
     0.459810    0.460149    0.460502    0.460872    0.461263    0.461674    0.462110    0.462572
     0.463062    0.463583    0.464137    0.464725    0.465349    0.466011    0.466713    0.467454
     0.468236    0.469060    0.469926    0.470835    0.471784    0.472775    0.473807    0.474877
     0.475986    0.477131    0.478309    0.479520    0.480759    0.482025    0.483315    0.484625
     0.485951    0.487291    0.488641    0.489996    0.491353    0.492707    0.494056    0.495394
     0.496718    0.498025    0.499311    0.500571    0.501804    0.503007    0.504176    0.505310
     0.506408    0.507468    0.508490    0.509474    0.510422    0.511335    0.512215    0.513068
     0.513897    0.514708    0.515509    0.516308    0.517115    0.517941    0.518595    0.517941
     0.517287    0.516635    0.515988    0.515345    0.514707    0.514074    0.513446    0.512822
     0.512200
  1.000000  0.000000
    -0.018338   -0.018324   -0.018175   -0.017770   -0.017060   -0.016072   -0.014895   -0.013656
    -0.012482   -0.011475   -0.010695   -0.010152   -0.009809   -0.009598   -0.009433   -0.008873
    -0.008555   -0.008274   -0.008020   -0.007788   -0.007571   -0.007357   -0.007140   -0.006918
    -0.006694   -0.006463   -0.006225   -0.005982   -0.005730   -0.005468   -0.005199   -0.004920
    -0.004630   -0.004330   -0.004020   -0.003699   -0.003369   -0.003030   -0.002683   -0.002330
    -0.001971   -0.001607   -0.001242   -0.000875   -0.000510   -0.000146    0.000212    0.000564
     0.000908    0.001242    0.001566    0.001877    0.002174    0.002456    0.002723    0.002973
     0.003207    0.003425    0.003625    0.003810    0.003977    0.004129    0.004265    0.004387
     0.004496    0.004592    0.004675    0.004748    0.004811    0.004864    0.004910    0.004948
     0.004979    0.005005    0.005026    0.005043    0.005055    0.005065    0.005072    0.005076
     0.005078    0.005078    0.005077    0.005074    0.005069    0.005054    0.004810    0.004810
     0.004810    0.004810    0.004810    0.004810    0.004810    0.004810    0.004810    0.004810
     0.004810
  1.000000
    -0.018338   -0.018324   -0.018175   -0.017770   -0.017060   -0.016072   -0.014895   -0.013656
    -0.012482   -0.011475   -0.010695   -0.010152   -0.009809   -0.009598   -0.009433   -0.009630
    -0.009623   -0.009572   -0.009496   -0.009400   -0.009286   -0.009151   -0.008995   -0.008823
    -0.008644   -0.008460   -0.008271   -0.008074   -0.007872   -0.007660   -0.007438   -0.007207
    -0.006967   -0.006717   -0.006456   -0.006187   -0.005903   -0.005610   -0.005308   -0.004997
    -0.004678   -0.004348   -0.004013   -0.003673   -0.003329   -0.002979   -0.002628   -0.002277
    -0.001926   -0.001576   -0.001230   -0.000888   -0.000552   -0.000222    0.000100    0.000413
     0.000717    0.001011    0.001294    0.001565    0.001823    0.002070    0.002303    0.002523
     0.002730    0.002923    0.003103    0.003270    0.003424    0.003565    0.003694    0.003811
     0.003917    0.004012    0.004097    0.004172    0.004239    0.004298    0.004350    0.004395
     0.004434    0.004467    0.004496    0.004520    0.004540    0.004563    0.004810    0.004810
     0.004810    0.004810    0.004810    0.004810    0.004810    0.004810    0.004810    0.004810
     0.004810
  1.000000  0.000000
     0.291840    0.291840    0.291840    0.291840    0.291840    0.291840    0.291840    0.291840
     0.291840    0.291840    0.291840    0.291840    0.291840    0.291840    0.291840    0.291840
     0.291840    0.291840    0.291840    0.291840    0.291840    0.291840    0.291840    0.291840
     0.291840    0.291840    0.291840    0.291840    0.291840    0.291840    0.291840    0.291840
     0.291840    0.291840    0.291840    0.291840    0.291840    0.291840    0.291840    0.291840
     0.291840    0.291840    0.291840    0.291840    0.291840    0.291840    0.291840    0.291840
     0.291840    0.291840    0.291840    0.291840    0.291840    0.291840    0.291840    0.291840
     0.291840    0.291840    0.291840    0.291840    0.291840    0.291840    0.291840    0.291840
     0.291840    0.291840    0.291840    0.291840    0.291840    0.291840    0.291840    0.291840
     0.291840    0.291840    0.291840    0.291840    0.291840    0.291840    0.291840    0.291840
     0.291840    0.291840    0.291840    0.291840    0.291840    0.291840    0.291840    0.291840
     0.291840    0.291840    0.291840    0.291840    0.291840    0.291840    0.291840    0.291840
     0.291840
 ***************************************************************
  ROW NUMBER           4  SECTION NUMBER            9
           0           0           0  IF_DESIGN etc 
   1.00000   0.00000    0
     0.417900    0.423593    0.429083    0.434242    0.438964    0.443163    0.446777    0.449776
     0.452160    0.453960    0.455236    0.456074    0.456583    0.456887    0.457123    0.457358
     0.457606    0.457864    0.458131    0.458406    0.458689    0.458981    0.459281    0.459592
     0.459915    0.460250    0.460601    0.460969    0.461357    0.461766    0.462199    0.462657
     0.463144    0.463662    0.464212    0.464796    0.465416    0.466074    0.466770    0.467506
     0.468283    0.469102    0.469962    0.470864    0.471808    0.472792    0.473816    0.474880
     0.475981    0.477118    0.478288    0.479490    0.480722    0.481979    0.483260    0.484561
     0.485879    0.487210    0.488550    0.489896    0.491243    0.492589    0.493928    0.495258
     0.496573    0.497871    0.499148    0.500400    0.501625    0.502819    0.503980    0.505107
     0.506197    0.507250    0.508265    0.509243    0.510184    0.511090    0.511965    0.512812
     0.513635    0.514441    0.515237    0.516030    0.516832    0.517652    0.518302    0.517652
     0.517004    0.516362    0.515730    0.515111    0.514505    0.513913    0.513333    0.512764
     0.512200
  1.000000  0.000000
    -0.018338   -0.018276   -0.018013   -0.017472   -0.016640   -0.015563   -0.014338   -0.013086
    -0.011924   -0.010942   -0.010188   -0.009667   -0.009339   -0.009140   -0.008983   -0.008435
    -0.008130   -0.007860   -0.007616   -0.007394   -0.007187   -0.006984   -0.006778   -0.006566
    -0.006353   -0.006133   -0.005907   -0.005675   -0.005435   -0.005186   -0.004930   -0.004664
    -0.004387   -0.004101   -0.003805   -0.003500   -0.003185   -0.002862   -0.002530   -0.002193
    -0.001851   -0.001503   -0.001155   -0.000804   -0.000456   -0.000109    0.000233    0.000569
     0.000897    0.001216    0.001525    0.001821    0.002104    0.002373    0.002627    0.002865
     0.003087    0.003294    0.003484    0.003659    0.003817    0.003960    0.004089    0.004204
     0.004306    0.004396    0.004474    0.004542    0.004600    0.004650    0.004692    0.004727
     0.004756    0.004779    0.004798    0.004813    0.004824    0.004832    0.004838    0.004841
     0.004843    0.004843    0.004841    0.004837    0.004833    0.004817    0.004575    0.004575
     0.004575    0.004575    0.004575    0.004575    0.004575    0.004575    0.004575    0.004575
     0.004575
  1.000000
    -0.018338   -0.018276   -0.018013   -0.017472   -0.016640   -0.015563   -0.014338   -0.013086
    -0.011924   -0.010942   -0.010188   -0.009667   -0.009339   -0.009140   -0.008983   -0.009175
    -0.009173   -0.009129   -0.009061   -0.008972   -0.008867   -0.008741   -0.008594   -0.008432
    -0.008263   -0.008090   -0.007912   -0.007726   -0.007537   -0.007337   -0.007127   -0.006910
    -0.006683   -0.006447   -0.006201   -0.005946   -0.005677   -0.005401   -0.005115   -0.004820
    -0.004518   -0.004205   -0.003888   -0.003565   -0.003238   -0.002905   -0.002572   -0.002238
    -0.001903   -0.001570   -0.001239   -0.000913   -0.000592   -0.000277    0.000031    0.000331
     0.000623    0.000904    0.001175    0.001435    0.001684    0.001921    0.002145    0.002357
     0.002556    0.002743    0.002916    0.003078    0.003226    0.003363    0.003487    0.003600
     0.003703    0.003795    0.003877    0.003950    0.004015    0.004072    0.004123    0.004166
     0.004204    0.004237    0.004265    0.004288    0.004307    0.004331    0.004575    0.004575
     0.004575    0.004575    0.004575    0.004575    0.004575    0.004575    0.004575    0.004575
     0.004575
  1.000000  0.000000
     0.304570    0.304570    0.304570    0.304570    0.304570    0.304570    0.304570    0.304570
     0.304570    0.304570    0.304570    0.304570    0.304570    0.304570    0.304570    0.304570
     0.304570    0.304570    0.304570    0.304570    0.304570    0.304570    0.304570    0.304570
     0.304570    0.304570    0.304570    0.304570    0.304570    0.304570    0.304570    0.304570
     0.304570    0.304570    0.304570    0.304570    0.304570    0.304570    0.304570    0.304570
     0.304570    0.304570    0.304570    0.304570    0.304570    0.304570    0.304570    0.304570
     0.304570    0.304570    0.304570    0.304570    0.304570    0.304570    0.304570    0.304570
     0.304570    0.304570    0.304570    0.304570    0.304570    0.304570    0.304570    0.304570
     0.304570    0.304570    0.304570    0.304570    0.304570    0.304570    0.304570    0.304570
     0.304570    0.304570    0.304570    0.304570    0.304570    0.304570    0.304570    0.304570
     0.304570    0.304570    0.304570    0.304570    0.304570    0.304570    0.304570    0.304570
     0.304570    0.304570    0.304570    0.304570    0.304570    0.304570    0.304570    0.304570
     0.304570
 ***************************************************************
  ROW NUMBER           4  SECTION NUMBER            10
           0           0           0  IF_DESIGN etc 
   1.00000   0.00000    0
     0.417900    0.423604    0.429103    0.434271    0.439002    0.443207    0.446827    0.449831
     0.452219    0.454021    0.455298    0.456137    0.456646    0.456950    0.457184    0.457419
     0.457666    0.457923    0.458189    0.458463    0.458745    0.459036    0.459336    0.459646
     0.459967    0.460302    0.460651    0.461018    0.461405    0.461812    0.462244    0.462701
     0.463186    0.463702    0.464250    0.464832    0.465450    0.466106    0.466800    0.467534
     0.468308    0.469124    0.469982    0.470881    0.471821    0.472802    0.473823    0.474883
     0.475980    0.477114    0.478280    0.479479    0.480706    0.481959    0.483236    0.484533
     0.485846    0.487173    0.488508    0.489850    0.491193    0.492534    0.493869    0.495194
     0.496505    0.497799    0.499072    0.500320    0.501540    0.502731    0.503888    0.505011
     0.506098    0.507147    0.508159    0.509133    0.510071    0.510975    0.511847    0.512691
     0.513512    0.514315    0.515108    0.515899    0.516697    0.517515    0.518163    0.517515
     0.516870    0.516233    0.515608    0.515000    0.514409    0.513837    0.513280    0.512736
     0.512200
  1.000000  0.000000
    -0.018338   -0.018253   -0.017937   -0.017334   -0.016445   -0.015327   -0.014079   -0.012821
    -0.011663   -0.010692   -0.009950   -0.009438   -0.009118   -0.008923   -0.008771   -0.008234
    -0.007934   -0.007669   -0.007430   -0.007212   -0.007010   -0.006811   -0.006610   -0.006404
    -0.006195   -0.005980   -0.005759   -0.005533   -0.005298   -0.005055   -0.004804   -0.004544
    -0.004274   -0.003994   -0.003705   -0.003406   -0.003098   -0.002782   -0.002458   -0.002128
    -0.001793   -0.001454   -0.001113   -0.000770   -0.000429   -0.000090    0.000244    0.000573
     0.000894    0.001206    0.001507    0.001797    0.002073    0.002336    0.002584    0.002816
     0.003033    0.003234    0.003420    0.003590    0.003744    0.003884    0.004009    0.004120
     0.004219    0.004306    0.004382    0.004448    0.004504    0.004552    0.004592    0.004626
     0.004653    0.004676    0.004694    0.004708    0.004718    0.004726    0.004731    0.004734
     0.004735    0.004734    0.004732    0.004729    0.004724    0.004709    0.004467    0.004467
     0.004467    0.004467    0.004467    0.004467    0.004467    0.004467    0.004467    0.004467
     0.004467
  1.000000
    -0.018338   -0.018253   -0.017937   -0.017334   -0.016445   -0.015327   -0.014079   -0.012821
    -0.011663   -0.010692   -0.009950   -0.009438   -0.009118   -0.008923   -0.008771   -0.008966
    -0.008966   -0.008926   -0.008861   -0.008776   -0.008674   -0.008552   -0.008409   -0.008252
    -0.008087   -0.007920   -0.007746   -0.007566   -0.007381   -0.007187   -0.006983   -0.006771
    -0.006551   -0.006321   -0.006081   -0.005834   -0.005572   -0.005303   -0.005024   -0.004737
    -0.004443   -0.004138   -0.003828   -0.003513   -0.003195   -0.002870   -0.002544   -0.002218
    -0.001890   -0.001565   -0.001242   -0.000923   -0.000609   -0.000301    0.000001    0.000295
     0.000580    0.000856    0.001122    0.001377    0.001621    0.001853    0.002074    0.002282
     0.002477    0.002660    0.002831    0.002990    0.003136    0.003270    0.003393    0.003504
     0.003605    0.003695    0.003776    0.003849    0.003913    0.003969    0.004018    0.004061
     0.004099    0.004131    0.004159    0.004182    0.004201    0.004224    0.004467    0.004467
     0.004467    0.004467    0.004467    0.004467    0.004467    0.004467    0.004467    0.004467
     0.004467
  1.000000  0.000000
     0.310935    0.310935    0.310935    0.310935    0.310935    0.310935    0.310935    0.310935
     0.310935    0.310935    0.310935    0.310935    0.310935    0.310935    0.310935    0.310935
     0.310935    0.310935    0.310935    0.310935    0.310935    0.310935    0.310935    0.310935
     0.310935    0.310935    0.310935    0.310935    0.310935    0.310935    0.310935    0.310935
     0.310935    0.310935    0.310935    0.310935    0.310935    0.310935    0.310935    0.310935
     0.310935    0.310935    0.310935    0.310935    0.310935    0.310935    0.310935    0.310935
     0.310935    0.310935    0.310935    0.310935    0.310935    0.310935    0.310935    0.310935
     0.310935    0.310935    0.310935    0.310935    0.310935    0.310935    0.310935    0.310935
     0.310935    0.310935    0.310935    0.310935    0.310935    0.310935    0.310935    0.310935
     0.310935    0.310935    0.310935    0.310935    0.310935    0.310935    0.310935    0.310935
     0.310935    0.310935    0.310935    0.310935    0.310935    0.310935    0.310935    0.310935
     0.310935    0.310935    0.310935    0.310935    0.310935    0.310935    0.310935    0.310935
     0.310935
 ***************************************************************
  ROW NUMBER           4  SECTION NUMBER            11
           0           0           0  IF_DESIGN etc 
   1.00000   0.00000    0
     0.417900    0.423614    0.429123    0.434301    0.439039    0.443252    0.446878    0.449887
     0.452278    0.454082    0.455361    0.456200    0.456709    0.457012    0.457246    0.457480
     0.457726    0.457982    0.458247    0.458521    0.458802    0.459092    0.459390    0.459699
     0.460020    0.460353    0.460702    0.461067    0.461452    0.461859    0.462289    0.462744
     0.463228    0.463742    0.464289    0.464869    0.465485    0.466138    0.466830    0.467562
     0.468334    0.469147    0.470002    0.470898    0.471835    0.472813    0.473831    0.474887
     0.475981    0.477110    0.478273    0.479468    0.480691    0.481940    0.483213    0.484505
     0.485814    0.487137    0.488468    0.489805    0.491144    0.492481    0.493811    0.495132
     0.496439    0.497728    0.498997    0.500241    0.501458    0.502644    0.503798    0.504917
     0.506000    0.507046    0.508055    0.509026    0.509961    0.510862    0.511731    0.512572
     0.513390    0.514191    0.514981    0.515769    0.516565    0.517380    0.518026    0.517380
     0.516738    0.516105    0.515488    0.514891    0.514315    0.513762    0.513227    0.512709
     0.512200
  1.000000  0.000000
    -0.018338   -0.018231   -0.017864   -0.017199   -0.016254   -0.015095   -0.013825   -0.012560
    -0.011407   -0.010446   -0.009716   -0.009213   -0.008900   -0.008710   -0.008561   -0.008037
    -0.007742   -0.007483   -0.007248   -0.007035   -0.006837   -0.006642   -0.006446   -0.006244
    -0.006040   -0.005830   -0.005615   -0.005393   -0.005164   -0.004926   -0.004681   -0.004427
    -0.004163   -0.003889   -0.003606   -0.003314   -0.003013   -0.002704   -0.002387   -0.002064
    -0.001737   -0.001405   -0.001071   -0.000736   -0.000403   -0.000071    0.000256    0.000577
     0.000891    0.001196    0.001491    0.001774    0.002044    0.002300    0.002542    0.002769
     0.002981    0.003177    0.003358    0.003523    0.003673    0.003809    0.003931    0.004039
     0.004135    0.004219    0.004292    0.004356    0.004410    0.004456    0.004495    0.004527
     0.004553    0.004575    0.004592    0.004605    0.004615    0.004622    0.004626    0.004629
     0.004630    0.004629    0.004626    0.004623    0.004618    0.004603    0.004362    0.004362
     0.004362    0.004362    0.004362    0.004362    0.004362    0.004362    0.004362    0.004362
     0.004362
  1.000000
    -0.018338   -0.018231   -0.017864   -0.017199   -0.016254   -0.015095   -0.013825   -0.012560
    -0.011407   -0.010446   -0.009716   -0.009213   -0.008900   -0.008710   -0.008561   -0.008762
    -0.008765   -0.008727   -0.008665   -0.008584   -0.008485   -0.008368   -0.008228   -0.008075
    -0.007916   -0.007753   -0.007584   -0.007409   -0.007229   -0.007040   -0.006842   -0.006636
    -0.006422   -0.006198   -0.005965   -0.005723   -0.005469   -0.005206   -0.004935   -0.004655
    -0.004368   -0.004071   -0.003769   -0.003462   -0.003151   -0.002834   -0.002516   -0.002198
    -0.001878   -0.001560   -0.001244   -0.000932   -0.000625   -0.000323   -0.000028    0.000260
     0.000539    0.000810    0.001070    0.001320    0.001560    0.001788    0.002004    0.002208
     0.002400    0.002580    0.002748    0.002904    0.003048    0.003180    0.003300    0.003410
     0.003509    0.003598    0.003678    0.003749    0.003812    0.003868    0.003917    0.003959
     0.003996    0.004028    0.004055    0.004078    0.004097    0.004120    0.004362    0.004362
     0.004362    0.004362    0.004362    0.004362    0.004362    0.004362    0.004362    0.004362
     0.004362
  1.000000  0.000000
     0.317300    0.317300    0.317300    0.317300    0.317300    0.317300    0.317300    0.317300
     0.317300    0.317300    0.317300    0.317300    0.317300    0.317300    0.317300    0.317300
     0.317300    0.317300    0.317300    0.317300    0.317300    0.317300    0.317300    0.317300
     0.317300    0.317300    0.317300    0.317300    0.317300    0.317300    0.317300    0.317300
     0.317300    0.317300    0.317300    0.317300    0.317300    0.317300    0.317300    0.317300
     0.317300    0.317300    0.317300    0.317300    0.317300    0.317300    0.317300    0.317300
     0.317300    0.317300    0.317300    0.317300    0.317300    0.317300    0.317300    0.317300
     0.317300    0.317300    0.317300    0.317300    0.317300    0.317300    0.317300    0.317300
     0.317300    0.317300    0.317300    0.317300    0.317300    0.317300    0.317300    0.317300
     0.317300    0.317300    0.317300    0.317300    0.317300    0.317300    0.317300    0.317300
     0.317300    0.317300    0.317300    0.317300    0.317300    0.317300    0.317300    0.317300
     0.317300    0.317300    0.317300    0.317300    0.317300    0.317300    0.317300    0.317300
     0.317300
 ***************************************************************
 ************STARTING THE INPUT FOR EACH BLADE ROW**************
  BLADE ROW NUMBER =        5                                           
    NUMBER OF BLADES IN ROW 
        41
        JM        JLE       JTE 
        97        15        87
      KTIPSTART  KTIPEND 
         17         21
  FRACTIP1,     FRACTIP2 
  0.00972857       0.00972857
  FTHICK(K) 
1.000000 1.000000 1.000000 1.000000 1.000000 1.000000 1.000000 1.000000
1.000000 1.000000 1.000000 1.000000 1.000000 1.000000 1.000000 0.900000
0.500000 0.000000 0.000000 0.000000 0.000000
       BOUNDARY LAYER TRANSITION POINTS 
         0         0         0         0
  SET NEWGRID= 1 TO GENERATE A NEW GRID WITH DIFFERENT "J" POINTS AND SPACINGS.
         0
   RPMROW,    RPMHUB 
    10081.0    10081.0
       JROTHS    JROTHE    JROTTS    JROTTE 
         1         1         1         1
   PUPROW    PLEROW   PTEROW    PDROW 
   165971.8   165971.8   208864.0  208864.0
      NSECS_ROW   INSURF  
         11         0
  IF_CUSP   IFANGLES 
         0         0
 ***************************************************************
  ROW NUMBER           5  SECTION NUMBER            1
           0           0           0  IF_DESIGN etc 
   1.00000   0.00000    0
     0.526000    0.531206    0.536223    0.540937    0.545246    0.549071    0.552358    0.555076
     0.557227    0.558838    0.559966    0.560690    0.561109    0.561340    0.561507    0.561674
     0.561850    0.562033    0.562223    0.562418    0.562619    0.562826    0.563039    0.563260
     0.563489    0.563727    0.563976    0.564237    0.564512    0.564803    0.565110    0.565435
     0.565781    0.566148    0.566538    0.566953    0.567393    0.567860    0.568354    0.568877
     0.569428    0.570009    0.570620    0.571260    0.571929    0.572628    0.573355    0.574110
     0.574891    0.575698    0.576529    0.577382    0.578256    0.579148    0.580057    0.580981
     0.581916    0.582860    0.583811    0.584767    0.585723    0.586678    0.587628    0.588572
     0.589505    0.590427    0.591333    0.592221    0.593090    0.593938    0.594762    0.595562
     0.596336    0.597083    0.597803    0.598497    0.599165    0.599808    0.600429    0.601030
     0.601615    0.602186    0.602751    0.603314    0.603883    0.604465    0.604926    0.605388
     0.605855    0.606339    0.606849    0.607392    0.607971    0.608586    0.609235    0.609909
     0.610600
  1.000000  0.000000
     0.068040    0.065890    0.060368    0.052903    0.044791    0.037031    0.030261    0.024777
     0.020614    0.017642    0.015656    0.014427    0.013732    0.013355    0.013085    0.013313
     0.013259    0.013151    0.013010    0.012852    0.012671    0.012479    0.012273    0.012051
     0.011817    0.011561    0.011285    0.010988    0.010670    0.010342    0.010002    0.009653
     0.009282    0.008904    0.008512    0.008108    0.007690    0.007265    0.006821    0.006369
     0.005908    0.005442    0.004963    0.004481    0.003996    0.003510    0.003017    0.002529
     0.002042    0.001559    0.001080    0.000608    0.000144   -0.000312   -0.000758   -0.001193
    -0.001616   -0.002026   -0.002423   -0.002805   -0.003173   -0.003525   -0.003862   -0.004182
    -0.004486   -0.004774   -0.005045   -0.005299   -0.005538   -0.005760   -0.005967   -0.006158
    -0.006335   -0.006498   -0.006648   -0.006785   -0.006910   -0.007025   -0.007130   -0.007227
    -0.007315   -0.007397   -0.007472   -0.007542   -0.007609   -0.007694   -0.008020   -0.008057
    -0.008093   -0.008131   -0.008171   -0.008214   -0.008260   -0.008308   -0.008359   -0.008412
    -0.008466
  1.000000
     0.068040    0.065890    0.060368    0.052903    0.044791    0.037031    0.030261    0.024777
     0.020614    0.017642    0.015656    0.014427    0.013732    0.013355    0.013085    0.012267
     0.011787    0.011356    0.010962    0.010596    0.010246    0.009913    0.009594    0.009270
     0.008943    0.008612    0.008271    0.007924    0.007569    0.007203    0.006825    0.006436
     0.006037    0.005626    0.005202    0.004767    0.004322    0.003868    0.003405    0.002934
     0.002457    0.001978    0.001494    0.001012    0.000531    0.000053   -0.000419   -0.000883
    -0.001339   -0.001784   -0.002216   -0.002634   -0.003037   -0.003424   -0.003795   -0.004147
    -0.004481   -0.004797   -0.005095   -0.005374   -0.005635   -0.005879   -0.006104   -0.006314
    -0.006507   -0.006686   -0.006850   -0.007000   -0.007138   -0.007265   -0.007380   -0.007485
    -0.007581   -0.007669   -0.007749   -0.007822   -0.007889   -0.007950   -0.008007   -0.008059
    -0.008108   -0.008153   -0.008197   -0.008238   -0.008278   -0.008285   -0.008020   -0.008057
    -0.008093   -0.008131   -0.008171   -0.008214   -0.008260   -0.008308   -0.008359   -0.008412
    -0.008466
  1.000000  0.000000
     0.190000    0.190000    0.190000    0.190000    0.190000    0.190000    0.190000    0.190000
     0.190000    0.190000    0.190000    0.190000    0.190000    0.190000    0.190000    0.190000
     0.190000    0.190000    0.190000    0.190000    0.190000    0.190000    0.190000    0.190000
     0.190000    0.190000    0.190000    0.190000    0.190000    0.190000    0.190000    0.190000
     0.190000    0.190000    0.190000    0.190000    0.190000    0.190000    0.190000    0.190000
     0.190000    0.190000    0.190000    0.190000    0.190000    0.190000    0.190000    0.190000
     0.190000    0.190000    0.190000    0.190000    0.190000    0.190000    0.190000    0.190000
     0.190000    0.190000    0.190000    0.190000    0.190000    0.190000    0.190000    0.190000
     0.190000    0.190000    0.190000    0.190000    0.190000    0.190000    0.190000    0.190000
     0.190000    0.190000    0.190000    0.190000    0.190000    0.190000    0.190000    0.190000
     0.190000    0.190000    0.190000    0.190000    0.190000    0.190000    0.190000    0.190000
     0.190000    0.190000    0.190000    0.190000    0.190000    0.190000    0.190000    0.190000
     0.190000
 ***************************************************************
  ROW NUMBER           5  SECTION NUMBER            2
           0           0           0  IF_DESIGN etc 
   1.00000   0.00000    0
     0.526000    0.531213    0.536236    0.540956    0.545270    0.549101    0.552391    0.555112
     0.557266    0.558879    0.560007    0.560731    0.561151    0.561382    0.561549    0.561715
     0.561891    0.562073    0.562263    0.562457    0.562658    0.562865    0.563078    0.563298
     0.563526    0.563764    0.564013    0.564273    0.564548    0.564838    0.565144    0.565469
     0.565814    0.566181    0.566570    0.566984    0.567423    0.567889    0.568382    0.568904
     0.569454    0.570034    0.570644    0.571282    0.571951    0.572648    0.573374    0.574127
     0.574907    0.575712    0.576541    0.577393    0.578265    0.579156    0.580063    0.580985
     0.581918    0.582861    0.583810    0.584764    0.585718    0.586671    0.587620    0.588562
     0.589494    0.590413    0.591317    0.592205    0.593072    0.593918    0.594741    0.595539
     0.596311    0.597057    0.597776    0.598468    0.599135    0.599777    0.600397    0.600997
     0.601580    0.602151    0.602714    0.603276    0.603844    0.604425    0.604886    0.605346
     0.605813    0.606297    0.606808    0.607354    0.607938    0.608559    0.609216    0.609899
     0.610600
  1.000000  0.000000
     0.068040    0.065973    0.060648    0.053422    0.045534    0.037946    0.031284    0.025850
     0.021694    0.018707    0.016698    0.015450    0.014742    0.014357    0.014082    0.014306
     0.014247    0.014133    0.013986    0.013820    0.013633    0.013432    0.013216    0.012984
     0.012737    0.012468    0.012178    0.011866    0.011536    0.011195    0.010841    0.010475
     0.010088    0.009692    0.009281    0.008855    0.008416    0.007964    0.007494    0.007013
     0.006521    0.006021    0.005508    0.004989    0.004463    0.003935    0.003399    0.002864
     0.002328    0.001794    0.001262    0.000735    0.000214   -0.000301   -0.000807   -0.001304
    -0.001791   -0.002265   -0.002728   -0.003177   -0.003611   -0.004031   -0.004435   -0.004823
    -0.005194   -0.005549   -0.005886   -0.006205   -0.006508   -0.006793   -0.007061   -0.007312
    -0.007546   -0.007766   -0.007970   -0.008159   -0.008336   -0.008500   -0.008652   -0.008794
    -0.008928   -0.009054   -0.009173   -0.009287   -0.009397   -0.009524   -0.009886   -0.009958
    -0.010031   -0.010107   -0.010188   -0.010275   -0.010368   -0.010467   -0.010573   -0.010683
    -0.010795
  1.000000
     0.068040    0.065973    0.060648    0.053422    0.045534    0.037946    0.031284    0.025850
     0.021694    0.018707    0.016698    0.015450    0.014742    0.014357    0.014082    0.013257
     0.012771    0.012335    0.011935    0.011561    0.011207    0.010868    0.010538    0.010204
     0.009867    0.009523    0.009170    0.008810    0.008440    0.008059    0.007665    0.007259
     0.006840    0.006408    0.005963    0.005505    0.005034    0.004553    0.004060    0.003559
     0.003049    0.002534    0.002014    0.001493    0.000970    0.000449   -0.000068   -0.000580
    -0.001086   -0.001582   -0.002067   -0.002540   -0.003000   -0.003446   -0.003876   -0.004290
    -0.004687   -0.005066   -0.005428   -0.005773   -0.006100   -0.006409   -0.006702   -0.006977
    -0.007237   -0.007481   -0.007710   -0.007924   -0.008125   -0.008313   -0.008489   -0.008653
    -0.008807   -0.008950   -0.009084   -0.009209   -0.009326   -0.009436   -0.009540   -0.009638
    -0.009731   -0.009820   -0.009907   -0.009992   -0.010075   -0.010126   -0.009886   -0.009958
    -0.010031   -0.010107   -0.010188   -0.010275   -0.010368   -0.010467   -0.010573   -0.010683
    -0.010795
  1.000000  0.000000
     0.196365    0.196365    0.196365    0.196365    0.196365    0.196365    0.196365    0.196365
     0.196365    0.196365    0.196365    0.196365    0.196365    0.196365    0.196365    0.196365
     0.196365    0.196365    0.196365    0.196365    0.196365    0.196365    0.196365    0.196365
     0.196365    0.196365    0.196365    0.196365    0.196365    0.196365    0.196365    0.196365
     0.196365    0.196365    0.196365    0.196365    0.196365    0.196365    0.196365    0.196365
     0.196365    0.196365    0.196365    0.196365    0.196365    0.196365    0.196365    0.196365
     0.196365    0.196365    0.196365    0.196365    0.196365    0.196365    0.196365    0.196365
     0.196365    0.196365    0.196365    0.196365    0.196365    0.196365    0.196365    0.196365
     0.196365    0.196365    0.196365    0.196365    0.196365    0.196365    0.196365    0.196365
     0.196365    0.196365    0.196365    0.196365    0.196365    0.196365    0.196365    0.196365
     0.196365    0.196365    0.196365    0.196365    0.196365    0.196365    0.196365    0.196365
     0.196365    0.196365    0.196365    0.196365    0.196365    0.196365    0.196365    0.196365
     0.196365
 ***************************************************************
  ROW NUMBER           5  SECTION NUMBER            3
           0           0           0  IF_DESIGN etc 
   1.00000   0.00000    0
     0.526000    0.531219    0.536249    0.540974    0.545294    0.549129    0.552424    0.555148
     0.557304    0.558919    0.560048    0.560773    0.561193    0.561423    0.561590    0.561756
     0.561931    0.562114    0.562302    0.562497    0.562697    0.562903    0.563116    0.563336
     0.563564    0.563801    0.564049    0.564309    0.564583    0.564873    0.565179    0.565503
     0.565847    0.566213    0.566602    0.567015    0.567453    0.567918    0.568411    0.568931
     0.569481    0.570060    0.570668    0.571306    0.571973    0.572669    0.573393    0.574145
     0.574923    0.575727    0.576555    0.577405    0.578275    0.579165    0.580070    0.580990
     0.581922    0.582863    0.583810    0.584762    0.585715    0.586666    0.587613    0.588553
     0.589483    0.590401    0.591304    0.592189    0.593055    0.593899    0.594721    0.595517
     0.596288    0.597032    0.597750    0.598441    0.599107    0.599748    0.600366    0.600965
     0.601547    0.602117    0.602679    0.603241    0.603807    0.604387    0.604847    0.605306
     0.605772    0.606257    0.606769    0.607318    0.607906    0.608534    0.609198    0.609890
     0.610600
  1.000000  0.000000
     0.068040    0.066054    0.060923    0.053932    0.046264    0.038847    0.032293    0.026910
     0.022764    0.019764    0.017734    0.016467    0.015747    0.015356    0.015075    0.015296
     0.015233    0.015114    0.014961    0.014789    0.014596    0.014386    0.014161    0.013920
     0.013662    0.013379    0.013075    0.012749    0.012407    0.012053    0.011686    0.011302
     0.010901    0.010486    0.010056    0.009609    0.009148    0.008669    0.008173    0.007665
     0.007142    0.006608    0.006060    0.005504    0.004939    0.004368    0.003788    0.003207
     0.002622    0.002037    0.001452    0.000870    0.000291   -0.000283   -0.000850   -0.001409
    -0.001960   -0.002500   -0.003028   -0.003544   -0.004046   -0.004534   -0.005007   -0.005463
    -0.005902   -0.006324   -0.006728   -0.007114   -0.007481   -0.007830   -0.008160   -0.008472
    -0.008765   -0.009042   -0.009301   -0.009544   -0.009772   -0.009986   -0.010187   -0.010376
    -0.010556   -0.010726   -0.010890   -0.011049   -0.011204   -0.011373   -0.011771   -0.011881
    -0.011991   -0.012106   -0.012229   -0.012360   -0.012502   -0.012653   -0.012813   -0.012981
    -0.013153
  1.000000
     0.068040    0.066054    0.060923    0.053932    0.046264    0.038847    0.032293    0.026910
     0.022764    0.019764    0.017734    0.016467    0.015747    0.015356    0.015075    0.014243
     0.013750    0.013308    0.012902    0.012521    0.012163    0.011818    0.011478    0.011135
     0.010787    0.010431    0.010067    0.009693    0.009309    0.008913    0.008503    0.008080
     0.007643    0.007190    0.006723    0.006242    0.005746    0.005237    0.004716    0.004184
     0.003642    0.003092    0.002535    0.001974    0.001411    0.000847    0.000284   -0.000276
    -0.000830   -0.001377   -0.001916   -0.002444   -0.002961   -0.003466   -0.003956   -0.004431
    -0.004891   -0.005335   -0.005762   -0.006172   -0.006566   -0.006942   -0.007301   -0.007644
    -0.007970   -0.008281   -0.008576   -0.008855   -0.009120   -0.009370   -0.009607   -0.009831
    -0.010043   -0.010243   -0.010431   -0.010609   -0.010778   -0.010937   -0.011088   -0.011233
    -0.011372   -0.011506   -0.011636   -0.011765   -0.011894   -0.011989   -0.011771   -0.011881
    -0.011991   -0.012106   -0.012229   -0.012360   -0.012502   -0.012653   -0.012813   -0.012981
    -0.013153
  1.000000  0.000000
     0.202730    0.202730    0.202730    0.202730    0.202730    0.202730    0.202730    0.202730
     0.202730    0.202730    0.202730    0.202730    0.202730    0.202730    0.202730    0.202730
     0.202730    0.202730    0.202730    0.202730    0.202730    0.202730    0.202730    0.202730
     0.202730    0.202730    0.202730    0.202730    0.202730    0.202730    0.202730    0.202730
     0.202730    0.202730    0.202730    0.202730    0.202730    0.202730    0.202730    0.202730
     0.202730    0.202730    0.202730    0.202730    0.202730    0.202730    0.202730    0.202730
     0.202730    0.202730    0.202730    0.202730    0.202730    0.202730    0.202730    0.202730
     0.202730    0.202730    0.202730    0.202730    0.202730    0.202730    0.202730    0.202730
     0.202730    0.202730    0.202730    0.202730    0.202730    0.202730    0.202730    0.202730
     0.202730    0.202730    0.202730    0.202730    0.202730    0.202730    0.202730    0.202730
     0.202730    0.202730    0.202730    0.202730    0.202730    0.202730    0.202730    0.202730
     0.202730    0.202730    0.202730    0.202730    0.202730    0.202730    0.202730    0.202730
     0.202730
 ***************************************************************
  ROW NUMBER           5  SECTION NUMBER            4
           0           0           0  IF_DESIGN etc 
   1.00000   0.00000    0
     0.526000    0.531232    0.536275    0.541012    0.545343    0.549188    0.552490    0.555221
     0.557381    0.558999    0.560131    0.560857    0.561276    0.561507    0.561672    0.561838
     0.562012    0.562194    0.562382    0.562576    0.562775    0.562981    0.563193    0.563412
     0.563639    0.563875    0.564122    0.564382    0.564655    0.564943    0.565247    0.565571
     0.565914    0.566278    0.566665    0.567077    0.567514    0.567977    0.568467    0.568986
     0.569533    0.570110    0.570716    0.571351    0.572016    0.572709    0.573431    0.574180
     0.574955    0.575756    0.576580    0.577427    0.578295    0.579180    0.580083    0.580999
     0.581927    0.582864    0.583808    0.584756    0.585706    0.586653    0.587597    0.588533
     0.589460    0.590374    0.591273    0.592155    0.593018    0.593859    0.594677    0.595471
     0.596238    0.596980    0.597695    0.598384    0.599047    0.599685    0.600301    0.600898
     0.601478    0.602045    0.602606    0.603165    0.603729    0.604307    0.604765    0.605223
     0.605688    0.606172    0.606688    0.607242    0.607839    0.608480    0.609159    0.609870
     0.610600
  1.000000  0.000000
     0.068040    0.066221    0.061486    0.054975    0.047755    0.040683    0.034346    0.029062
     0.024931    0.021899    0.019823    0.018516    0.017769    0.017363    0.017071    0.017283
     0.017209    0.017080    0.016913    0.016725    0.016519    0.016291    0.016047    0.015786
     0.015502    0.015192    0.014859    0.014504    0.014137    0.013757    0.013362    0.012944
     0.012511    0.012061    0.011591    0.011101    0.010595    0.010063    0.009515    0.008949
     0.008365    0.007764    0.007147    0.006515    0.005870    0.005214    0.004548    0.003872
     0.003190    0.002503    0.001812    0.001120    0.000427   -0.000264   -0.000952   -0.001636
    -0.002312   -0.002981   -0.003641   -0.004290   -0.004925   -0.005548   -0.006155   -0.006746
    -0.007319   -0.007874   -0.008410   -0.008926   -0.009420   -0.009894   -0.010346   -0.010777
    -0.011186   -0.011575   -0.011942   -0.012290   -0.012619   -0.012931   -0.013226   -0.013508
    -0.013776   -0.014035   -0.014286   -0.014531   -0.014775   -0.015027   -0.015494   -0.015675
    -0.015859   -0.016050   -0.016254   -0.016473   -0.016709   -0.016962   -0.017231   -0.017512
    -0.017801
  1.000000
     0.068040    0.066221    0.061486    0.054975    0.047755    0.040683    0.034346    0.029062
     0.024931    0.021899    0.019823    0.018516    0.017769    0.017363    0.017071    0.016225
     0.015719    0.015268    0.014849    0.014454    0.014087    0.013730    0.013369    0.013006
     0.012635    0.012255    0.011867    0.011466    0.011052    0.010626    0.010184    0.009725
     0.009250    0.008757    0.008245    0.007716    0.007170    0.006606    0.006026    0.005433
     0.004825    0.004204    0.003574    0.002934    0.002288    0.001638    0.000984    0.000329
    -0.000324   -0.000974   -0.001619   -0.002258   -0.002888   -0.003509   -0.004120   -0.004718
    -0.005303   -0.005874   -0.006429   -0.006970   -0.007495   -0.008003   -0.008496   -0.008971
    -0.009429   -0.009870   -0.010294   -0.010701   -0.011092   -0.011466   -0.011823   -0.012164
    -0.012490   -0.012801   -0.013096   -0.013378   -0.013647   -0.013903   -0.014148   -0.014384
    -0.014612   -0.014833   -0.015051   -0.015266   -0.015483   -0.015663   -0.015494   -0.015675
    -0.015859   -0.016050   -0.016254   -0.016473   -0.016709   -0.016962   -0.017231   -0.017512
    -0.017801
  1.000000  0.000000
     0.215460    0.215460    0.215460    0.215460    0.215460    0.215460    0.215460    0.215460
     0.215460    0.215460    0.215460    0.215460    0.215460    0.215460    0.215460    0.215460
     0.215460    0.215460    0.215460    0.215460    0.215460    0.215460    0.215460    0.215460
     0.215460    0.215460    0.215460    0.215460    0.215460    0.215460    0.215460    0.215460
     0.215460    0.215460    0.215460    0.215460    0.215460    0.215460    0.215460    0.215460
     0.215460    0.215460    0.215460    0.215460    0.215460    0.215460    0.215460    0.215460
     0.215460    0.215460    0.215460    0.215460    0.215460    0.215460    0.215460    0.215460
     0.215460    0.215460    0.215460    0.215460    0.215460    0.215460    0.215460    0.215460
     0.215460    0.215460    0.215460    0.215460    0.215460    0.215460    0.215460    0.215460
     0.215460    0.215460    0.215460    0.215460    0.215460    0.215460    0.215460    0.215460
     0.215460    0.215460    0.215460    0.215460    0.215460    0.215460    0.215460    0.215460
     0.215460    0.215460    0.215460    0.215460    0.215460    0.215460    0.215460    0.215460
     0.215460
 ***************************************************************
  ROW NUMBER           5  SECTION NUMBER            5
           0           0           0  IF_DESIGN etc 
   1.00000   0.00000    0
     0.526000    0.531260    0.536329    0.541091    0.545444    0.549308    0.552626    0.555370
     0.557541    0.559165    0.560301    0.561028    0.561447    0.561676    0.561840    0.562004
     0.562176    0.562356    0.562542    0.562734    0.562931    0.563134    0.563343    0.563560
     0.563785    0.564019    0.564263    0.564520    0.564789    0.565074    0.565376    0.565696
     0.566035    0.566395    0.566778    0.567185    0.567617    0.568076    0.568561    0.569074
     0.569615    0.570185    0.570785    0.571413    0.572070    0.572756    0.573470    0.574211
     0.574978    0.575770    0.576585    0.577423    0.578281    0.579157    0.580049    0.580956
     0.581874    0.582801    0.583735    0.584672    0.585611    0.586548    0.587482    0.588408
     0.589324    0.590228    0.591118    0.591990    0.592843    0.593675    0.594485    0.595269
     0.596029    0.596762    0.597470    0.598151    0.598806    0.599438    0.600048    0.600638
     0.601211    0.601773    0.602327    0.602880    0.603438    0.604009    0.604462    0.604915
     0.605377    0.605864    0.606391    0.606967    0.607599    0.608286    0.609022    0.609798
     0.610600
  1.000000  0.000000
     0.068040    0.066569    0.062658    0.057138    0.050833    0.044451    0.038530    0.033416
     0.029280    0.026152    0.023958    0.022553    0.021743    0.021301    0.020985    0.021163
     0.021061    0.020899    0.020699    0.020472    0.020225    0.019958    0.019668    0.019348
     0.019000    0.018630    0.018243    0.017840    0.017423    0.016985    0.016529    0.016048
     0.015548    0.015023    0.014473    0.013898    0.013299    0.012669    0.012015    0.011335
     0.010628    0.009898    0.009143    0.008366    0.007566    0.006748    0.005911    0.005057
     0.004189    0.003308    0.002416    0.001515    0.000608   -0.000304   -0.001219   -0.002133
    -0.003045   -0.003953   -0.004855   -0.005747   -0.006629   -0.007497   -0.008351   -0.009186
    -0.010003   -0.010799   -0.011573   -0.012322   -0.013047   -0.013744   -0.014415   -0.015058
    -0.015674   -0.016262   -0.016822   -0.017355   -0.017864   -0.018348   -0.018811   -0.019254
    -0.019680   -0.020093   -0.020497   -0.020895   -0.021293   -0.021696   -0.022269   -0.022576
    -0.022889   -0.023219   -0.023575   -0.023964   -0.024390   -0.024853   -0.025349   -0.025871
    -0.026411
  1.000000
     0.068040    0.066569    0.062658    0.057138    0.050833    0.044451    0.038530    0.033416
     0.029280    0.026152    0.023958    0.022553    0.021743    0.021301    0.020985    0.020121
     0.019596    0.019130    0.018693    0.018283    0.017893    0.017502    0.017101    0.016696
     0.016279    0.015852    0.015414    0.014958    0.014488    0.014001    0.013493    0.012964
     0.012413    0.011839    0.011241    0.010622    0.009973    0.009303    0.008609    0.007893
     0.007157    0.006400    0.005624    0.004832    0.004026    0.003207    0.002378    0.001540
     0.000696   -0.000152   -0.001002   -0.001852   -0.002700   -0.003543   -0.004381   -0.005211
    -0.006032   -0.006842   -0.007640   -0.008424   -0.009194   -0.009948   -0.010686   -0.011405
    -0.012106   -0.012787   -0.013449   -0.014089   -0.014709   -0.015306   -0.015882   -0.016436
    -0.016968   -0.017478   -0.017966   -0.018434   -0.018883   -0.019313   -0.019726   -0.020124
    -0.020510   -0.020887   -0.021258   -0.021627   -0.021999   -0.022343   -0.022269   -0.022576
    -0.022889   -0.023219   -0.023575   -0.023964   -0.024390   -0.024853   -0.025349   -0.025871
    -0.026411
  1.000000  0.000000
     0.240920    0.240920    0.240920    0.240920    0.240920    0.240920    0.240920    0.240920
     0.240920    0.240920    0.240920    0.240920    0.240920    0.240920    0.240920    0.240920
     0.240920    0.240920    0.240920    0.240920    0.240920    0.240920    0.240920    0.240920
     0.240920    0.240920    0.240920    0.240920    0.240920    0.240920    0.240920    0.240920
     0.240920    0.240920    0.240920    0.240920    0.240920    0.240920    0.240920    0.240920
     0.240920    0.240920    0.240920    0.240920    0.240920    0.240920    0.240920    0.240920
     0.240920    0.240920    0.240920    0.240920    0.240920    0.240920    0.240920    0.240920
     0.240920    0.240920    0.240920    0.240920    0.240920    0.240920    0.240920    0.240920
     0.240920    0.240920    0.240920    0.240920    0.240920    0.240920    0.240920    0.240920
     0.240920    0.240920    0.240920    0.240920    0.240920    0.240920    0.240920    0.240920
     0.240920    0.240920    0.240920    0.240920    0.240920    0.240920    0.240920    0.240920
     0.240920    0.240920    0.240920    0.240920    0.240920    0.240920    0.240920    0.240920
     0.240920
 ***************************************************************
  ROW NUMBER           5  SECTION NUMBER            6
           0           0           0  IF_DESIGN etc 
   1.00000   0.00000    0
     0.526000    0.531274    0.536357    0.541131    0.545496    0.549370    0.552696    0.555447
     0.557622    0.559250    0.560387    0.561114    0.561533    0.561761    0.561923    0.562086
     0.562257    0.562435    0.562620    0.562810    0.563006    0.563207    0.563415    0.563630
     0.563853    0.564085    0.564327    0.564582    0.564849    0.565132    0.565431    0.565748
     0.566085    0.566442    0.566822    0.567226    0.567654    0.568109    0.568590    0.569099
     0.569636    0.570202    0.570796    0.571419    0.572071    0.572751    0.573459    0.574194
     0.574955    0.575741    0.576550    0.577380    0.578231    0.579100    0.579985    0.580884
     0.581795    0.582715    0.583641    0.584571    0.585502    0.586432    0.587357    0.588276
     0.589185    0.590082    0.590964    0.591830    0.592676    0.593501    0.594304    0.595082
     0.595836    0.596563    0.597265    0.597940    0.598591    0.599217    0.599822    0.600407
     0.600976    0.601533    0.602082    0.602631    0.603185    0.603751    0.604201    0.604650
     0.605110    0.605599    0.606136    0.606732    0.607393    0.608119    0.608905    0.609737
     0.610600
  1.000000  0.000000
     0.068040    0.066732    0.063207    0.058151    0.052272    0.046210    0.040478    0.035437
     0.031293    0.028116    0.025864    0.024411    0.023571    0.023113    0.022785    0.022947
     0.022832    0.022654    0.022440    0.022196    0.021929    0.021638    0.021319    0.020967
     0.020590    0.020195    0.019786    0.019363    0.018923    0.018458    0.017974    0.017466
     0.016934    0.016375    0.015789    0.015174    0.014532    0.013858    0.013156    0.012424
     0.011662    0.010873    0.010056    0.009213    0.008344    0.007452    0.006538    0.005603
     0.004651    0.003682    0.002700    0.001706    0.000702   -0.000308   -0.001323   -0.002341
    -0.003358   -0.004372   -0.005381   -0.006381   -0.007371   -0.008348   -0.009310   -0.010253
    -0.011177   -0.012079   -0.012956   -0.013808   -0.014632   -0.015428   -0.016194   -0.016930
    -0.017635   -0.018310   -0.018954   -0.019568   -0.020154   -0.020714   -0.021249   -0.021762
    -0.022257   -0.022737   -0.023207   -0.023671   -0.024135   -0.024606   -0.025225   -0.025586
    -0.025956   -0.026350   -0.026782   -0.027261   -0.027793   -0.028377   -0.029009   -0.029678
    -0.030372
  1.000000
     0.068040    0.066732    0.063207    0.058151    0.052272    0.046210    0.040478    0.035437
     0.031293    0.028116    0.025864    0.024411    0.023571    0.023113    0.022785    0.021919
     0.021389    0.020919    0.020481    0.020069    0.019668    0.019260    0.018843    0.018420
     0.017984    0.017538    0.017078    0.016600    0.016106    0.015593    0.015058    0.014498
     0.013915    0.013306    0.012671    0.012013    0.011319    0.010602    0.009859    0.009088
     0.008295    0.007477    0.006637    0.005777    0.004899    0.004003    0.003095    0.002174
     0.001243    0.000305   -0.000638   -0.001584   -0.002530   -0.003475   -0.004416   -0.005352
    -0.006280   -0.007199   -0.008107   -0.009002   -0.009883   -0.010748   -0.011597   -0.012426
    -0.013237   -0.014026   -0.014794   -0.015539   -0.016261   -0.016959   -0.017632   -0.018281
    -0.018904   -0.019503   -0.020077   -0.020627   -0.021155   -0.021661   -0.022148   -0.022618
    -0.023074   -0.023519   -0.023957   -0.024394   -0.024833   -0.025254   -0.025225   -0.025586
    -0.025956   -0.026350   -0.026782   -0.027261   -0.027793   -0.028377   -0.029009   -0.029678
    -0.030372
  1.000000  0.000000
     0.253650    0.253650    0.253650    0.253650    0.253650    0.253650    0.253650    0.253650
     0.253650    0.253650    0.253650    0.253650    0.253650    0.253650    0.253650    0.253650
     0.253650    0.253650    0.253650    0.253650    0.253650    0.253650    0.253650    0.253650
     0.253650    0.253650    0.253650    0.253650    0.253650    0.253650    0.253650    0.253650
     0.253650    0.253650    0.253650    0.253650    0.253650    0.253650    0.253650    0.253650
     0.253650    0.253650    0.253650    0.253650    0.253650    0.253650    0.253650    0.253650
     0.253650    0.253650    0.253650    0.253650    0.253650    0.253650    0.253650    0.253650
     0.253650    0.253650    0.253650    0.253650    0.253650    0.253650    0.253650    0.253650
     0.253650    0.253650    0.253650    0.253650    0.253650    0.253650    0.253650    0.253650
     0.253650    0.253650    0.253650    0.253650    0.253650    0.253650    0.253650    0.253650
     0.253650    0.253650    0.253650    0.253650    0.253650    0.253650    0.253650    0.253650
     0.253650    0.253650    0.253650    0.253650    0.253650    0.253650    0.253650    0.253650
     0.253650
 ***************************************************************
  ROW NUMBER           5  SECTION NUMBER            7
           0           0           0  IF_DESIGN etc 
   1.00000   0.00000    0
     0.526000    0.531289    0.536385    0.541172    0.545548    0.549432    0.552767    0.555525
     0.557704    0.559335    0.560474    0.561201    0.561619    0.561846    0.562007    0.562168
     0.562337    0.562514    0.562697    0.562885    0.563079    0.563278    0.563484    0.563697
     0.563918    0.564148    0.564388    0.564640    0.564905    0.565185    0.565481    0.565795
     0.566129    0.566483    0.566859    0.567259    0.567683    0.568133    0.568610    0.569114
     0.569646    0.570206    0.570795    0.571413    0.572058    0.572732    0.573433    0.574161
     0.574915    0.575693    0.576494    0.577317    0.578160    0.579021    0.579898    0.580788
     0.581690    0.582601    0.583519    0.584440    0.585362    0.586283    0.587200    0.588110
     0.589010    0.589899    0.590773    0.591630    0.592468    0.593286    0.594081    0.594852
     0.595598    0.596319    0.597014    0.597683    0.598327    0.598948    0.599546    0.600126
     0.600690    0.601241    0.601786    0.602329    0.602877    0.603439    0.603884    0.604329
     0.604786    0.605280    0.605828    0.606447    0.607144    0.607919    0.608763    0.609664
     0.610600
  1.000000  0.000000
     0.068040    0.066879    0.063702    0.059064    0.053569    0.047796    0.042238    0.037267
     0.033120    0.029901    0.027600    0.026107    0.025241    0.024771    0.024434    0.024582
     0.024456    0.024266    0.024039    0.023782    0.023495    0.023178    0.022830    0.022451
     0.022051    0.021637    0.021211    0.020769    0.020307    0.019820    0.019311    0.018779
     0.018219    0.017630    0.017012    0.016363    0.015681    0.014969    0.014223    0.013444
     0.012633    0.011791    0.010917    0.010014    0.009082    0.008124    0.007139    0.006131
     0.005102    0.004054    0.002989    0.001910    0.000818   -0.000283   -0.001391   -0.002502
    -0.003615   -0.004727   -0.005834   -0.006933   -0.008023   -0.009100   -0.010161   -0.011204
    -0.012226   -0.013225   -0.014199   -0.015145   -0.016062   -0.016948   -0.017802   -0.018624
    -0.019412   -0.020167   -0.020889   -0.021579   -0.022237   -0.022867   -0.023469   -0.024048
    -0.024607   -0.025149   -0.025681   -0.026207   -0.026734   -0.027269   -0.027931   -0.028344
    -0.028768   -0.029226   -0.029736   -0.030311   -0.030959   -0.031679   -0.032464   -0.033302
    -0.034172
  1.000000
     0.068040    0.066879    0.063702    0.059064    0.053569    0.047796    0.042238    0.037267
     0.033120    0.029901    0.027600    0.026107    0.025241    0.024771    0.024434    0.023571
     0.023040    0.022568    0.022134    0.021722    0.021311    0.020890    0.020462    0.020024
     0.019574    0.019113    0.018636    0.018141    0.017628    0.017093    0.016535    0.015952
     0.015341    0.014703    0.014037    0.013345    0.012613    0.011857    0.011070    0.010253
     0.009409    0.008538    0.007641    0.006719    0.005777    0.004813    0.003832    0.002836
     0.001826    0.000806   -0.000223   -0.001258   -0.002296   -0.003334   -0.004372   -0.005406
    -0.006435   -0.007455   -0.008466   -0.009465   -0.010451   -0.011421   -0.012373   -0.013307
    -0.014220   -0.015111   -0.015980   -0.016824   -0.017642   -0.018434   -0.019199   -0.019937
    -0.020647   -0.021329   -0.021983   -0.022611   -0.023213   -0.023792   -0.024348   -0.024885
    -0.025406   -0.025915   -0.026417   -0.026916   -0.027420   -0.027914   -0.027931   -0.028344
    -0.028768   -0.029226   -0.029736   -0.030311   -0.030959   -0.031679   -0.032464   -0.033302
    -0.034172
  1.000000  0.000000
     0.266380    0.266380    0.266380    0.266380    0.266380    0.266380    0.266380    0.266380
     0.266380    0.266380    0.266380    0.266380    0.266380    0.266380    0.266380    0.266380
     0.266380    0.266380    0.266380    0.266380    0.266380    0.266380    0.266380    0.266380
     0.266380    0.266380    0.266380    0.266380    0.266380    0.266380    0.266380    0.266380
     0.266380    0.266380    0.266380    0.266380    0.266380    0.266380    0.266380    0.266380
     0.266380    0.266380    0.266380    0.266380    0.266380    0.266380    0.266380    0.266380
     0.266380    0.266380    0.266380    0.266380    0.266380    0.266380    0.266380    0.266380
     0.266380    0.266380    0.266380    0.266380    0.266380    0.266380    0.266380    0.266380
     0.266380    0.266380    0.266380    0.266380    0.266380    0.266380    0.266380    0.266380
     0.266380    0.266380    0.266380    0.266380    0.266380    0.266380    0.266380    0.266380
     0.266380    0.266380    0.266380    0.266380    0.266380    0.266380    0.266380    0.266380
     0.266380    0.266380    0.266380    0.266380    0.266380    0.266380    0.266380    0.266380
     0.266380
 ***************************************************************
  ROW NUMBER           5  SECTION NUMBER            8
           0           0           0  IF_DESIGN etc 
   1.00000   0.00000    0
     0.526000    0.531317    0.536441    0.541254    0.545653    0.549557    0.552908    0.555679
     0.557868    0.559505    0.560646    0.561374    0.561791    0.562015    0.562173    0.562331
     0.562498    0.562671    0.562850    0.563035    0.563226    0.563422    0.563624    0.563833
     0.564049    0.564275    0.564511    0.564758    0.565019    0.565294    0.565584    0.565893
     0.566220    0.566568    0.566937    0.567330    0.567747    0.568189    0.568657    0.569152
     0.569674    0.570224    0.570802    0.571408    0.572042    0.572704    0.573393    0.574107
     0.574847    0.575611    0.576398    0.577206    0.578034    0.578879    0.579740    0.580614
     0.581500    0.582394    0.583295    0.584199    0.585105    0.586009    0.586910    0.587803
     0.588687    0.589559    0.590417    0.591259    0.592082    0.592885    0.593665    0.594422
     0.595155    0.595863    0.596545    0.597202    0.597835    0.598444    0.599032    0.599601
     0.600154    0.600696    0.601231    0.601764    0.602302    0.602854    0.603291    0.603728
     0.604181    0.604680    0.605252    0.605914    0.606678    0.607542    0.608498    0.609526
     0.610600
  1.000000  0.000000
     0.068040    0.067133    0.064559    0.060647    0.055823    0.050560    0.045312    0.040472
     0.036329    0.033049    0.030669    0.029112    0.028207    0.027717    0.027369    0.027481
     0.027327    0.027109    0.026851    0.026558    0.026229    0.025858    0.025459    0.025045
     0.024618    0.024178    0.023723    0.023245    0.022745    0.022221    0.021673    0.021096
     0.020489    0.019848    0.019174    0.018464    0.017718    0.016934    0.016112    0.015252
     0.014353    0.013417    0.012444    0.011435    0.010390    0.009313    0.008204    0.007065
     0.005899    0.004708    0.003495    0.002261    0.001011   -0.000253   -0.001527   -0.002810
    -0.004097   -0.005384   -0.006670   -0.007950   -0.009221   -0.010480   -0.011722   -0.012947
    -0.014149   -0.015326   -0.016476   -0.017596   -0.018683   -0.019736   -0.020753   -0.021733
    -0.022676   -0.023580   -0.024446   -0.025275   -0.026069   -0.026829   -0.027558   -0.028260
    -0.028938   -0.029598   -0.030246   -0.030889   -0.031534   -0.032191   -0.032926   -0.033437
    -0.033965   -0.034548   -0.035216   -0.035990   -0.036881   -0.037891   -0.039007   -0.040207
    -0.041462
  1.000000
     0.068040    0.067133    0.064559    0.060647    0.055823    0.050560    0.045312    0.040472
     0.036329    0.033049    0.030669    0.029112    0.028207    0.027717    0.027369    0.026539
     0.026022    0.025562    0.025138    0.024720    0.024294    0.023857    0.023413    0.022955
     0.022487    0.022002    0.021501    0.020981    0.020438    0.019871    0.019278    0.018657
     0.018005    0.017321    0.016605    0.015854    0.015063    0.014240    0.013380    0.012486
     0.011557    0.010592    0.009597    0.008569    0.007514    0.006430    0.005321    0.004191
     0.003039    0.001870    0.000687   -0.000509   -0.001714   -0.002926   -0.004141   -0.005358
    -0.006572   -0.007782   -0.008985   -0.010179   -0.011360   -0.012526   -0.013675   -0.014804
    -0.015912   -0.016996   -0.018055   -0.019085   -0.020087   -0.021058   -0.021997   -0.022904
    -0.023778   -0.024618   -0.025425   -0.026201   -0.026945   -0.027660   -0.028348   -0.029013
    -0.029658   -0.030288   -0.030909   -0.031528   -0.032152   -0.032785   -0.032926   -0.033437
    -0.033965   -0.034548   -0.035216   -0.035990   -0.036881   -0.037891   -0.039007   -0.040207
    -0.041462
  1.000000  0.000000
     0.291840    0.291840    0.291840    0.291840    0.291840    0.291840    0.291840    0.291840
     0.291840    0.291840    0.291840    0.291840    0.291840    0.291840    0.291840    0.291840
     0.291840    0.291840    0.291840    0.291840    0.291840    0.291840    0.291840    0.291840
     0.291840    0.291840    0.291840    0.291840    0.291840    0.291840    0.291840    0.291840
     0.291840    0.291840    0.291840    0.291840    0.291840    0.291840    0.291840    0.291840
     0.291840    0.291840    0.291840    0.291840    0.291840    0.291840    0.291840    0.291840
     0.291840    0.291840    0.291840    0.291840    0.291840    0.291840    0.291840    0.291840
     0.291840    0.291840    0.291840    0.291840    0.291840    0.291840    0.291840    0.291840
     0.291840    0.291840    0.291840    0.291840    0.291840    0.291840    0.291840    0.291840
     0.291840    0.291840    0.291840    0.291840    0.291840    0.291840    0.291840    0.291840
     0.291840    0.291840    0.291840    0.291840    0.291840    0.291840    0.291840    0.291840
     0.291840    0.291840    0.291840    0.291840    0.291840    0.291840    0.291840    0.291840
     0.291840
 ***************************************************************
  ROW NUMBER           5  SECTION NUMBER            9
           0           0           0  IF_DESIGN etc 
   1.00000   0.00000    0
     0.526000    0.531331    0.536468    0.541294    0.545704    0.549618    0.552978    0.555755
     0.557949    0.559589    0.560733    0.561461    0.561878    0.562101    0.562258    0.562415
     0.562580    0.562753    0.562931    0.563115    0.563304    0.563498    0.563699    0.563907
     0.564122    0.564346    0.564581    0.564827    0.565085    0.565358    0.565647    0.565954
     0.566279    0.566625    0.566992    0.567382    0.567796    0.568235    0.568700    0.569192
     0.569711    0.570258    0.570832    0.571434    0.572064    0.572722    0.573406    0.574116
     0.574851    0.575610    0.576392    0.577195    0.578017    0.578857    0.579712    0.580581
     0.581461    0.582350    0.583245    0.584144    0.585044    0.585942    0.586837    0.587724
     0.588603    0.589470    0.590322    0.591159    0.591976    0.592774    0.593549    0.594302
     0.595030    0.595733    0.596411    0.597064    0.597692    0.598298    0.598882    0.599447
     0.599997    0.600535    0.601067    0.601596    0.602132    0.602679    0.603114    0.603548
     0.603999    0.604500    0.605078    0.605754    0.606537    0.607429    0.608418    0.609484
     0.610600
  1.000000  0.000000
     0.068040    0.067257    0.064977    0.061419    0.056921    0.051903    0.046803    0.042022
     0.037877    0.034562    0.032141    0.030550    0.029624    0.029124    0.028769    0.028848
     0.028670    0.028428    0.028141    0.027814    0.027454    0.027060    0.026644    0.026217
     0.025778    0.025323    0.024851    0.024356    0.023837    0.023296    0.022727    0.022128
     0.021496    0.020830    0.020128    0.019388    0.018610    0.017791    0.016932    0.016031
     0.015090    0.014109    0.013087    0.012026    0.010927    0.009793    0.008624    0.007422
     0.006190    0.004930    0.003646    0.002339    0.001013   -0.000329   -0.001683   -0.003047
    -0.004417   -0.005789   -0.007160   -0.008526   -0.009883   -0.011228   -0.012558   -0.013868
    -0.015156   -0.016418   -0.017652   -0.018854   -0.020022   -0.021155   -0.022250   -0.023305
    -0.024321   -0.025296   -0.026232   -0.027127   -0.027986   -0.028808   -0.029597   -0.030357
    -0.031093   -0.031809   -0.032513   -0.033211   -0.033913   -0.034628   -0.035383   -0.035940
    -0.036519   -0.037161   -0.037903   -0.038770   -0.039776   -0.040920   -0.042189   -0.043558
    -0.044990
  1.000000
     0.068040    0.067257    0.064977    0.061419    0.056921    0.051903    0.046803    0.042022
     0.037877    0.034562    0.032141    0.030550    0.029624    0.029124    0.028769    0.027974
     0.027474    0.027026    0.026603    0.026178    0.025743    0.025299    0.024844    0.024377
     0.023898    0.023403    0.022889    0.022356    0.021798    0.021215    0.020606    0.019965
     0.019293    0.018586    0.017846    0.017065    0.016246    0.015390    0.014496    0.013563
     0.012593    0.011584    0.010541    0.009462    0.008352    0.007210    0.006040    0.004844
     0.003624    0.002383    0.001124   -0.000150   -0.001436   -0.002731   -0.004033   -0.005337
    -0.006642   -0.007944   -0.009241   -0.010528   -0.011805   -0.013066   -0.014311   -0.015535
    -0.016738   -0.017915   -0.019066   -0.020187   -0.021278   -0.022336   -0.023360   -0.024349
    -0.025302   -0.026220   -0.027101   -0.027948   -0.028761   -0.029542   -0.030295   -0.031021
    -0.031726   -0.032416   -0.033095   -0.033771   -0.034454   -0.035150   -0.035383   -0.035940
    -0.036519   -0.037161   -0.037903   -0.038770   -0.039776   -0.040920   -0.042189   -0.043558
    -0.044990
  1.000000  0.000000
     0.304570    0.304570    0.304570    0.304570    0.304570    0.304570    0.304570    0.304570
     0.304570    0.304570    0.304570    0.304570    0.304570    0.304570    0.304570    0.304570
     0.304570    0.304570    0.304570    0.304570    0.304570    0.304570    0.304570    0.304570
     0.304570    0.304570    0.304570    0.304570    0.304570    0.304570    0.304570    0.304570
     0.304570    0.304570    0.304570    0.304570    0.304570    0.304570    0.304570    0.304570
     0.304570    0.304570    0.304570    0.304570    0.304570    0.304570    0.304570    0.304570
     0.304570    0.304570    0.304570    0.304570    0.304570    0.304570    0.304570    0.304570
     0.304570    0.304570    0.304570    0.304570    0.304570    0.304570    0.304570    0.304570
     0.304570    0.304570    0.304570    0.304570    0.304570    0.304570    0.304570    0.304570
     0.304570    0.304570    0.304570    0.304570    0.304570    0.304570    0.304570    0.304570
     0.304570    0.304570    0.304570    0.304570    0.304570    0.304570    0.304570    0.304570
     0.304570    0.304570    0.304570    0.304570    0.304570    0.304570    0.304570    0.304570
     0.304570
 ***************************************************************
  ROW NUMBER           5  SECTION NUMBER            10
           0           0           0  IF_DESIGN etc 
   1.00000   0.00000    0
     0.526000    0.531338    0.536482    0.541314    0.545730    0.549648    0.553012    0.555793
     0.557989    0.559631    0.560776    0.561505    0.561921    0.562144    0.562301    0.562457
     0.562622    0.562794    0.562972    0.563155    0.563344    0.563538    0.563739    0.563946
     0.564160    0.564384    0.564618    0.564863    0.565121    0.565394    0.565682    0.565988
     0.566312    0.566657    0.567023    0.567412    0.567825    0.568263    0.568727    0.569218
     0.569736    0.570281    0.570854    0.571455    0.572083    0.572739    0.573422    0.574130
     0.574863    0.575621    0.576401    0.577202    0.578022    0.578860    0.579713    0.580580
     0.581457    0.582344    0.583237    0.584134    0.585031    0.585928    0.586820    0.587705
     0.588582    0.589446    0.590297    0.591131    0.591947    0.592743    0.593516    0.594267
     0.594993    0.595695    0.596371    0.597022    0.597649    0.598253    0.598836    0.599400
     0.599948    0.600485    0.601015    0.601544    0.602078    0.602624    0.603057    0.603490
     0.603941    0.604442    0.605022    0.605702    0.606492    0.607392    0.608392    0.609471
     0.610600
  1.000000  0.000000
     0.068040    0.067321    0.065194    0.061818    0.057489    0.052595    0.047569    0.042816
     0.038667    0.035332    0.032887    0.031278    0.030340    0.029834    0.029475    0.029532
     0.029340    0.029083    0.028778    0.028429    0.028051    0.027647    0.027224    0.026790
     0.026344    0.025881    0.025398    0.024895    0.024368    0.023816    0.023236    0.022625
     0.021981    0.021302    0.020585    0.019830    0.019035    0.018198    0.017319    0.016398
     0.015435    0.014431    0.013384    0.012297    0.011171    0.010007    0.008807    0.007574
     0.006308    0.005014    0.003694    0.002350    0.000987   -0.000394   -0.001789   -0.003194
    -0.004605   -0.006019   -0.007432   -0.008841   -0.010241   -0.011630   -0.013002   -0.014355
    -0.015686   -0.016990   -0.018265   -0.019508   -0.020716   -0.021888   -0.023021   -0.024114
    -0.025166   -0.026176   -0.027145   -0.028074   -0.028964   -0.029817   -0.030636   -0.031424
    -0.032188   -0.032932   -0.033663   -0.034389   -0.035119   -0.035861   -0.036621   -0.037201
    -0.037805   -0.038477   -0.039254   -0.040165   -0.041224   -0.042431   -0.043772   -0.045219
    -0.046733
  1.000000
     0.068040    0.067321    0.065194    0.061818    0.057489    0.052595    0.047569    0.042816
     0.038667    0.035332    0.032887    0.031278    0.030340    0.029834    0.029475    0.028701
     0.028211    0.027771    0.027346    0.026917    0.026477    0.026028    0.025568    0.025096
     0.024610    0.024108    0.023588    0.023047    0.022482    0.021890    0.021271    0.020620
     0.019936    0.019218    0.018465    0.017669    0.016835    0.015962    0.015049    0.014097
     0.013105    0.012074    0.011006    0.009901    0.008762    0.007591    0.006389    0.005160
     0.003906    0.002629    0.001332    0.000019   -0.001308   -0.002646   -0.003991   -0.005340
    -0.006690   -0.008038   -0.009381   -0.010716   -0.012039   -0.013348   -0.014641   -0.015913
    -0.017162   -0.018386   -0.019583   -0.020749   -0.021884   -0.022985   -0.024051   -0.025081
    -0.026074   -0.027030   -0.027948   -0.028830   -0.029677   -0.030491   -0.031275   -0.032033
    -0.032768   -0.033486   -0.034194   -0.034899   -0.035610   -0.036336   -0.036621   -0.037201
    -0.037805   -0.038477   -0.039254   -0.040165   -0.041224   -0.042431   -0.043772   -0.045219
    -0.046733
  1.000000  0.000000
     0.310935    0.310935    0.310935    0.310935    0.310935    0.310935    0.310935    0.310935
     0.310935    0.310935    0.310935    0.310935    0.310935    0.310935    0.310935    0.310935
     0.310935    0.310935    0.310935    0.310935    0.310935    0.310935    0.310935    0.310935
     0.310935    0.310935    0.310935    0.310935    0.310935    0.310935    0.310935    0.310935
     0.310935    0.310935    0.310935    0.310935    0.310935    0.310935    0.310935    0.310935
     0.310935    0.310935    0.310935    0.310935    0.310935    0.310935    0.310935    0.310935
     0.310935    0.310935    0.310935    0.310935    0.310935    0.310935    0.310935    0.310935
     0.310935    0.310935    0.310935    0.310935    0.310935    0.310935    0.310935    0.310935
     0.310935    0.310935    0.310935    0.310935    0.310935    0.310935    0.310935    0.310935
     0.310935    0.310935    0.310935    0.310935    0.310935    0.310935    0.310935    0.310935
     0.310935    0.310935    0.310935    0.310935    0.310935    0.310935    0.310935    0.310935
     0.310935    0.310935    0.310935    0.310935    0.310935    0.310935    0.310935    0.310935
     0.310935
 ***************************************************************
  ROW NUMBER           5  SECTION NUMBER            11
           0           0           0  IF_DESIGN etc 
   1.00000   0.00000    0
     0.526000    0.531345    0.536496    0.541333    0.545755    0.549678    0.553047    0.555830
     0.558029    0.559673    0.560819    0.561548    0.561965    0.562187    0.562344    0.562500
     0.562665    0.562836    0.563013    0.563196    0.563385    0.563578    0.563778    0.563985
     0.564199    0.564422    0.564656    0.564900    0.565158    0.565430    0.565717    0.566022
     0.566346    0.566690    0.567056    0.567444    0.567856    0.568293    0.568756    0.569246
     0.569762    0.570306    0.570878    0.571477    0.572104    0.572759    0.573440    0.574147
     0.574878    0.575634    0.576412    0.577211    0.578030    0.578866    0.579717    0.580582
     0.581458    0.582342    0.583233    0.584128    0.585023    0.585918    0.586808    0.587692
     0.588566    0.589429    0.590277    0.591110    0.591924    0.592718    0.593490    0.594238
     0.594963    0.595663    0.596338    0.596987    0.597613    0.598216    0.598797    0.599360
     0.599907    0.600443    0.600972    0.601499    0.602032    0.602577    0.603009    0.603441
     0.603891    0.604393    0.604975    0.605658    0.606453    0.607361    0.608370    0.609459
     0.610600
  1.000000  0.000000
     0.068040    0.067387    0.065414    0.062224    0.058063    0.053296    0.048343    0.043618
     0.039464    0.036108    0.033640    0.032011    0.031061    0.030548    0.030185    0.030220
     0.030013    0.029739    0.029416    0.029043    0.028647    0.028232    0.027803    0.027363
     0.026908    0.026436    0.025944    0.025432    0.024896    0.024333    0.023742    0.023120
     0.022463    0.021770    0.021038    0.020267    0.019455    0.018600    0.017702    0.016760
     0.015775    0.014747    0.013675    0.012562    0.011408    0.010215    0.008985    0.007719
     0.006420    0.005091    0.003735    0.002354    0.000952   -0.000468   -0.001903   -0.003348
    -0.004801   -0.006257   -0.007713   -0.009164   -0.010607   -0.012039   -0.013454   -0.014850
    -0.016223   -0.017569   -0.018886   -0.020170   -0.021418   -0.022629   -0.023800   -0.024930
    -0.026018   -0.027063   -0.028066   -0.029028   -0.029949   -0.030832   -0.031681   -0.032498
    -0.033290   -0.034061   -0.034820   -0.035572   -0.036329   -0.037101   -0.037865   -0.038468
    -0.039095   -0.039796   -0.040608   -0.041563   -0.042674   -0.043943   -0.045353   -0.046876
    -0.048472
  1.000000
     0.068040    0.067387    0.065414    0.062224    0.058063    0.053296    0.048343    0.043618
     0.039464    0.036108    0.033640    0.032011    0.031061    0.030548    0.030185    0.029432
     0.028953    0.028522    0.028095    0.027660    0.027216    0.026762    0.026296    0.025818
     0.025326    0.024818    0.024290    0.023741    0.023168    0.022568    0.021938    0.021277
     0.020581    0.019850    0.019084    0.018273    0.017423    0.016534    0.015602    0.014630
     0.013616    0.012562    0.011469    0.010338    0.009171    0.007970    0.006736    0.005474
     0.004184    0.002871    0.001536    0.000183   -0.001185   -0.002564   -0.003953   -0.005346
    -0.006741   -0.008136   -0.009525   -0.010907   -0.012278   -0.013635   -0.014975   -0.016294
    -0.017591   -0.018861   -0.020104   -0.021316   -0.022495   -0.023639   -0.024747   -0.025817
    -0.026850   -0.027843   -0.028798   -0.029716   -0.030597   -0.031444   -0.032260   -0.033047
    -0.033812   -0.034560   -0.035296   -0.036030   -0.036770   -0.037526   -0.037865   -0.038468
    -0.039095   -0.039796   -0.040608   -0.041563   -0.042674   -0.043943   -0.045353   -0.046876
    -0.048472
  1.000000  0.000000
     0.317300    0.317300    0.317300    0.317300    0.317300    0.317300    0.317300    0.317300
     0.317300    0.317300    0.317300    0.317300    0.317300    0.317300    0.317300    0.317300
     0.317300    0.317300    0.317300    0.317300    0.317300    0.317300    0.317300    0.317300
     0.317300    0.317300    0.317300    0.317300    0.317300    0.317300    0.317300    0.317300
     0.317300    0.317300    0.317300    0.317300    0.317300    0.317300    0.317300    0.317300
     0.317300    0.317300    0.317300    0.317300    0.317300    0.317300    0.317300    0.317300
     0.317300    0.317300    0.317300    0.317300    0.317300    0.317300    0.317300    0.317300
     0.317300    0.317300    0.317300    0.317300    0.317300    0.317300    0.317300    0.317300
     0.317300    0.317300    0.317300    0.317300    0.317300    0.317300    0.317300    0.317300
     0.317300    0.317300    0.317300    0.317300    0.317300    0.317300    0.317300    0.317300
     0.317300    0.317300    0.317300    0.317300    0.317300    0.317300    0.317300    0.317300
     0.317300    0.317300    0.317300    0.317300    0.317300    0.317300    0.317300    0.317300
     0.317300
 ***************************************************************
 ************STARTING THE INPUT FOR EACH BLADE ROW**************
  BLADE ROW NUMBER =        6                                           
    NUMBER OF BLADES IN ROW 
        70
        JM        JLE       JTE 
        97        15        87
      KTIPSTART  KTIPEND 
         0         0
       BOUNDARY LAYER TRANSITION POINTS 
         0         0         0         0
  SET NEWGRID= 1 TO GENERATE A NEW GRID WITH DIFFERENT "J" POINTS AND SPACINGS.
         0
   RPMROW,    RPMHUB 
    0.0    0.0
       JROTHS    JROTHE    JROTTS    JROTTE 
         1         1         1         1
   PUPROW    PLEROW   PTEROW    PDROW 
   208864.0   208864.0   217584.3  217584.3
      NSECS_ROW   INSURF  
         11         0
  IF_CUSP   IFANGLES 
         0         0
 ***************************************************************
  ROW NUMBER           6  SECTION NUMBER            1
           0           0           0  IF_DESIGN etc 
   1.00000   0.00000    0
     0.610600    0.614176    0.617627    0.620877    0.623861    0.626526    0.628836    0.630770
     0.632331    0.633535    0.634421    0.635040    0.635458    0.635752    0.636004    0.636256
     0.636521    0.636797    0.637083    0.637377    0.637680    0.637992    0.638314    0.638647
     0.638992    0.639351    0.639727    0.640121    0.640535    0.640973    0.641436    0.641927
     0.642448    0.643002    0.643590    0.644215    0.644879    0.645583    0.646328    0.647116
     0.647948    0.648824    0.649744    0.650709    0.651719    0.652772    0.653869    0.655007
     0.656185    0.657401    0.658654    0.659941    0.661258    0.662604    0.663975    0.665367
     0.666777    0.668201    0.669635    0.671076    0.672518    0.673958    0.675391    0.676814
     0.678221    0.679610    0.680977    0.682317    0.683627    0.684905    0.686148    0.687354
     0.688520    0.689647    0.690733    0.691779    0.692787    0.693757    0.694693    0.695599
     0.696480    0.697343    0.698194    0.699043    0.699901    0.700779    0.701474    0.700779
     0.699978    0.698875    0.697299    0.695128    0.692297    0.688806    0.684720    0.680162
     0.675300
  1.000000  0.000000
    -0.019030   -0.019262   -0.019726   -0.020122   -0.020241   -0.019995   -0.019407   -0.018580
    -0.017656   -0.016766   -0.016007   -0.015420   -0.014996   -0.014685   -0.014410   -0.013670
    -0.013196   -0.012776   -0.012395   -0.012044   -0.011708   -0.011367   -0.011026   -0.010677
    -0.010323   -0.009963   -0.009592   -0.009213   -0.008823   -0.008420   -0.008003   -0.007574
    -0.007131   -0.006673   -0.006200   -0.005714   -0.005214   -0.004701   -0.004180   -0.003650
    -0.003111   -0.002568   -0.002023   -0.001476   -0.000932   -0.000393    0.000141    0.000663
     0.001174    0.001671    0.002153    0.002616    0.003060    0.003483    0.003884    0.004263
     0.004618    0.004949    0.005257    0.005541    0.005802    0.006040    0.006256    0.006452
     0.006628    0.006785    0.006924    0.007046    0.007154    0.007248    0.007329    0.007399
     0.007458    0.007508    0.007550    0.007585    0.007613    0.007636    0.007654    0.007667
     0.007677    0.007684    0.007687    0.007688    0.007686    0.007671    0.007405    0.007405
     0.007405    0.007405    0.007405    0.007405    0.007405    0.007405    0.007405    0.007405
     0.007405
  1.000000
    -0.019030   -0.019262   -0.019726   -0.020122   -0.020241   -0.019995   -0.019407   -0.018580
    -0.017656   -0.016766   -0.016007   -0.015420   -0.014996   -0.014685   -0.014410   -0.014644
    -0.014568   -0.014437   -0.014270   -0.014077   -0.013862   -0.013623   -0.013360   -0.013071
    -0.012766   -0.012453   -0.012130   -0.011805   -0.011463   -0.011103   -0.010736   -0.010354
    -0.009958   -0.009547   -0.009122   -0.008681   -0.008221   -0.007750   -0.007265   -0.006771
    -0.006265   -0.005745   -0.005222   -0.004692   -0.004159   -0.003622   -0.003085   -0.002554
    -0.002021   -0.001497   -0.000983   -0.000473    0.000022    0.000506    0.000974    0.001428
     0.001865    0.002286    0.002688    0.003071    0.003435    0.003779    0.004104    0.004408
     0.004693    0.004958    0.005204    0.005431    0.005639    0.005829    0.006002    0.006158
     0.006298    0.006424    0.006536    0.006636    0.006723    0.006800    0.006867    0.006925
     0.006975    0.007018    0.007054    0.007084    0.007108    0.007136    0.007405    0.007405
     0.007405    0.007405    0.007405    0.007405    0.007405    0.007405    0.007405    0.007405
     0.007405
  1.000000  0.000000
     0.190000    0.190000    0.190000    0.190000    0.190000    0.190000    0.190000    0.190000
     0.190000    0.190000    0.190000    0.190000    0.190000    0.190000    0.190000    0.190000
     0.190000    0.190000    0.190000    0.190000    0.190000    0.190000    0.190000    0.190000
     0.190000    0.190000    0.190000    0.190000    0.190000    0.190000    0.190000    0.190000
     0.190000    0.190000    0.190000    0.190000    0.190000    0.190000    0.190000    0.190000
     0.190000    0.190000    0.190000    0.190000    0.190000    0.190000    0.190000    0.190000
     0.190000    0.190000    0.190000    0.190000    0.190000    0.190000    0.190000    0.190000
     0.190000    0.190000    0.190000    0.190000    0.190000    0.190000    0.190000    0.190000
     0.190000    0.190000    0.190000    0.190000    0.190000    0.190000    0.190000    0.190000
     0.190000    0.190000    0.190000    0.190000    0.190005    0.190010    0.190015    0.190020
     0.190024    0.190029    0.190034    0.190038    0.190043    0.190047    0.190051    0.190047
     0.190043    0.190037    0.190029    0.190017    0.190002    0.190000    0.190000    0.190000
     0.190000
 ***************************************************************
  ROW NUMBER           6  SECTION NUMBER            2
           0           0           0  IF_DESIGN etc 
   1.00000   0.00000    0
     0.610600    0.614186    0.617648    0.620908    0.623901    0.626573    0.628889    0.630828
     0.632392    0.633599    0.634486    0.635105    0.635523    0.635816    0.636067    0.636317
     0.636581    0.636856    0.637141    0.637434    0.637735    0.638046    0.638367    0.638698
     0.639041    0.639399    0.639773    0.640165    0.640578    0.641014    0.641475    0.641964
     0.642483    0.643034    0.643620    0.644243    0.644903    0.645604    0.646346    0.647131
     0.647959    0.648831    0.649747    0.650708    0.651714    0.652762    0.653854    0.654987
     0.656160    0.657372    0.658619    0.659900    0.661212    0.662552    0.663917    0.665303
     0.666707    0.668125    0.669553    0.670987    0.672423    0.673857    0.675284    0.676700
     0.678102    0.679485    0.680845    0.682180    0.683484    0.684757    0.685994    0.687195
     0.688356    0.689478    0.690560    0.691602    0.692604    0.693571    0.694503    0.695405
     0.696283    0.697141    0.697989    0.698834    0.699688    0.700562    0.701255    0.700562
     0.699766    0.698669    0.697105    0.694951    0.692144    0.688684    0.684635    0.680117
     0.675300
  1.000000  0.000000
    -0.019030   -0.019228   -0.019611   -0.019907   -0.019933   -0.019613   -0.018978   -0.018130
    -0.017203   -0.016322   -0.015576   -0.015002   -0.014590   -0.014288   -0.014022   -0.013303
    -0.012842   -0.012434   -0.012062   -0.011721   -0.011395   -0.011064   -0.010734   -0.010395
    -0.010051   -0.009702   -0.009341   -0.008973   -0.008594   -0.008202   -0.007797   -0.007379
    -0.006948   -0.006503   -0.006043   -0.005569   -0.005082   -0.004583   -0.004076   -0.003559
    -0.003034   -0.002504   -0.001973   -0.001439   -0.000909   -0.000383    0.000137    0.000647
     0.001145    0.001630    0.002100    0.002552    0.002985    0.003398    0.003789    0.004158
     0.004504    0.004827    0.005127    0.005404    0.005658    0.005890    0.006100    0.006290
     0.006461    0.006614    0.006749    0.006868    0.006972    0.007063    0.007142    0.007209
     0.007266    0.007315    0.007355    0.007389    0.007416    0.007438    0.007455    0.007468
     0.007477    0.007483    0.007487    0.007487    0.007484    0.007470    0.007205    0.007205
     0.007205    0.007205    0.007205    0.007205    0.007205    0.007205    0.007205    0.007205
     0.007205
  1.000000
    -0.019030   -0.019228   -0.019611   -0.019907   -0.019933   -0.019613   -0.018978   -0.018130
    -0.017203   -0.016322   -0.015576   -0.015002   -0.014590   -0.014288   -0.014022   -0.014259
    -0.014188   -0.014063   -0.013904   -0.013719   -0.013512   -0.013281   -0.013027   -0.012748
    -0.012452   -0.012150   -0.011838   -0.011523   -0.011192   -0.010844   -0.010488   -0.010119
    -0.009735   -0.009336   -0.008925   -0.008497   -0.008051   -0.007594   -0.007123   -0.006643
    -0.006151   -0.005647   -0.005138   -0.004622   -0.004103   -0.003580   -0.003058   -0.002540
    -0.002021   -0.001510   -0.001009   -0.000512   -0.000028    0.000444    0.000902    0.001345
     0.001772    0.002183    0.002577    0.002951    0.003307    0.003645    0.003963    0.004261
     0.004540    0.004800    0.005040    0.005263    0.005467    0.005653    0.005823    0.005976
     0.006114    0.006238    0.006348    0.006446    0.006532    0.006607    0.006673    0.006730
     0.006780    0.006822    0.006858    0.006887    0.006911    0.006938    0.007205    0.007205
     0.007205    0.007205    0.007205    0.007205    0.007205    0.007205    0.007205    0.007205
     0.007205
  1.000000  0.000000
     0.196365    0.196365    0.196365    0.196365    0.196365    0.196365    0.196365    0.196365
     0.196365    0.196365    0.196365    0.196365    0.196365    0.196365    0.196365    0.196365
     0.196365    0.196365    0.196365    0.196365    0.196365    0.196365    0.196365    0.196365
     0.196365    0.196365    0.196365    0.196365    0.196365    0.196365    0.196365    0.196365
     0.196365    0.196365    0.196365    0.196365    0.196365    0.196365    0.196365    0.196365
     0.196365    0.196365    0.196365    0.196365    0.196365    0.196365    0.196365    0.196365
     0.196365    0.196365    0.196365    0.196365    0.196365    0.196365    0.196365    0.196365
     0.196365    0.196365    0.196365    0.196365    0.196365    0.196365    0.196365    0.196365
     0.196365    0.196365    0.196365    0.196365    0.196365    0.196365    0.196365    0.196365
     0.196365    0.196365    0.196365    0.196365    0.196370    0.196374    0.196379    0.196387
     0.196396    0.196405    0.196413    0.196422    0.196431    0.196440    0.196447    0.196440
     0.196432    0.196421    0.196405    0.196383    0.196367    0.196365    0.196365    0.196365
     0.196365
 ***************************************************************
  ROW NUMBER           6  SECTION NUMBER            3
           0           0           0  IF_DESIGN etc 
   1.00000   0.00000    0
     0.610600    0.614197    0.617669    0.620938    0.623940    0.626620    0.628942    0.630886
     0.632454    0.633663    0.634551    0.635170    0.635587    0.635880    0.636129    0.636379
     0.636642    0.636915    0.637198    0.637490    0.637791    0.638100    0.638419    0.638749
     0.639091    0.639447    0.639819    0.640210    0.640621    0.641055    0.641514    0.642001
     0.642517    0.643066    0.643649    0.644269    0.644927    0.645624    0.646363    0.647144
     0.647969    0.648837    0.649750    0.650706    0.651707    0.652751    0.653838    0.654966
     0.656134    0.657340    0.658582    0.659858    0.661164    0.662498    0.663857    0.665237
     0.666635    0.668046    0.669468    0.670896    0.672325    0.673753    0.675174    0.676584
     0.677979    0.679356    0.680711    0.682039    0.683338    0.684605    0.685837    0.687032
     0.688189    0.689305    0.690382    0.691419    0.692418    0.693380    0.694308    0.695207
     0.696080    0.696935    0.697779    0.698621    0.699471    0.700341    0.701031    0.700341
     0.699549    0.698460    0.696907    0.694771    0.691988    0.688560    0.684547    0.680072
     0.675300
  1.000000  0.000000
    -0.019030   -0.019193   -0.019492   -0.019687   -0.019616   -0.019221   -0.018538   -0.017668
    -0.016738   -0.015866   -0.015134   -0.014574   -0.014174   -0.013882   -0.013625   -0.012926
    -0.012478   -0.012082   -0.011721   -0.011390   -0.011074   -0.010754   -0.010434   -0.010106
    -0.009773   -0.009433   -0.009084   -0.008727   -0.008360   -0.007979   -0.007586   -0.007181
    -0.006762   -0.006329   -0.005882   -0.005421   -0.004948   -0.004463   -0.003969   -0.003466
    -0.002955   -0.002440   -0.001922   -0.001403   -0.000887   -0.000374    0.000133    0.000629
     0.001115    0.001588    0.002045    0.002486    0.002907    0.003309    0.003690    0.004050
     0.004387    0.004701    0.004993    0.005263    0.005509    0.005735    0.005939    0.006124
     0.006290    0.006438    0.006569    0.006684    0.006785    0.006873    0.006949    0.007014
     0.007069    0.007116    0.007154    0.007187    0.007213    0.007234    0.007251    0.007263
     0.007272    0.007277    0.007280    0.007280    0.007277    0.007263    0.007000    0.007000
     0.007000    0.007000    0.007000    0.007000    0.006999    0.006999    0.006999    0.006999
     0.006999
  1.000000
    -0.019030   -0.019193   -0.019492   -0.019687   -0.019616   -0.019221   -0.018538   -0.017668
    -0.016738   -0.015866   -0.015134   -0.014574   -0.014174   -0.013882   -0.013625   -0.013862
    -0.013798   -0.013680   -0.013528   -0.013351   -0.013152   -0.012930   -0.012684   -0.012415
    -0.012131   -0.011840   -0.011539   -0.011234   -0.010914   -0.010579   -0.010235   -0.009878
    -0.009507   -0.009121   -0.008723   -0.008309   -0.007877   -0.007434   -0.006978   -0.006513
    -0.006035   -0.005546   -0.005052   -0.004551   -0.004047   -0.003539   -0.003031   -0.002527
    -0.002022   -0.001524   -0.001036   -0.000552   -0.000080    0.000380    0.000826    0.001259
     0.001676    0.002078    0.002462    0.002828    0.003176    0.003506    0.003817    0.004109
     0.004382    0.004636    0.004872    0.005090    0.005290    0.005473    0.005639    0.005789
     0.005925    0.006046    0.006154    0.006250    0.006334    0.006409    0.006474    0.006530
     0.006579    0.006620    0.006655    0.006684    0.006708    0.006735    0.007000    0.007000
     0.007000    0.007000    0.007000    0.007000    0.006999    0.006999    0.006999    0.006999
     0.006999
  1.000000  0.000000
     0.202730    0.202730    0.202730    0.202730    0.202730    0.202730    0.202730    0.202730
     0.202730    0.202730    0.202730    0.202730    0.202730    0.202730    0.202730    0.202730
     0.202730    0.202730    0.202730    0.202730    0.202730    0.202730    0.202730    0.202730
     0.202730    0.202730    0.202730    0.202730    0.202730    0.202730    0.202730    0.202730
     0.202730    0.202730    0.202730    0.202730    0.202730    0.202730    0.202730    0.202730
     0.202730    0.202730    0.202730    0.202730    0.202730    0.202730    0.202730    0.202730
     0.202730    0.202730    0.202730    0.202730    0.202730    0.202730    0.202730    0.202730
     0.202730    0.202730    0.202730    0.202730    0.202730    0.202730    0.202730    0.202730
     0.202730    0.202730    0.202730    0.202730    0.202730    0.202730    0.202730    0.202730
     0.202730    0.202730    0.202730    0.202730    0.202734    0.202739    0.202743    0.202754
     0.202767    0.202780    0.202793    0.202806    0.202819    0.202832    0.202843    0.202832
     0.202820    0.202804    0.202781    0.202749    0.202732    0.202730    0.202730    0.202730
     0.202730
 ***************************************************************
  ROW NUMBER           6  SECTION NUMBER            4
           0           0           0  IF_DESIGN etc 
   1.00000   0.00000    0
     0.610600    0.614218    0.617711    0.621000    0.624018    0.626713    0.629047    0.631002
     0.632576    0.633790    0.634680    0.635300    0.635717    0.636007    0.636254    0.636502
     0.636762    0.637034    0.637314    0.637604    0.637901    0.638208    0.638524    0.638851
     0.639190    0.639543    0.639912    0.640300    0.640707    0.641137    0.641592    0.642075
     0.642587    0.643131    0.643709    0.644324    0.644976    0.645667    0.646400    0.647174
     0.647991    0.648852    0.649757    0.650705    0.651697    0.652732    0.653810    0.654928
     0.656086    0.657282    0.658513    0.659777    0.661072    0.662394    0.663741    0.665109
     0.666495    0.667895    0.669304    0.670720    0.672137    0.673552    0.674960    0.676358
     0.677742    0.679107    0.680449    0.681766    0.683054    0.684310    0.685531    0.686716
     0.687862    0.688970    0.690037    0.691065    0.692055    0.693009    0.693930    0.694820
     0.695686    0.696534    0.697371    0.698205    0.699048    0.699910    0.700594    0.699910
     0.699126    0.698051    0.696522    0.694421    0.691685    0.688317    0.684378    0.679984
     0.675300
  1.000000  0.000000
    -0.019030   -0.019125   -0.019263   -0.019259   -0.019001   -0.018461   -0.017685   -0.016772
    -0.015836   -0.014981   -0.014275   -0.013742   -0.013364   -0.013091   -0.012852   -0.012196
    -0.011774   -0.011400   -0.011061   -0.010749   -0.010452   -0.010152   -0.009852   -0.009544
    -0.009232   -0.008913   -0.008584   -0.008249   -0.007903   -0.007545   -0.007174   -0.006793
    -0.006398   -0.005990   -0.005568   -0.005133   -0.004686   -0.004228   -0.003760   -0.003284
    -0.002801   -0.002313   -0.001822   -0.001330   -0.000841   -0.000355    0.000126    0.000597
     0.001058    0.001506    0.001941    0.002359    0.002759    0.003140    0.003501    0.003842
     0.004161    0.004459    0.004735    0.004990    0.005223    0.005436    0.005629    0.005803
     0.005959    0.006098    0.006221    0.006329    0.006423    0.006505    0.006576    0.006637
     0.006688    0.006731    0.006767    0.006796    0.006820    0.006840    0.006855    0.006866
     0.006874    0.006878    0.006881    0.006880    0.006877    0.006863    0.006603    0.006603
     0.006603    0.006603    0.006603    0.006603    0.006602    0.006602    0.006602    0.006602
     0.006602
  1.000000
    -0.019030   -0.019125   -0.019263   -0.019259   -0.019001   -0.018461   -0.017685   -0.016772
    -0.015836   -0.014981   -0.014275   -0.013742   -0.013364   -0.013091   -0.012852   -0.013095
    -0.013042   -0.012937   -0.012800   -0.012638   -0.012455   -0.012250   -0.012022   -0.011772
    -0.011507   -0.011237   -0.010957   -0.010674   -0.010376   -0.010063   -0.009742   -0.009410
    -0.009063   -0.008703   -0.008331   -0.007942   -0.007538   -0.007123   -0.006695   -0.006258
    -0.005809   -0.005349   -0.004884   -0.004412   -0.003936   -0.003456   -0.002977   -0.002500
    -0.002021   -0.001550   -0.001087   -0.000628   -0.000180    0.000257    0.000682    0.001094
     0.001492    0.001874    0.002241    0.002591    0.002923    0.003239    0.003536    0.003816
     0.004077    0.004321    0.004548    0.004757    0.004949    0.005124    0.005284    0.005429
     0.005559    0.005675    0.005780    0.005872    0.005953    0.006025    0.006089    0.006143
     0.006190    0.006230    0.006264    0.006292    0.006315    0.006341    0.006603    0.006603
     0.006603    0.006603    0.006603    0.006603    0.006602    0.006602    0.006602    0.006602
     0.006602
  1.000000  0.000000
     0.215460    0.215460    0.215460    0.215460    0.215460    0.215460    0.215460    0.215460
     0.215460    0.215460    0.215460    0.215460    0.215460    0.215460    0.215460    0.215460
     0.215460    0.215460    0.215460    0.215460    0.215460    0.215460    0.215460    0.215460
     0.215460    0.215460    0.215460    0.215460    0.215460    0.215460    0.215460    0.215460
     0.215460    0.215460    0.215460    0.215460    0.215460    0.215460    0.215460    0.215460
     0.215460    0.215460    0.215460    0.215460    0.215460    0.215460    0.215460    0.215460
     0.215460    0.215460    0.215460    0.215460    0.215460    0.215460    0.215460    0.215460
     0.215460    0.215460    0.215460    0.215460    0.215460    0.215460    0.215460    0.215460
     0.215460    0.215460    0.215460    0.215460    0.215460    0.215460    0.215460    0.215460
     0.215460    0.215460    0.215460    0.215460    0.215464    0.215468    0.215472    0.215488
     0.215510    0.215531    0.215553    0.215574    0.215595    0.215617    0.215635    0.215617
     0.215597    0.215571    0.215533    0.215482    0.215462    0.215460    0.215460    0.215460
     0.215460
 ***************************************************************
  ROW NUMBER           6  SECTION NUMBER            5
           0           0           0  IF_DESIGN etc 
   1.00000   0.00000    0
     0.610600    0.614261    0.617794    0.621120    0.624173    0.626898    0.629257    0.631231
     0.632820    0.634043    0.634938    0.635559    0.635974    0.636261    0.636504    0.636748
     0.637004    0.637271    0.637547    0.637832    0.638125    0.638427    0.638738    0.639060
     0.639394    0.639741    0.640104    0.640485    0.640886    0.641310    0.641758    0.642233
     0.642737    0.643272    0.643841    0.644446    0.645088    0.645768    0.646489    0.647251
     0.648055    0.648903    0.649793    0.650726    0.651703    0.652722    0.653782    0.654883
     0.656022    0.657199    0.658410    0.659655    0.660929    0.662231    0.663556    0.664903
     0.666267    0.667644    0.669031    0.670424    0.671819    0.673211    0.674598    0.675974
     0.677335    0.678678    0.680000    0.681296    0.682563    0.683799    0.685001    0.686167
     0.687296    0.688385    0.689436    0.690448    0.691422    0.692361    0.693267    0.694144
     0.694996    0.695831    0.696654    0.697475    0.698305    0.699154    0.699827    0.699154
     0.698384    0.697333    0.695845    0.693806    0.691154    0.687893    0.684080    0.679831
     0.675300
  1.000000  0.000000
    -0.019030   -0.019011   -0.018875   -0.018537   -0.017964   -0.017177   -0.016243   -0.015255
    -0.014308   -0.013481   -0.012817   -0.012327   -0.011986   -0.011743   -0.011533   -0.010955
    -0.010574   -0.010237   -0.009931   -0.009651   -0.009385   -0.009119   -0.008851   -0.008576
    -0.008298   -0.008013   -0.007719   -0.007420   -0.007110   -0.006789   -0.006457   -0.006115
    -0.005760   -0.005392   -0.005013   -0.004621   -0.004218   -0.003805   -0.003382   -0.002952
    -0.002516   -0.002073   -0.001630   -0.001184   -0.000741   -0.000300    0.000136    0.000563
     0.000981    0.001387    0.001781    0.002160    0.002522    0.002867    0.003194    0.003502
     0.003790    0.004059    0.004308    0.004537    0.004746    0.004937    0.005110    0.005265
     0.005404    0.005527    0.005636    0.005731    0.005814    0.005886    0.005948    0.006000
     0.006045    0.006081    0.006112    0.006137    0.006157    0.006173    0.006186    0.006194
     0.006200    0.006203    0.006204    0.006203    0.006199    0.006185    0.005931    0.005931
     0.005931    0.005931    0.005931    0.005931    0.005929    0.005929    0.005929    0.005929
     0.005929
  1.000000
    -0.019030   -0.019011   -0.018875   -0.018537   -0.017964   -0.017177   -0.016243   -0.015255
    -0.014308   -0.013481   -0.012817   -0.012327   -0.011986   -0.011743   -0.011533   -0.011796
    -0.011761   -0.011677   -0.011564   -0.011428   -0.011270   -0.011093   -0.010892   -0.010673
    -0.010441   -0.010205   -0.009961   -0.009712   -0.009449   -0.009175   -0.008892   -0.008599
    -0.008293   -0.007975   -0.007646   -0.007301   -0.006943   -0.006574   -0.006194   -0.005805
    -0.005403   -0.004993   -0.004577   -0.004154   -0.003726   -0.003296   -0.002864   -0.002434
    -0.002002   -0.001576   -0.001157   -0.000739   -0.000332    0.000065    0.000452    0.000828
     0.001192    0.001542    0.001878    0.002198    0.002504    0.002794    0.003069    0.003326
     0.003568    0.003793    0.004003    0.004196    0.004374    0.004537    0.004686    0.004820
     0.004942    0.005050    0.005148    0.005234    0.005310    0.005377    0.005437    0.005488
     0.005532    0.005570    0.005602    0.005628    0.005650    0.005675    0.005931    0.005931
     0.005931    0.005931    0.005931    0.005931    0.005929    0.005929    0.005929    0.005929
     0.005929
  1.000000  0.000000
     0.240920    0.240920    0.240920    0.240920    0.240920    0.240920    0.240920    0.240920
     0.240920    0.240920    0.240920    0.240920    0.240920    0.240920    0.240920    0.240920
     0.240920    0.240920    0.240920    0.240920    0.240920    0.240920    0.240920    0.240920
     0.240920    0.240920    0.240920    0.240920    0.240920    0.240920    0.240920    0.240920
     0.240920    0.240920    0.240920    0.240920    0.240920    0.240920    0.240920    0.240920
     0.240920    0.240920    0.240920    0.240920    0.240920    0.240920    0.240920    0.240920
     0.240920    0.240920    0.240920    0.240920    0.240920    0.240920    0.240920    0.240920
     0.240920    0.240920    0.240920    0.240920    0.240920    0.240920    0.240920    0.240920
     0.240920    0.240920    0.240920    0.240920    0.240920    0.240920    0.240920    0.240920
     0.240920    0.240920    0.240920    0.240920    0.240923    0.240926    0.240929    0.240956
     0.240995    0.241034    0.241072    0.241110    0.241148    0.241187    0.241218    0.241187
     0.241152    0.241104    0.241037    0.240946    0.240921    0.240920    0.240920    0.240920
     0.240920
 ***************************************************************
  ROW NUMBER           6  SECTION NUMBER            6
           0           0           0  IF_DESIGN etc 
   1.00000   0.00000    0
     0.610600    0.614282    0.617835    0.621180    0.624250    0.626989    0.629360    0.631344
     0.632940    0.634168    0.635065    0.635687    0.636101    0.636387    0.636628    0.636870
     0.637125    0.637390    0.637664    0.637947    0.638238    0.638537    0.638846    0.639166
     0.639497    0.639842    0.640202    0.640581    0.640979    0.641399    0.641844    0.642315
     0.642815    0.643347    0.643912    0.644512    0.645149    0.645825    0.646540    0.647297
     0.648095    0.648936    0.649820    0.650747    0.651716    0.652727    0.653780    0.654873
     0.656004    0.657172    0.658375    0.659610    0.660875    0.662167    0.663483    0.664820
     0.666174    0.667541    0.668918    0.670301    0.671685    0.673068    0.674444    0.675810
     0.677161    0.678495    0.679806    0.681093    0.682351    0.683578    0.684772    0.685929
     0.687049    0.688131    0.689174    0.690178    0.691145    0.692077    0.692977    0.693847
     0.694693    0.695521    0.696339    0.697154    0.697977    0.698820    0.699488    0.698820
     0.698057    0.697017    0.695547    0.693535    0.690920    0.687706    0.683950    0.679763
     0.675300
  1.000000  0.000000
    -0.019030   -0.018964   -0.018715   -0.018240   -0.017537   -0.016648   -0.015649   -0.014631
    -0.013679   -0.012863   -0.012217   -0.011744   -0.011418   -0.011187   -0.010989   -0.010429
    -0.010065   -0.009743   -0.009450   -0.009183   -0.008930   -0.008677   -0.008422   -0.008161
    -0.007897   -0.007625   -0.007346   -0.007061   -0.006766   -0.006460   -0.006144   -0.005818
    -0.005480   -0.005130   -0.004768   -0.004394   -0.004010   -0.003615   -0.003211   -0.002801
    -0.002384   -0.001961   -0.001538   -0.001111   -0.000688   -0.000267    0.000150    0.000558
     0.000957    0.001346    0.001722    0.002083    0.002430    0.002759    0.003071    0.003364
     0.003639    0.003895    0.004132    0.004350    0.004549    0.004730    0.004894    0.005041
     0.005172    0.005289    0.005391    0.005481    0.005559    0.005627    0.005684    0.005733
     0.005774    0.005808    0.005836    0.005859    0.005877    0.005892    0.005903    0.005911
     0.005916    0.005919    0.005919    0.005917    0.005913    0.005899    0.005648    0.005648
     0.005648    0.005648    0.005648    0.005648    0.005646    0.005646    0.005646    0.005646
     0.005646
  1.000000
    -0.019030   -0.018964   -0.018715   -0.018240   -0.017537   -0.016648   -0.015649   -0.014631
    -0.013679   -0.012863   -0.012217   -0.011744   -0.011418   -0.011187   -0.010989   -0.011249
    -0.011221   -0.011145   -0.011041   -0.010916   -0.010769   -0.010602   -0.010413   -0.010206
    -0.009987   -0.009765   -0.009535   -0.009299   -0.009051   -0.008793   -0.008526   -0.008249
    -0.007960   -0.007659   -0.007348   -0.007021   -0.006683   -0.006333   -0.005973   -0.005604
    -0.005222   -0.004833   -0.004437   -0.004035   -0.003628   -0.003218   -0.002807   -0.002397
    -0.001985   -0.001578   -0.001177   -0.000779   -0.000389   -0.000009    0.000362    0.000722
     0.001071    0.001407    0.001729    0.002038    0.002332    0.002611    0.002875    0.003123
     0.003356    0.003573    0.003775    0.003962    0.004134    0.004292    0.004435    0.004565
     0.004683    0.004788    0.004882    0.004966    0.005039    0.005104    0.005162    0.005212
     0.005255    0.005291    0.005323    0.005348    0.005370    0.005395    0.005648    0.005648
     0.005648    0.005648    0.005648    0.005648    0.005646    0.005646    0.005646    0.005646
     0.005646
  1.000000  0.000000
     0.253650    0.253650    0.253650    0.253650    0.253650    0.253650    0.253650    0.253650
     0.253650    0.253650    0.253650    0.253650    0.253650    0.253650    0.253650    0.253650
     0.253650    0.253650    0.253650    0.253650    0.253650    0.253650    0.253650    0.253650
     0.253650    0.253650    0.253650    0.253650    0.253650    0.253650    0.253650    0.253650
     0.253650    0.253650    0.253650    0.253650    0.253650    0.253650    0.253650    0.253650
     0.253650    0.253650    0.253650    0.253650    0.253650    0.253650    0.253650    0.253650
     0.253650    0.253650    0.253650    0.253650    0.253650    0.253650    0.253650    0.253650
     0.253650    0.253650    0.253650    0.253650    0.253650    0.253650    0.253650    0.253650
     0.253650    0.253650    0.253650    0.253650    0.253650    0.253650    0.253650    0.253650
     0.253650    0.253650    0.253650    0.253650    0.253652    0.253655    0.253658    0.253690
     0.253738    0.253785    0.253831    0.253878    0.253924    0.253972    0.254010    0.253972
     0.253929    0.253871    0.253789    0.253678    0.253651    0.253650    0.253650    0.253650
     0.253650
 ***************************************************************
  ROW NUMBER           6  SECTION NUMBER            7
           0           0           0  IF_DESIGN etc 
   1.00000   0.00000    0
     0.610600    0.614302    0.617875    0.621239    0.624326    0.627079    0.629463    0.631456
     0.633059    0.634292    0.635192    0.635814    0.636228    0.636512    0.636752    0.636992
     0.637245    0.637508    0.637780    0.638061    0.638350    0.638647    0.638954    0.639271
     0.639600    0.639943    0.640301    0.640676    0.641072    0.641489    0.641930    0.642398
     0.642895    0.643423    0.643984    0.644580    0.645213    0.645884    0.646594    0.647345
     0.648138    0.648973    0.649851    0.650771    0.651733    0.652737    0.653782    0.654867
     0.655991    0.657150    0.658345    0.659571    0.660827    0.662110    0.663417    0.664744
     0.666088    0.667446    0.668813    0.670186    0.671561    0.672934    0.674300    0.675656
     0.676998    0.678322    0.679625    0.680902    0.682152    0.683370    0.684555    0.685704
     0.686816    0.687890    0.688926    0.689923    0.690883    0.691808    0.692702    0.693566
     0.694406    0.695228    0.696040    0.696850    0.697667    0.698504    0.699167    0.698504
     0.697747    0.696718    0.695265    0.693278    0.690699    0.687530    0.683826    0.679699
     0.675300
  1.000000  0.000000
    -0.019030   -0.018921   -0.018571   -0.017971   -0.017150   -0.016170   -0.015113   -0.014067
    -0.013112   -0.012306   -0.011676   -0.011220   -0.010907   -0.010687   -0.010499   -0.009943
    -0.009593   -0.009284   -0.009004   -0.008748   -0.008506   -0.008265   -0.008023   -0.007774
    -0.007522   -0.007264   -0.006998   -0.006726   -0.006444   -0.006153   -0.005851   -0.005540
    -0.005217   -0.004882   -0.004537   -0.004180   -0.003813   -0.003435   -0.003049   -0.002657
    -0.002258   -0.001854   -0.001449   -0.001041   -0.000636   -0.000233    0.000165    0.000556
     0.000938    0.001310    0.001669    0.002015    0.002346    0.002661    0.002959    0.003239
     0.003501    0.003745    0.003971    0.004178    0.004368    0.004539    0.004695    0.004834
     0.004958    0.005069    0.005165    0.005250    0.005323    0.005386    0.005440    0.005486
     0.005524    0.005555    0.005581    0.005602    0.005619    0.005631    0.005642    0.005649
     0.005653    0.005655    0.005655    0.005652    0.005648    0.005634    0.005385    0.005385
     0.005385    0.005385    0.005385    0.005385    0.005384    0.005384    0.005384    0.005384
     0.005384
  1.000000
    -0.019030   -0.018921   -0.018571   -0.017971   -0.017150   -0.016170   -0.015113   -0.014067
    -0.013112   -0.012306   -0.011676   -0.011220   -0.010907   -0.010687   -0.010499   -0.010741
    -0.010720   -0.010651   -0.010556   -0.010440   -0.010304   -0.010147   -0.009968   -0.009772
    -0.009566   -0.009355   -0.009138   -0.008915   -0.008681   -0.008438   -0.008185   -0.007922
    -0.007649   -0.007363   -0.007068   -0.006759   -0.006438   -0.006106   -0.005764   -0.005413
    -0.005051   -0.004681   -0.004304   -0.003921   -0.003533   -0.003143   -0.002750   -0.002359
    -0.001965   -0.001576   -0.001193   -0.000812   -0.000439   -0.000075    0.000281    0.000626
     0.000961    0.001284    0.001594    0.001890    0.002173    0.002442    0.002696    0.002936
     0.003160    0.003370    0.003565    0.003746    0.003912    0.004064    0.004203    0.004329
     0.004443    0.004545    0.004636    0.004717    0.004789    0.004852    0.004908    0.004956
     0.004998    0.005033    0.005064    0.005089    0.005110    0.005134    0.005385    0.005385
     0.005385    0.005385    0.005385    0.005385    0.005384    0.005384    0.005384    0.005384
     0.005384
  1.000000  0.000000
     0.266380    0.266380    0.266380    0.266380    0.266380    0.266380    0.266380    0.266380
     0.266380    0.266380    0.266380    0.266380    0.266380    0.266380    0.266380    0.266380
     0.266380    0.266380    0.266380    0.266380    0.266380    0.266380    0.266380    0.266380
     0.266380    0.266380    0.266380    0.266380    0.266380    0.266380    0.266380    0.266380
     0.266380    0.266380    0.266380    0.266380    0.266380    0.266380    0.266380    0.266380
     0.266380    0.266380    0.266380    0.266380    0.266380    0.266380    0.266380    0.266380
     0.266380    0.266380    0.266380    0.266380    0.266380    0.266380    0.266380    0.266380
     0.266380    0.266380    0.266380    0.266380    0.266380    0.266380    0.266380    0.266380
     0.266380    0.266380    0.266380    0.266380    0.266380    0.266380    0.266380    0.266380
     0.266380    0.266380    0.266380    0.266380    0.266382    0.266384    0.266386    0.266424
     0.266481    0.266536    0.266591    0.266646    0.266701    0.266757    0.266802    0.266757
     0.266706    0.266638    0.266541    0.266411    0.266381    0.266380    0.266380    0.266380
     0.266380
 ***************************************************************
  ROW NUMBER           6  SECTION NUMBER            8
           0           0           0  IF_DESIGN etc 
   1.00000   0.00000    0
     0.610600    0.614344    0.617956    0.621356    0.624476    0.627259    0.629666    0.631679
     0.633296    0.634538    0.635443    0.636068    0.636480    0.636762    0.636998    0.637235
     0.637484    0.637744    0.638012    0.638289    0.638574    0.638868    0.639170    0.639483
     0.639808    0.640146    0.640499    0.640869    0.641259    0.641670    0.642106    0.642568
     0.643058    0.643578    0.644132    0.644720    0.645344    0.646005    0.646706    0.647447
     0.648229    0.649053    0.649918    0.650826    0.651775    0.652766    0.653797    0.654867
     0.655975    0.657119    0.658297    0.659506    0.660745    0.662011    0.663300    0.664609
     0.665935    0.667274    0.668623    0.669977    0.671333    0.672687    0.674035    0.675372
     0.676696    0.678002    0.679287    0.680547    0.681779    0.682981    0.684150    0.685283
     0.686381    0.687440    0.688461    0.689445    0.690392    0.691305    0.692185    0.693038
     0.693867    0.694678    0.695478    0.696277    0.697083    0.697908    0.698563    0.697908
     0.697163    0.696154    0.694734    0.692796    0.690283    0.687197    0.683593    0.679579
     0.675300
  1.000000  0.000000
    -0.019030   -0.018845   -0.018312   -0.017489   -0.016459   -0.015315   -0.014154   -0.013061
    -0.012101   -0.011314   -0.010714   -0.010286   -0.009997   -0.009798   -0.009628   -0.009060
    -0.008737   -0.008452   -0.008193   -0.007958   -0.007737   -0.007518   -0.007297   -0.007070
    -0.006841   -0.006605   -0.006363   -0.006115   -0.005858   -0.005591   -0.005317   -0.005032
    -0.004736   -0.004430   -0.004114   -0.003787   -0.003451   -0.003105   -0.002751   -0.002392
    -0.002026   -0.001655   -0.001283   -0.000909   -0.000537   -0.000167    0.000198    0.000557
     0.000907    0.001248    0.001578    0.001895    0.002198    0.002486    0.002758    0.003014
     0.003253    0.003475    0.003680    0.003869    0.004040    0.004195    0.004335    0.004460
     0.004572    0.004670    0.004756    0.004831    0.004896    0.004951    0.004998    0.005038
     0.005071    0.005098    0.005119    0.005137    0.005150    0.005160    0.005168    0.005173
     0.005176    0.005177    0.005176    0.005173    0.005168    0.005153    0.004909    0.004909
     0.004909    0.004909    0.004909    0.004909    0.004908    0.004908    0.004908    0.004908
     0.004908
  1.000000
    -0.019030   -0.018845   -0.018312   -0.017489   -0.016459   -0.015315   -0.014154   -0.013061
    -0.012101   -0.011314   -0.010714   -0.010286   -0.009997   -0.009798   -0.009628   -0.009822
    -0.009812   -0.009757   -0.009678   -0.009578   -0.009460   -0.009320   -0.009160   -0.008984
    -0.008800   -0.008612   -0.008417   -0.008215   -0.008008   -0.007791   -0.007563   -0.007326
    -0.007081   -0.006824   -0.006557   -0.006281   -0.005990   -0.005690   -0.005381   -0.005063
    -0.004737   -0.004400   -0.004057   -0.003710   -0.003358   -0.003001   -0.002643   -0.002285
    -0.001926   -0.001570   -0.001217   -0.000869   -0.000526   -0.000191    0.000137    0.000456
     0.000765    0.001064    0.001351    0.001626    0.001888    0.002138    0.002375    0.002598
     0.002808    0.003004    0.003186    0.003355    0.003511    0.003654    0.003784    0.003903
     0.004009    0.004105    0.004191    0.004268    0.004335    0.004395    0.004447    0.004493
     0.004533    0.004566    0.004596    0.004620    0.004639    0.004663    0.004909    0.004909
     0.004909    0.004909    0.004909    0.004909    0.004908    0.004908    0.004908    0.004908
     0.004908
  1.000000  0.000000
     0.291840    0.291840    0.291840    0.291840    0.291840    0.291840    0.291840    0.291840
     0.291840    0.291840    0.291840    0.291840    0.291840    0.291840    0.291840    0.291840
     0.291840    0.291840    0.291840    0.291840    0.291840    0.291840    0.291840    0.291840
     0.291840    0.291840    0.291840    0.291840    0.291840    0.291840    0.291840    0.291840
     0.291840    0.291840    0.291840    0.291840    0.291840    0.291840    0.291840    0.291840
     0.291840    0.291840    0.291840    0.291840    0.291840    0.291840    0.291840    0.291840
     0.291840    0.291840    0.291840    0.291840    0.291840    0.291840    0.291840    0.291840
     0.291840    0.291840    0.291840    0.291840    0.291840    0.291840    0.291840    0.291840
     0.291840    0.291840    0.291840    0.291840    0.291840    0.291840    0.291840    0.291840
     0.291840    0.291840    0.291840    0.291840    0.291841    0.291842    0.291844    0.291893
     0.291967    0.292039    0.292110    0.292181    0.292253    0.292327    0.292385    0.292327
     0.292260    0.292171    0.292046    0.291875    0.291841    0.291840    0.291840    0.291840
     0.291840
 ***************************************************************
  ROW NUMBER           6  SECTION NUMBER            9
           0           0           0  IF_DESIGN etc 
   1.00000   0.00000    0
     0.610600    0.614364    0.617996    0.621415    0.624551    0.627348    0.629767    0.631789
     0.633414    0.634660    0.635568    0.636194    0.636606    0.636886    0.637121    0.637356
     0.637604    0.637862    0.638129    0.638404    0.638687    0.638978    0.639279    0.639590
     0.639912    0.640248    0.640599    0.640967    0.641354    0.641763    0.642195    0.642654
     0.643141    0.643658    0.644208    0.644792    0.645412    0.646069    0.646765    0.647501
     0.648278    0.649097    0.649957    0.650858    0.651801    0.652785    0.653810    0.654873
     0.655973    0.657110    0.658280    0.659482    0.660713    0.661970    0.663251    0.664551
     0.665869    0.667199    0.668539    0.669884    0.671232    0.672577    0.673916    0.675245
     0.676560    0.677857    0.679134    0.680385    0.681610    0.682804    0.683965    0.685091
     0.686181    0.687233    0.688248    0.689225    0.690166    0.691073    0.691947    0.692794
     0.693617    0.694423    0.695218    0.696012    0.696813    0.697633    0.698283    0.697633
     0.696893    0.695893    0.694488    0.692573    0.690091    0.687044    0.683486    0.679523
     0.675300
  1.000000  0.000000
    -0.019030   -0.018811   -0.018195   -0.017273   -0.016148   -0.014932   -0.013724   -0.012609
    -0.011646   -0.010867   -0.010279   -0.009864   -0.009585   -0.009394   -0.009233   -0.008674
    -0.008362   -0.008087   -0.007837   -0.007610   -0.007398   -0.007189   -0.006977   -0.006760
    -0.006541   -0.006315   -0.006083   -0.005845   -0.005598   -0.005343   -0.005080   -0.004806
    -0.004523   -0.004229   -0.003926   -0.003612   -0.003289   -0.002958   -0.002618   -0.002272
    -0.001921   -0.001565   -0.001207   -0.000848   -0.000491   -0.000135    0.000216    0.000560
     0.000897    0.001224    0.001541    0.001845    0.002135    0.002411    0.002672    0.002917
     0.003146    0.003358    0.003554    0.003734    0.003898    0.004046    0.004179    0.004298
     0.004404    0.004497    0.004578    0.004649    0.004710    0.004762    0.004806    0.004842
     0.004873    0.004898    0.004918    0.004934    0.004946    0.004955    0.004961    0.004966
     0.004968    0.004968    0.004966    0.004963    0.004959    0.004944    0.004702    0.004702
     0.004702    0.004702    0.004702    0.004702    0.004701    0.004701    0.004701    0.004701
     0.004701
  1.000000
    -0.019030   -0.018811   -0.018195   -0.017273   -0.016148   -0.014932   -0.013724   -0.012609
    -0.011646   -0.010867   -0.010279   -0.009864   -0.009585   -0.009394   -0.009233   -0.009419
    -0.009414   -0.009366   -0.009293   -0.009200   -0.009089   -0.008958   -0.008805   -0.008638
    -0.008463   -0.008285   -0.008100   -0.007908   -0.007712   -0.007505   -0.007288   -0.007063
    -0.006829   -0.006585   -0.006331   -0.006068   -0.005791   -0.005505   -0.005211   -0.004906
    -0.004596   -0.004273   -0.003946   -0.003614   -0.003278   -0.002936   -0.002593   -0.002249
    -0.001906   -0.001564   -0.001225   -0.000891   -0.000561   -0.000239    0.000077    0.000384
     0.000682    0.000970    0.001247    0.001512    0.001766    0.002007    0.002236    0.002452
     0.002655    0.002845    0.003022    0.003185    0.003337    0.003475    0.003602    0.003717
     0.003821    0.003914    0.003998    0.004072    0.004138    0.004196    0.004247    0.004291
     0.004330    0.004363    0.004391    0.004415    0.004434    0.004458    0.004702    0.004702
     0.004702    0.004702    0.004702    0.004702    0.004701    0.004701    0.004701    0.004701
     0.004701
  1.000000  0.000000
     0.304570    0.304570    0.304570    0.304570    0.304570    0.304570    0.304570    0.304570
     0.304570    0.304570    0.304570    0.304570    0.304570    0.304570    0.304570    0.304570
     0.304570    0.304570    0.304570    0.304570    0.304570    0.304570    0.304570    0.304570
     0.304570    0.304570    0.304570    0.304570    0.304570    0.304570    0.304570    0.304570
     0.304570    0.304570    0.304570    0.304570    0.304570    0.304570    0.304570    0.304570
     0.304570    0.304570    0.304570    0.304570    0.304570    0.304570    0.304570    0.304570
     0.304570    0.304570    0.304570    0.304570    0.304570    0.304570    0.304570    0.304570
     0.304570    0.304570    0.304570    0.304570    0.304570    0.304570    0.304570    0.304570
     0.304570    0.304570    0.304570    0.304570    0.304570    0.304570    0.304570    0.304570
     0.304570    0.304570    0.304570    0.304570    0.304571    0.304571    0.304572    0.304627
     0.304709    0.304790    0.304870    0.304949    0.305029    0.305112    0.305177    0.305112
     0.305038    0.304938    0.304798    0.304607    0.304570    0.304570    0.304570    0.304570
     0.304570
 ***************************************************************
  ROW NUMBER           6  SECTION NUMBER            10
           0           0           0  IF_DESIGN etc 
   1.00000   0.00000    0
     0.610600    0.614374    0.618016    0.621444    0.624588    0.627392    0.629818    0.631845
     0.633473    0.634722    0.635631    0.636256    0.636668    0.636948    0.637182    0.637417
     0.637664    0.637921    0.638187    0.638461    0.638743    0.639034    0.639333    0.639643
     0.639964    0.640299    0.640649    0.641016    0.641402    0.641809    0.642240    0.642698
     0.643183    0.643699    0.644247    0.644829    0.645447    0.646102    0.646796    0.647530
     0.648304    0.649120    0.649977    0.650876    0.651816    0.652797    0.653818    0.654877
     0.655974    0.657107    0.658274    0.659472    0.660699    0.661952    0.663229    0.664525
     0.665838    0.667164    0.668500    0.669841    0.671184    0.672525    0.673859    0.675184
     0.676495    0.677788    0.679061    0.680308    0.681529    0.682719    0.683876    0.684999
     0.686085    0.687134    0.688146    0.689120    0.690058    0.690961    0.691833    0.692677
     0.693498    0.694301    0.695094    0.695885    0.696683    0.697500    0.698148    0.697500
     0.696763    0.695768    0.694371    0.692466    0.689999    0.686970    0.683434    0.679496
     0.675300
  1.000000  0.000000
    -0.019030   -0.018794   -0.018140   -0.017170   -0.016001   -0.014749   -0.013518   -0.012392
    -0.011427   -0.010652   -0.010070   -0.009660   -0.009387   -0.009200   -0.009042   -0.008493
    -0.008186   -0.007916   -0.007671   -0.007448   -0.007240   -0.007035   -0.006827   -0.006615
    -0.006400   -0.006178   -0.005951   -0.005718   -0.005476   -0.005226   -0.004968   -0.004700
    -0.004422   -0.004134   -0.003837   -0.003529   -0.003213   -0.002887   -0.002554   -0.002215
    -0.001871   -0.001521   -0.001171   -0.000818   -0.000468   -0.000119    0.000225    0.000562
     0.000893    0.001214    0.001524    0.001822    0.002107    0.002377    0.002633    0.002873
     0.003097    0.003305    0.003496    0.003672    0.003832    0.003976    0.004106    0.004222
     0.004325    0.004416    0.004495    0.004564    0.004623    0.004673    0.004716    0.004752
     0.004781    0.004805    0.004824    0.004839    0.004851    0.004859    0.004865    0.004869
     0.004871    0.004871    0.004869    0.004866    0.004861    0.004846    0.004605    0.004605
     0.004605    0.004605    0.004605    0.004605    0.004605    0.004605    0.004605    0.004605
     0.004605
  1.000000
    -0.019030   -0.018794   -0.018140   -0.017170   -0.016001   -0.014749   -0.013518   -0.012392
    -0.011427   -0.010652   -0.010070   -0.009660   -0.009387   -0.009200   -0.009042   -0.009232
    -0.009228   -0.009183   -0.009113   -0.009023   -0.008916   -0.008788   -0.008640   -0.008476
    -0.008306   -0.008131   -0.007951   -0.007764   -0.007573   -0.007371   -0.007159   -0.006940
    -0.006711   -0.006473   -0.006224   -0.005968   -0.005697   -0.005418   -0.005130   -0.004832
    -0.004528   -0.004213   -0.003893   -0.003568   -0.003239   -0.002904   -0.002568   -0.002232
    -0.001895   -0.001560   -0.001228   -0.000900   -0.000577   -0.000260    0.000050    0.000351
     0.000644    0.000927    0.001199    0.001460    0.001709    0.001947    0.002172    0.002384
     0.002584    0.002771    0.002945    0.003107    0.003256    0.003392    0.003517    0.003631
     0.003733    0.003825    0.003908    0.003981    0.004046    0.004103    0.004154    0.004197
     0.004236    0.004268    0.004296    0.004319    0.004339    0.004362    0.004605    0.004605
     0.004605    0.004605    0.004605    0.004605    0.004605    0.004605    0.004605    0.004605
     0.004605
  1.000000  0.000000
     0.310935    0.310935    0.310935    0.310935    0.310935    0.310935    0.310935    0.310935
     0.310935    0.310935    0.310935    0.310935    0.310935    0.310935    0.310935    0.310935
     0.310935    0.310935    0.310935    0.310935    0.310935    0.310935    0.310935    0.310935
     0.310935    0.310935    0.310935    0.310935    0.310935    0.310935    0.310935    0.310935
     0.310935    0.310935    0.310935    0.310935    0.310935    0.310935    0.310935    0.310935
     0.310935    0.310935    0.310935    0.310935    0.310935    0.310935    0.310935    0.310935
     0.310935    0.310935    0.310935    0.310935    0.310935    0.310935    0.310935    0.310935
     0.310935    0.310935    0.310935    0.310935    0.310935    0.310935    0.310935    0.310935
     0.310935    0.310935    0.310935    0.310935    0.310935    0.310935    0.310935    0.310935
     0.310935    0.310935    0.310935    0.310935    0.310935    0.310936    0.310936    0.310994
     0.311081    0.311166    0.311250    0.311333    0.311418    0.311504    0.311573    0.311504
     0.311426    0.311321    0.311174    0.310973    0.310935    0.310935    0.310935    0.310935
     0.310935
 ***************************************************************
  ROW NUMBER           6  SECTION NUMBER            11
           0           0           0  IF_DESIGN etc 
   1.00000   0.00000    0
     0.610600    0.614384    0.618036    0.621473    0.624625    0.627437    0.629868    0.631900
     0.633531    0.634783    0.635693    0.636319    0.636731    0.637010    0.637244    0.637478
     0.637723    0.637980    0.638245    0.638518    0.638799    0.639089    0.639388    0.639697
     0.640017    0.640351    0.640699    0.641065    0.641450    0.641856    0.642286    0.642741
     0.643225    0.643739    0.644285    0.644866    0.645482    0.646135    0.646827    0.647558
     0.648330    0.649143    0.649998    0.650893    0.651831    0.652808    0.653826    0.654882
     0.655976    0.657105    0.658268    0.659462    0.660685    0.661935    0.663207    0.664499
     0.665808    0.667130    0.668461    0.669798    0.671137    0.672473    0.673804    0.675124
     0.676431    0.677720    0.678989    0.680232    0.681449    0.682635    0.683789    0.684908
     0.685991    0.687037    0.688045    0.689016    0.689951    0.690852    0.691721    0.692562
     0.693380    0.694180    0.694971    0.695759    0.696555    0.697369    0.698015    0.697369
     0.696635    0.695644    0.694254    0.692360    0.689908    0.686897    0.683383    0.679470
     0.675300
  1.000000  0.000000
    -0.019030   -0.018778   -0.018086   -0.017068   -0.015854   -0.014568   -0.013315   -0.012179
    -0.011212   -0.010440   -0.009863   -0.009459   -0.009190   -0.009007   -0.008852   -0.008315
    -0.008014   -0.007748   -0.007507   -0.007288   -0.007084   -0.006883   -0.006680   -0.006472
    -0.006261   -0.006044   -0.005822   -0.005593   -0.005356   -0.005111   -0.004858   -0.004595
    -0.004323   -0.004041   -0.003749   -0.003448   -0.003137   -0.002818   -0.002491   -0.002159
    -0.001821   -0.001478   -0.001135   -0.000789   -0.000445   -0.000103    0.000234    0.000565
     0.000889    0.001204    0.001508    0.001800    0.002079    0.002344    0.002594    0.002829
     0.003048    0.003252    0.003439    0.003611    0.003767    0.003908    0.004035    0.004149
     0.004249    0.004337    0.004414    0.004481    0.004538    0.004587    0.004628    0.004662
     0.004691    0.004714    0.004732    0.004747    0.004757    0.004765    0.004771    0.004774
     0.004776    0.004775    0.004773    0.004770    0.004765    0.004750    0.004510    0.004510
     0.004510    0.004510    0.004510    0.004510    0.004510    0.004510    0.004510    0.004510
     0.004510
  1.000000
    -0.019030   -0.018778   -0.018086   -0.017068   -0.015854   -0.014568   -0.013315   -0.012179
    -0.011212   -0.010440   -0.009863   -0.009459   -0.009190   -0.009007   -0.008852   -0.009048
    -0.009046   -0.009004   -0.008937   -0.008850   -0.008746   -0.008622   -0.008477   -0.008317
    -0.008151   -0.007981   -0.007805   -0.007622   -0.007436   -0.007239   -0.007032   -0.006818
    -0.006595   -0.006362   -0.006120   -0.005869   -0.005604   -0.005331   -0.005050   -0.004759
    -0.004462   -0.004154   -0.003841   -0.003522   -0.003201   -0.002872   -0.002544   -0.002214
    -0.001884   -0.001556   -0.001230   -0.000908   -0.000592   -0.000281    0.000023    0.000319
     0.000606    0.000884    0.001152    0.001408    0.001654    0.001888    0.002109    0.002318
     0.002515    0.002699    0.002870    0.003030    0.003176    0.003311    0.003434    0.003546
     0.003647    0.003738    0.003819    0.003892    0.003956    0.004012    0.004062    0.004105
     0.004143    0.004175    0.004203    0.004226    0.004245    0.004268    0.004510    0.004510
     0.004510    0.004510    0.004510    0.004510    0.004510    0.004510    0.004510    0.004510
     0.004510
  1.000000  0.000000
     0.317300    0.317300    0.317300    0.317300    0.317300    0.317300    0.317300    0.317300
     0.317300    0.317300    0.317300    0.317300    0.317300    0.317300    0.317300    0.317300
     0.317300    0.317300    0.317300    0.317300    0.317300    0.317300    0.317300    0.317300
     0.317300    0.317300    0.317300    0.317300    0.317300    0.317300    0.317300    0.317300
     0.317300    0.317300    0.317300    0.317300    0.317300    0.317300    0.317300    0.317300
     0.317300    0.317300    0.317300    0.317300    0.317300    0.317300    0.317300    0.317300
     0.317300    0.317300    0.317300    0.317300    0.317300    0.317300    0.317300    0.317300
     0.317300    0.317300    0.317300    0.317300    0.317300    0.317300    0.317300    0.317300
     0.317300    0.317300    0.317300    0.317300    0.317300    0.317300    0.317300    0.317300
     0.317300    0.317300    0.317300    0.317300    0.317300    0.317300    0.317301    0.317361
     0.317452    0.317541    0.317629    0.317717    0.317806    0.317897    0.317968    0.317897
     0.317815    0.317705    0.317550    0.317339    0.317300    0.317300    0.317300    0.317300
     0.317300
  STARTING INLET BOUNDARY CONDITION DATA .
  NUMBER OF POINTS FOR INLET BOUNDARY CONDITIONS 
        21
  SPACING OF INLET BOUNDARY CONDITION POINTS 
1.000000 1.834853 3.013899 4.635972 6.783609 9.472655 12.576484 15.752408
18.438934 20.000000 20.000000 18.438934 15.752408 12.576484 9.472655 6.783609
4.635972 3.013899 1.834853 1.000000
   INLET STAGNATION PRESSURES 
101325.000000 101325.000000 101325.000000 101325.000000 101325.000000 101325.000000 101325.000000 101325.000000
101325.000000 101325.000000 101325.000000 101325.000000 101325.000000 101325.000000 101325.000000 101325.000000
101325.000000 101325.000000 101325.000000 101325.000000 101325.000000
   INLET STAGNATION TEMPERATURES 
293.150000 293.150000 293.150000 293.150000 293.150000 293.150000 293.150000 293.150000
293.150000 293.150000 293.150000 293.150000 293.150000 293.150000 293.150000 293.150000
293.150000 293.150000 293.150000 293.150000 293.150000
   INLET ABSOLUTE TANGENTIAL VELOCITY 
0.000000 0.000000 0.000000 0.000000 0.000000 0.000000 0.000000 0.000000
0.000000 0.000000 0.000000 0.000000 0.000000 0.000000 0.000000 0.000000
0.000000 0.000000 0.000000 0.000000 0.000000
   INLET MERIDIONAL VELOCITY 
142.379900 142.379900 142.379900 142.379900 142.379900 142.379900 142.379900 142.379900
142.379900 142.379900 142.379900 142.379900 142.379900 142.379900 142.379900 142.379900
142.379900 142.379900 142.379900 142.379900 142.379900
   INLET MERIDIONAL YAW ANGLE 
0.000000 0.000000 0.000000 0.000000 0.000000 0.000000 0.000000 0.000000
0.000000 0.000000 0.000000 0.000000 0.000000 0.000000 0.000000 0.000000
0.000000 0.000000 0.000000 0.000000 0.000000
   INLET PITCH ANGLE 
0.000000 0.000000 0.000000 0.000000 0.000000 0.000000 0.000000 0.000000
0.000000 0.000000 0.000000 0.000000 0.000000 0.000000 0.000000 0.000000
0.000000 0.000000 0.000000 0.000000 0.000000
   PDOWN_HUB   PDOWN_TIP 
  169242.0  169242.0
 MIXING LENGTH LIMITS ON ALL BLADE ROWS
  0.030000  0.030000  0.030000  0.030000  0.030000  0.020000
  0.030000  0.030000  0.030000  0.030000  0.030000  0.020000
  0.030000  0.030000  0.030000  0.030000  0.030000  0.020000
  0.030000  0.030000  0.030000  0.030000  0.030000  0.020000
  0.030000  0.030000  0.030000  0.030000  0.030000  0.020000
  0.030000  0.030000  0.030000  0.030000  0.030000  0.020000
  FACTOR TO INCREASE THE TURBULENT VISCOSITY OVER THE FIRST NMIXUP STEPS 
   2.00000 1000
NBLEED
0
NBLEED
0
NBLEED
0
NBLEED
0
NBLEED
0
NBLEED
1
1	37	10	50	12	37	5.0
