 DATA SET FOR "multall" . GENERATED BY "stagen" .                       
    CP   and   GAMMA 
 1004.5    1.4
       ITIMST 
         3
     CFL,    DAMP,    MACHLIM,    F_PDOWN 
  0.320000 9.000000  2.000000  0.000000
  IF_RESTART 
         0
  NSTEPS_MAX, CONLIM
      120000  0.006000
   SFX,      SFT,      FAC_4TH,     NCHANGE 
  0.005000  0.005000  0.800000      1000
       NUMBER OF BLADE ROWS 
         6
        IM        KM 
        21        21
  FP(I),I=1,IMM1 
 1.000000 1.834853 3.013899 4.635972 6.783609 9.472655 12.576484 15.752408 
 18.438934 20.000000 20.000000 18.438934 15.752408 12.576484 9.472655 6.783609 
 4.635972 3.013899 1.834853 1.000000 
  FR(K),K=1,KMM1 
 1.000000 1.834853 3.013899 4.635972 6.783609 9.472655 12.576484 15.752408 
 18.438934 20.000000 20.000000 18.438934 15.752408 12.576484 9.472655 6.783609 
 4.635972 3.013899 1.834853 1.000000 
        IR        JR        KR        IRBB      JRBB      KRBB 
         3         3         3         9         9         9
   FBLK1,     FBLK2,     FBLK3  
  0.400000  0.200000  0.100000
       IFMIX 
         1
   RFMIX,    FEXTRAP,   FSMTHB,    FANGLE 
  0.020000  0.800000  1.000000  0.800000
      IFCOOL    IFBLEED    IF_ROUGH 
         0         1         0
       NSECS_IN 
         11
       IN_PRESS  IN_VTAN   IN_VR    IN_FLOW  IF_REPEAT  RFIN 
         0         0         1         0         0   0.50000
  IPOUT  SFEXIT  NSFEXIT 
    1  0.000000    0
  PLATE_LOSS  THROTTLE_EXIT 
  0.000000  0.000000
        ILOS      NLOS      IBOUND 
        10         5         0
   REYNO,     RF_VIS,   FTRANS, TURBVIS_LIM, PRANDTL, YPLUSWALL
  800000.0     0.500     0.000  3000.000       1.0     0.000
   YPLAM      YPTURB 
  5.000000 25.000000
      ISHIFT    NEXTRAP_LE  NEXTRAP_TE 
         2        10        10
  (NSTG(N),N=1,NROWS) 
1 1 2 2 3 3
  5  TIME STEPS FOR PRINTOUT 
      9000      9000      9000      9000      9000
  MARKER FOR VARIABLES TO BE SENT TO THE OUTPUT FILE.
 0 0 0 0 0 0 0 0 0 0 0 0 0 0 0 0 0 0 0 0
  STREAM SURFACES ON WHICH RESULTS ARE TO BE SENT TO   THE OUTPUT FILE 
0   0   0   0   0   0   0   0   0   0   0   0   0   0   0   0   0   0   0   0   0  
 ***************************************************************
 ************STARTING THE INPUT FOR EACH BLADE ROW**************
  BLADE ROW NUMBER =        1                                           
    NUMBER OF BLADES IN ROW 
        20
        JM        JLE       JTE 
        91        14        82
      KTIPSTART  KTIPEND 
         17         21
  FRACTIP1,     FRACTIP2 
  0.00602188       0.00602188
  FTHICK(K) 
1.000000 1.000000 1.000000 1.000000 1.000000 1.000000 1.000000 1.000000
1.000000 1.000000 1.000000 1.000000 1.000000 1.000000 1.000000 0.900000
0.500000 0.000000 0.000000 0.000000 0.000000
       BOUNDARY LAYER TRANSITION POINTS 
         0         0         0         0
  SET NEWGRID= 1 TO GENERATE A NEW GRID WITH DIFFERENT "J" POINTS AND SPACINGS.
         0
   RPMROW,    RPMHUB 
    10081.0    10081.0
       JROTHS    JROTHE    JROTTS    JROTTE 
         1         1         1         1
   PUPROW    PLEROW   PTEROW    PDROW 
   89634.1   89634.1   119359.7  119359.7
      NSECS_ROW   INSURF  
         11         0
  IF_CUSP   IFANGLES 
         0         0
 ***************************************************************
  ROW NUMBER           1  SECTION NUMBER            1
           0           0           0  IF_DESIGN etc 
   1.00000   0.00000    0
    -0.202500   -0.160631   -0.120570   -0.083408   -0.050064   -0.021237    0.002636    0.021408
     0.035226    0.044527    0.050010    0.052595    0.053370    0.053531    0.053691    0.053861
     0.054038    0.054221    0.054410    0.054605    0.054806    0.055014    0.055229    0.055454
     0.055689    0.055936    0.056196    0.056472    0.056765    0.057076    0.057407    0.057760
     0.058137    0.058539    0.058967    0.059422    0.059905    0.060418    0.060960    0.061532
     0.062134    0.062766    0.063428    0.064119    0.064838    0.065585    0.066358    0.067155
     0.067975    0.068816    0.069675    0.070551    0.071441    0.072343    0.073252    0.074168
     0.075086    0.076004    0.076919    0.077827    0.078727    0.079614    0.080486    0.081341
     0.082177    0.082990    0.083780    0.084544    0.085282    0.085992    0.086676    0.087333
     0.087964    0.088570    0.089156    0.089722    0.090275    0.090819    0.091359    0.091904
     0.092462    0.092912    0.093362    0.094208    0.096195    0.099928    0.105805    0.113963
     0.124264    0.136312    0.149500
  1.000000  0.000000
     0.085483    0.088765    0.094166    0.096216    0.091876    0.080842    0.065030    0.047522
     0.031412    0.018901    0.010863    0.006898    0.005686    0.005434    0.005627    0.005565
     0.005458    0.005322    0.005171    0.005007    0.004831    0.004646    0.004450    0.004242
     0.004020    0.003781    0.003531    0.003276    0.003019    0.002760    0.002488    0.002221
     0.001952    0.001682    0.001417    0.001146    0.000885    0.000629    0.000385    0.000146
    -0.000078   -0.000285   -0.000474   -0.000646   -0.000796   -0.000921   -0.001021   -0.001093
    -0.001138   -0.001153   -0.001135   -0.001091   -0.001014   -0.000905   -0.000767   -0.000596
    -0.000400   -0.000175    0.000077    0.000353    0.000651    0.000970    0.001306    0.001659
     0.002024    0.002400    0.002784    0.003174    0.003568    0.003964    0.004359    0.004753
     0.005145    0.005535    0.005923    0.006311    0.006699    0.007093    0.007496    0.007914
     0.008292    0.008302    0.008676    0.009378    0.011026    0.014125    0.019002    0.025773
     0.034321    0.044320    0.055266
  1.000000
     0.085483    0.088765    0.094166    0.096216    0.091876    0.080842    0.065030    0.047522
     0.031412    0.018901    0.010863    0.006898    0.005686    0.005434    0.004718    0.004298
     0.003928    0.003590    0.003287    0.003000    0.002726    0.002470    0.002211    0.001950
     0.001693    0.001431    0.001166    0.000898    0.000629    0.000357    0.000081   -0.000198
    -0.000477   -0.000757   -0.001035   -0.001311   -0.001579   -0.001841   -0.002095   -0.002334
    -0.002560   -0.002768   -0.002956   -0.003123   -0.003265   -0.003378   -0.003463   -0.003517
    -0.003538   -0.003525   -0.003476   -0.003392   -0.003270   -0.003113   -0.002920   -0.002692
    -0.002430   -0.002137   -0.001813   -0.001463   -0.001088   -0.000691   -0.000276    0.000155
     0.000597    0.001048    0.001505    0.001964    0.002424    0.002881    0.003333    0.003780
     0.004221    0.004655    0.005083    0.005506    0.005928    0.006350    0.006778    0.007218
     0.007681    0.008302    0.008676    0.009378    0.011026    0.014125    0.019002    0.025773
     0.034321    0.044320    0.055266
  1.000000  0.000000
     0.116256    0.111861    0.107656    0.103755    0.100255    0.097229    0.095000    0.095000
     0.095000    0.095000    0.095000    0.095000    0.095000    0.095000    0.095000    0.095000
     0.095000    0.095000    0.095000    0.095000    0.095000    0.095000    0.095000    0.095000
     0.095000    0.095000    0.095000    0.095000    0.095000    0.095000    0.095000    0.095000
     0.095000    0.095000    0.095000    0.095000    0.095000    0.095000    0.095000    0.095000
     0.095000    0.095000    0.095000    0.095000    0.095000    0.095000    0.095000    0.095000
     0.095000    0.095000    0.095000    0.095000    0.095000    0.095000    0.095000    0.095000
     0.095000    0.095000    0.095000    0.095000    0.095000    0.095000    0.095000    0.095000
     0.095000    0.095000    0.095000    0.095000    0.095000    0.095000    0.095000    0.095000
     0.095000    0.095000    0.095000    0.095000    0.095000    0.095000    0.095000    0.095000
     0.095000    0.095000    0.095000    0.095000    0.095000    0.095000    0.095000    0.095000
     0.095000    0.095000    0.095000
 ***************************************************************
  ROW NUMBER           1  SECTION NUMBER            2
           0           0           0  IF_DESIGN etc 
   1.00000   0.00000    0
    -0.202500   -0.160627   -0.120563   -0.083397   -0.050050   -0.021220    0.002656    0.021431
     0.035252    0.044556    0.050041    0.052628    0.053406    0.053569    0.053732    0.053904
     0.054083    0.054269    0.054461    0.054658    0.054862    0.055073    0.055292    0.055520
     0.055759    0.056009    0.056273    0.056553    0.056850    0.057165    0.057501    0.057860
     0.058242    0.058650    0.059084    0.059545    0.060036    0.060556    0.061106    0.061686
     0.062297    0.062938    0.063610    0.064311    0.065041    0.065798    0.066582    0.067391
     0.068223    0.069076    0.069948    0.070837    0.071740    0.072654    0.073577    0.074506
     0.075438    0.076369    0.077297    0.078219    0.079131    0.080031    0.080916    0.081784
     0.082631    0.083456    0.084257    0.085033    0.085781    0.086502    0.087196    0.087862
     0.088502    0.089118    0.089712    0.090287    0.090847    0.091399    0.091947    0.092500
     0.093066    0.093523    0.093979    0.094827    0.096800    0.100499    0.106313    0.114379
     0.124561    0.136467    0.149500
  1.000000  0.000000
     0.085483    0.089236    0.095668    0.098799    0.095240    0.084538    0.068635    0.050761
     0.034186    0.021256    0.012929    0.008815    0.007553    0.007287    0.007478    0.007408
     0.007290    0.007142    0.006977    0.006798    0.006606    0.006402    0.006185    0.005954
     0.005707    0.005442    0.005166    0.004884    0.004599    0.004305    0.004001    0.003697
     0.003388    0.003076    0.002765    0.002445    0.002131    0.001818    0.001513    0.001209
     0.000917    0.000636    0.000370    0.000116   -0.000119   -0.000334   -0.000530   -0.000702
    -0.000850   -0.000974   -0.001069   -0.001140   -0.001183   -0.001198   -0.001187   -0.001146
    -0.001082   -0.000992   -0.000876   -0.000739   -0.000579   -0.000399   -0.000202    0.000012
     0.000240    0.000481    0.000731    0.000990    0.001255    0.001524    0.001797    0.002072
     0.002348    0.002625    0.002903    0.003182    0.003464    0.003751    0.004046    0.004354
     0.004631    0.004570    0.004850    0.005377    0.006617    0.008947    0.012614    0.017705
     0.024134    0.031653    0.039884
  1.000000
     0.085483    0.089236    0.095668    0.098799    0.095240    0.084538    0.068635    0.050761
     0.034186    0.021256    0.012929    0.008815    0.007553    0.007287    0.006540    0.006099
     0.005710    0.005354    0.005030    0.004725    0.004433    0.004153    0.003871    0.003586
     0.003302    0.003013    0.002719    0.002421    0.002119    0.001811    0.001498    0.001180
     0.000858    0.000533    0.000207   -0.000120   -0.000442   -0.000761   -0.001076   -0.001379
    -0.001673   -0.001952   -0.002215   -0.002461   -0.002684   -0.002884   -0.003059   -0.003206
    -0.003325   -0.003413   -0.003469   -0.003494   -0.003485   -0.003444   -0.003370   -0.003265
    -0.003129   -0.002964   -0.002772   -0.002553   -0.002313   -0.002051   -0.001771   -0.001476
    -0.001168   -0.000851   -0.000526   -0.000197    0.000135    0.000467    0.000798    0.001126
     0.001450    0.001771    0.002089    0.002404    0.002718    0.003034    0.003355    0.003686
     0.004037    0.004570    0.004850    0.005377    0.006617    0.008947    0.012614    0.017705
     0.024134    0.031653    0.039884
  1.000000  0.000000
     0.130517    0.126484    0.122625    0.119045    0.115833    0.113056    0.111007    0.111007
     0.111007    0.111007    0.111007    0.111007    0.111007    0.111007    0.111007    0.111007
     0.111007    0.111007    0.111007    0.111007    0.111007    0.111007    0.111007    0.111007
     0.111007    0.111007    0.111007    0.111007    0.111007    0.111007    0.111007    0.111007
     0.111007    0.111007    0.111007    0.111007    0.111007    0.111007    0.111007    0.111007
     0.111007    0.111007    0.111007    0.111007    0.111007    0.111007    0.111007    0.111007
     0.111007    0.111007    0.111007    0.111007    0.111007    0.111007    0.111007    0.111007
     0.111007    0.111007    0.111007    0.111007    0.111007    0.111007    0.111007    0.111007
     0.111007    0.111007    0.111007    0.111007    0.111007    0.111007    0.111007    0.111007
     0.111007    0.111007    0.111007    0.111007    0.111007    0.111007    0.111007    0.111007
     0.111007    0.111007    0.111007    0.111007    0.111007    0.111007    0.111007    0.111007
     0.111007    0.111007    0.111007
 ***************************************************************
  ROW NUMBER           1  SECTION NUMBER            3
           0           0           0  IF_DESIGN etc 
   1.00000   0.00000    0
    -0.202500   -0.160624   -0.120557   -0.083388   -0.050038   -0.021205    0.002674    0.021452
     0.035276    0.044582    0.050070    0.052660    0.053441    0.053607    0.053772    0.053947
     0.054130    0.054318    0.054513    0.054714    0.054922    0.055136    0.055359    0.055591
     0.055833    0.056088    0.056357    0.056641    0.056943    0.057264    0.057606    0.057970
     0.058359    0.058773    0.059215    0.059684    0.060183    0.060711    0.061271    0.061861
     0.062482    0.063134    0.063817    0.064530    0.065272    0.066043    0.066840    0.067662
     0.068508    0.069376    0.070263    0.071166    0.072085    0.073014    0.073953    0.074897
     0.075845    0.076792    0.077736    0.078673    0.079601    0.080516    0.081416    0.082298
     0.083160    0.083999    0.084814    0.085602    0.086363    0.087096    0.087802    0.088479
     0.089130    0.089756    0.090360    0.090945    0.091515    0.092076    0.092633    0.093196
     0.093771    0.094235    0.094699    0.095549    0.097507    0.101164    0.106906    0.114865
     0.124907    0.136649    0.149500
  1.000000  0.000000
     0.085483    0.089692    0.097123    0.101305    0.098508    0.088134    0.072152    0.053932
     0.036914    0.023585    0.014980    0.010721    0.009412    0.009132    0.009321    0.009244
     0.009116    0.008956    0.008777    0.008583    0.008375    0.008152    0.007916    0.007663
     0.007391    0.007099    0.006797    0.006488    0.006174    0.005847    0.005511    0.005170
     0.004821    0.004467    0.004111    0.003742    0.003375    0.003006    0.002642    0.002275
     0.001915    0.001562    0.001220    0.000885    0.000565    0.000262   -0.000028   -0.000298
    -0.000549   -0.000779   -0.000985   -0.001172   -0.001334   -0.001472   -0.001586   -0.001676
    -0.001744   -0.001788   -0.001810   -0.001811   -0.001790   -0.001751   -0.001694   -0.001620
    -0.001532   -0.001429   -0.001315   -0.001190   -0.001057   -0.000915   -0.000768   -0.000615
    -0.000459   -0.000298   -0.000135    0.000032    0.000204    0.000381    0.000565    0.000759
     0.000931    0.000797    0.000980    0.001324    0.002133    0.003652    0.006043    0.009362
     0.013554    0.018456    0.023822
  1.000000
     0.085483    0.089692    0.097123    0.101305    0.098508    0.088134    0.072152    0.053932
     0.036914    0.023585    0.014980    0.010721    0.009412    0.009132    0.008352    0.007888
     0.007479    0.007105    0.006760    0.006436    0.006127    0.005824    0.005517    0.005209
     0.004898    0.004581    0.004259    0.003931    0.003596    0.003254    0.002904    0.002548
     0.002185    0.001816    0.001443    0.001067    0.000692    0.000317   -0.000056   -0.000422
    -0.000781   -0.001130   -0.001465   -0.001787   -0.002090   -0.002374   -0.002636   -0.002875
    -0.003088   -0.003276   -0.003436   -0.003567   -0.003670   -0.003743   -0.003789   -0.003805
    -0.003795   -0.003758   -0.003697   -0.003612   -0.003506   -0.003380   -0.003238   -0.003080
    -0.002909   -0.002728   -0.002538   -0.002342   -0.002141   -0.001938   -0.001732   -0.001527
    -0.001322   -0.001117   -0.000914   -0.000711   -0.000507   -0.000302   -0.000092    0.000125
     0.000360    0.000797    0.000980    0.001324    0.002133    0.003652    0.006043    0.009362
     0.013554    0.018456    0.023822
  1.000000  0.000000
     0.144777    0.141106    0.137593    0.134334    0.131410    0.128882    0.127015    0.127015
     0.127015    0.127015    0.127015    0.127015    0.127015    0.127015    0.127015    0.127015
     0.127015    0.127015    0.127015    0.127015    0.127015    0.127015    0.127015    0.127015
     0.127015    0.127015    0.127015    0.127015    0.127015    0.127015    0.127015    0.127015
     0.127015    0.127015    0.127015    0.127015    0.127015    0.127015    0.127015    0.127015
     0.127015    0.127015    0.127015    0.127015    0.127015    0.127015    0.127015    0.127015
     0.127015    0.127015    0.127015    0.127015    0.127015    0.127015    0.127015    0.127015
     0.127015    0.127015    0.127015    0.127015    0.127015    0.127015    0.127015    0.127015
     0.127015    0.127015    0.127015    0.127015    0.127015    0.127015    0.127015    0.127015
     0.127015    0.127015    0.127015    0.127015    0.127015    0.127015    0.127015    0.127015
     0.127015    0.127015    0.127015    0.127015    0.127015    0.127015    0.127015    0.127015
     0.127015    0.127015    0.127015
 ***************************************************************
  ROW NUMBER           1  SECTION NUMBER            4
           0           0           0  IF_DESIGN etc 
   1.00000   0.00000    0
    -0.202500   -0.160616   -0.120542   -0.083366   -0.050009   -0.021170    0.002716    0.021499
     0.035329    0.044640    0.050133    0.052728    0.053513    0.053683    0.053853    0.054033
     0.054220    0.054414    0.054614    0.054821    0.055034    0.055254    0.055483    0.055721
     0.055970    0.056232    0.056508    0.056800    0.057110    0.057439    0.057791    0.058165
     0.058564    0.058990    0.059443    0.059925    0.060438    0.060981    0.061555    0.062161
     0.062800    0.063469    0.064171    0.064903    0.065666    0.066457    0.067276    0.068120
     0.068989    0.069880    0.070791    0.071720    0.072663    0.073618    0.074582    0.075552
     0.076525    0.077498    0.078467    0.079430    0.080383    0.081323    0.082248    0.083154
     0.084039    0.084901    0.085737    0.086547    0.087329    0.088082    0.088806    0.089502
     0.090171    0.090814    0.091434    0.092035    0.092620    0.093196    0.093769    0.094347
     0.094938    0.095415    0.095892    0.096744    0.098677    0.102266    0.107886    0.115668
     0.125481    0.136950    0.149500
  1.000000  0.000000
     0.085483    0.090641    0.100150    0.106510    0.105284    0.095574    0.079407    0.060445
     0.042486    0.028312    0.019122    0.014560    0.013151    0.012844    0.013028    0.012935
     0.012785    0.012600    0.012393    0.012168    0.011928    0.011668    0.011390    0.011092
     0.010769    0.010426    0.010072    0.009708    0.009337    0.008942    0.008540    0.008125
     0.007697    0.007256    0.006809    0.006341    0.005868    0.005385    0.004899    0.004401
     0.003903    0.003404    0.002907    0.002408    0.001915    0.001430    0.000948    0.000479
     0.000020   -0.000427   -0.000860   -0.001278   -0.001681   -0.002066   -0.002435   -0.002786
    -0.003118   -0.003432   -0.003727   -0.004003   -0.004261   -0.004499   -0.004720   -0.004922
    -0.005108   -0.005276   -0.005429   -0.005565   -0.005688   -0.005797   -0.005894   -0.005978
    -0.006052   -0.006117   -0.006173   -0.006221   -0.006263   -0.006297   -0.006326   -0.006350
    -0.006381   -0.006657   -0.006658   -0.006660   -0.006661   -0.006662   -0.006664   -0.006665
    -0.006666   -0.006668   -0.006669
  1.000000
     0.085483    0.090641    0.100150    0.106510    0.105284    0.095574    0.079407    0.060445
     0.042486    0.028312    0.019122    0.014560    0.013151    0.012844    0.012003    0.011497
     0.011050    0.010639    0.010256    0.009894    0.009549    0.009199    0.008844    0.008488
     0.008124    0.007751    0.007371    0.006982    0.006581    0.006168    0.005744    0.005308
     0.004860    0.004401    0.003931    0.003452    0.002968    0.002477    0.001982    0.001487
     0.000992    0.000499    0.000014   -0.000465   -0.000935   -0.001392   -0.001835   -0.002262
    -0.002672   -0.003062   -0.003433   -0.003784   -0.004113   -0.004420   -0.004705   -0.004968
    -0.005209   -0.005429   -0.005629   -0.005810   -0.005971   -0.006115   -0.006242   -0.006355
    -0.006453   -0.006538   -0.006611   -0.006674   -0.006728   -0.006773   -0.006810   -0.006841
    -0.006866   -0.006887   -0.006903   -0.006915   -0.006924   -0.006929   -0.006933   -0.006933
    -0.006918   -0.006657   -0.006658   -0.006660   -0.006661   -0.006662   -0.006664   -0.006665
    -0.006666   -0.006668   -0.006669
  1.000000  0.000000
     0.173298    0.170350    0.167529    0.164913    0.162565    0.160535    0.159030    0.159030
     0.159030    0.159030    0.159030    0.159030    0.159030    0.159030    0.159030    0.159030
     0.159030    0.159030    0.159030    0.159030    0.159030    0.159030    0.159030    0.159030
     0.159030    0.159030    0.159030    0.159030    0.159030    0.159030    0.159030    0.159030
     0.159030    0.159030    0.159030    0.159030    0.159030    0.159030    0.159030    0.159030
     0.159030    0.159030    0.159030    0.159030    0.159030    0.159030    0.159030    0.159030
     0.159030    0.159030    0.159030    0.159030    0.159030    0.159030    0.159030    0.159030
     0.159030    0.159030    0.159030    0.159030    0.159030    0.159030    0.159030    0.159030
     0.159030    0.159030    0.159030    0.159030    0.159030    0.159030    0.159030    0.159030
     0.159030    0.159030    0.159030    0.159030    0.159030    0.159030    0.159030    0.159030
     0.159030    0.159030    0.159030    0.159030    0.159030    0.159030    0.159030    0.159030
     0.159030    0.159030    0.159030
 ***************************************************************
  ROW NUMBER           1  SECTION NUMBER            5
           0           0           0  IF_DESIGN etc 
   1.00000   0.00000    0
    -0.202500   -0.160591   -0.120492   -0.083293   -0.049915   -0.021058    0.002842    0.021637
     0.035476    0.044793    0.050290    0.052886    0.053672    0.053843    0.054014    0.054194
     0.054381    0.054576    0.054777    0.054984    0.055197    0.055418    0.055647    0.055886
     0.056136    0.056398    0.056675    0.056968    0.057278    0.057609    0.057961    0.058336
     0.058736    0.059163    0.059618    0.060101    0.060615    0.061159    0.061735    0.062343
     0.062982    0.063654    0.064357    0.065091    0.065856    0.066649    0.067470    0.068317
     0.069188    0.070081    0.070994    0.071925    0.072870    0.073828    0.074794    0.075767
     0.076742    0.077718    0.078689    0.079655    0.080610    0.081552    0.082479    0.083388
     0.084275    0.085139    0.085978    0.086790    0.087574    0.088329    0.089055    0.089752
     0.090423    0.091067    0.091689    0.092291    0.092878    0.093456    0.094030    0.094609
     0.095202    0.095680    0.096158    0.097009    0.098935    0.102508    0.108101    0.115844
     0.125607    0.137016    0.149500
  1.000000  0.000000
     0.085483    0.092625    0.106461    0.117325    0.119302    0.110869    0.094193    0.073563
     0.053540    0.037534    0.027085    0.021881    0.020272    0.019921    0.020082    0.019954
     0.019761    0.019528    0.019265    0.018982    0.018678    0.018345    0.017979    0.017588
     0.017176    0.016745    0.016303    0.015838    0.015355    0.014845    0.014316    0.013762
     0.013184    0.012579    0.011951    0.011294    0.010611    0.009905    0.009177    0.008423
     0.007650    0.006858    0.006049    0.005223    0.004384    0.003536    0.002676    0.001810
     0.000939    0.000066   -0.000808   -0.001679   -0.002547   -0.003408   -0.004261   -0.005104
    -0.005933   -0.006748   -0.007547   -0.008327   -0.009086   -0.009824   -0.010538   -0.011228
    -0.011892   -0.012529   -0.013139   -0.013721   -0.014276   -0.014804   -0.015304   -0.015779
    -0.016230   -0.016658   -0.017066   -0.017457   -0.017833   -0.018199   -0.018559   -0.018917
    -0.019277   -0.019801   -0.020082   -0.020589   -0.021752   -0.023918   -0.027316   -0.032023
    -0.037961   -0.044903   -0.052500
  1.000000
     0.085483    0.092625    0.106461    0.117325    0.119302    0.110869    0.094193    0.073563
     0.053540    0.037534    0.027085    0.021881    0.020272    0.019921    0.019002    0.018445
     0.017945    0.017482    0.017047    0.016623    0.016203    0.015771    0.015331    0.014884
     0.014422    0.013947    0.013458    0.012950    0.012421    0.011872    0.011300    0.010706
     0.010088    0.009449    0.008781    0.008091    0.007382    0.006652    0.005901    0.005136
     0.004354    0.003561    0.002757    0.001946    0.001128    0.000308   -0.000512   -0.001331
    -0.002145   -0.002953   -0.003754   -0.004544   -0.005324   -0.006090   -0.006842   -0.007579
    -0.008300   -0.009003   -0.009687   -0.010353   -0.010999   -0.011625   -0.012230   -0.012814
    -0.013376   -0.013917   -0.014436   -0.014933   -0.015409   -0.015863   -0.016297   -0.016712
    -0.017107   -0.017486   -0.017850   -0.018200   -0.018541   -0.018876   -0.019207   -0.019540
    -0.019861   -0.019801   -0.020082   -0.020589   -0.021752   -0.023918   -0.027316   -0.032023
    -0.037961   -0.044903   -0.052500
  1.000000  0.000000
     0.230339    0.228838    0.227402    0.226070    0.224875    0.223841    0.223060    0.223060
     0.223060    0.223060    0.223060    0.223060    0.223060    0.223060    0.223060    0.223060
     0.223060    0.223060    0.223060    0.223060    0.223060    0.223060    0.223060    0.223060
     0.223060    0.223060    0.223060    0.223060    0.223060    0.223060    0.223060    0.223060
     0.223060    0.223060    0.223060    0.223060    0.223060    0.223060    0.223060    0.223060
     0.223060    0.223060    0.223060    0.223060    0.223060    0.223060    0.223060    0.223060
     0.223060    0.223060    0.223060    0.223060    0.223060    0.223060    0.223060    0.223060
     0.223060    0.223060    0.223060    0.223060    0.223060    0.223060    0.223060    0.223060
     0.223060    0.223060    0.223060    0.223060    0.223060    0.223060    0.223060    0.223060
     0.223060    0.223060    0.223060    0.223060    0.223060    0.223060    0.223060    0.223060
     0.223060    0.223060    0.223060    0.223060    0.223060    0.223060    0.223060    0.223060
     0.223060    0.223060    0.223060
 ***************************************************************
  ROW NUMBER           1  SECTION NUMBER            6
           0           0           0  IF_DESIGN etc 
   1.00000   0.00000    0
    -0.202500   -0.160574   -0.120460   -0.083246   -0.049856   -0.020988    0.002920    0.021721
     0.035563    0.044882    0.050378    0.052973    0.053756    0.053924    0.054092    0.054269
     0.054454    0.054646    0.054843    0.055047    0.055257    0.055474    0.055700    0.055935
     0.056180    0.056438    0.056711    0.056999    0.057304    0.057630    0.057976    0.058345
     0.058739    0.059159    0.059606    0.060082    0.060587    0.061123    0.061689    0.062287
     0.062917    0.063578    0.064270    0.064992    0.065744    0.066524    0.067332    0.068165
     0.069023    0.069902    0.070800    0.071716    0.072646    0.073588    0.074539    0.075496
     0.076456    0.077415    0.078371    0.079321    0.080261    0.081189    0.082101    0.082994
     0.083867    0.084718    0.085543    0.086342    0.087113    0.087856    0.088570    0.089257
     0.089916    0.090551    0.091162    0.091755    0.092333    0.092901    0.093466    0.094035
     0.094618    0.095089    0.095559    0.096408    0.098346    0.101952    0.107606    0.115437
     0.125316    0.136863    0.149500
  1.000000  0.000000
     0.085483    0.093510    0.109273    0.122139    0.125530    0.117648    0.100725    0.079333
     0.058374    0.041542    0.030529    0.025040    0.023345    0.022980    0.023129    0.022987
     0.022778    0.022529    0.022247    0.021938    0.021602    0.021233    0.020829    0.020400
     0.019955    0.019492    0.019015    0.018509    0.017980    0.017426    0.016844    0.016234
     0.015592    0.014920    0.014215    0.013477    0.012706    0.011904    0.011071    0.010207
     0.009314    0.008394    0.007449    0.006480    0.005490    0.004481    0.003455    0.002415
     0.001364    0.000304   -0.000761   -0.001830   -0.002899   -0.003965   -0.005025   -0.006078
    -0.007118   -0.008145   -0.009154   -0.010145   -0.011113   -0.012056   -0.012973   -0.013861
    -0.014718   -0.015543   -0.016336   -0.017095   -0.017820   -0.018510   -0.019168   -0.019793
    -0.020388   -0.020955   -0.021496   -0.022015   -0.022516   -0.023005   -0.023486   -0.023966
    -0.024451   -0.025082   -0.025462   -0.026150   -0.027723   -0.030652   -0.035245   -0.041610
    -0.049638   -0.059023   -0.069293
  1.000000
     0.085483    0.093510    0.109273    0.122139    0.125530    0.117648    0.100725    0.079333
     0.058374    0.041542    0.030529    0.025040    0.023345    0.022980    0.022042    0.021472
     0.020960    0.020487    0.020038    0.019593    0.019143    0.018681    0.018210    0.017728
     0.017230    0.016715    0.016182    0.015627    0.015048    0.014443    0.013811    0.013151
     0.012463    0.011746    0.010993    0.010214    0.009406    0.008571    0.007708    0.006823
     0.005913    0.004984    0.004038    0.003076    0.002101    0.001116    0.000125   -0.000871
    -0.001869   -0.002865   -0.003859   -0.004847   -0.005827   -0.006797   -0.007754   -0.008698
    -0.009627   -0.010537   -0.011429   -0.012300   -0.013150   -0.013976   -0.014778   -0.015555
    -0.016306   -0.017030   -0.017727   -0.018396   -0.019037   -0.019651   -0.020238   -0.020799
    -0.021336   -0.021850   -0.022344   -0.022821   -0.023285   -0.023740   -0.024192   -0.024646
    -0.025090   -0.025082   -0.025462   -0.026150   -0.027723   -0.030652   -0.035245   -0.041610
    -0.049638   -0.059023   -0.069293
  1.000000  0.000000
     0.258860    0.258083    0.257339    0.256649    0.256029    0.255494    0.255075    0.255075
     0.255075    0.255075    0.255075    0.255075    0.255075    0.255075    0.255075    0.255075
     0.255075    0.255075    0.255075    0.255075    0.255075    0.255075    0.255075    0.255075
     0.255075    0.255075    0.255075    0.255075    0.255075    0.255075    0.255075    0.255075
     0.255075    0.255075    0.255075    0.255075    0.255075    0.255075    0.255075    0.255075
     0.255075    0.255075    0.255075    0.255075    0.255075    0.255075    0.255075    0.255075
     0.255075    0.255075    0.255075    0.255075    0.255075    0.255075    0.255075    0.255075
     0.255075    0.255075    0.255075    0.255075    0.255075    0.255075    0.255075    0.255075
     0.255075    0.255075    0.255075    0.255075    0.255075    0.255075    0.255075    0.255075
     0.255075    0.255075    0.255075    0.255075    0.255075    0.255075    0.255075    0.255075
     0.255075    0.255075    0.255075    0.255075    0.255075    0.255075    0.255075    0.255075
     0.255075    0.255075    0.255075
 ***************************************************************
  ROW NUMBER           1  SECTION NUMBER            7
           0           0           0  IF_DESIGN etc 
   1.00000   0.00000    0
    -0.202500   -0.160558   -0.120427   -0.083199   -0.049797   -0.020918    0.002998    0.021805
     0.035650    0.044971    0.050466    0.053059    0.053840    0.054005    0.054170    0.054344
     0.054526    0.054714    0.054908    0.055108    0.055314    0.055528    0.055749    0.055980
     0.056221    0.056475    0.056742    0.057025    0.057326    0.057645    0.057985    0.058348
     0.058735    0.059147    0.059587    0.060054    0.060550    0.061077    0.061633    0.062221
     0.062839    0.063488    0.064168    0.064877    0.065616    0.066383    0.067176    0.067995
     0.068837    0.069700    0.070583    0.071482    0.072396    0.073321    0.074256    0.075196
     0.076138    0.077081    0.078020    0.078953    0.079877    0.080788    0.081684    0.082562
     0.083419    0.084254    0.085065    0.085850    0.086607    0.087337    0.088039    0.088713
     0.089361    0.089984    0.090585    0.091167    0.091735    0.092293    0.092848    0.093408
     0.093980    0.094442    0.094904    0.095750    0.097701    0.101344    0.107064    0.114993
     0.124999    0.136697    0.149500
  1.000000  0.000000
     0.085483    0.094296    0.111771    0.126414    0.131060    0.123665    0.106521    0.084450
     0.062660    0.045095    0.033581    0.027840    0.026071    0.025695    0.025835    0.025681
     0.025460    0.025197    0.024900    0.024566    0.024195    0.023792    0.023357    0.022899
     0.022428    0.021938    0.021428    0.020890    0.020323    0.019730    0.019104    0.018445
     0.017750    0.017019    0.016249    0.015442    0.014596    0.013711    0.012788    0.011828
     0.010833    0.009803    0.008739    0.007646    0.006525    0.005377    0.004207    0.003016
     0.001808    0.000586   -0.000646   -0.001886   -0.003131   -0.004375   -0.005617   -0.006852
    -0.008077   -0.009288   -0.010482   -0.011655   -0.012805   -0.013928   -0.015021   -0.016082
    -0.017109   -0.018099   -0.019051   -0.019964   -0.020838   -0.021672   -0.022467   -0.023224
    -0.023945   -0.024633   -0.025291   -0.025923   -0.026534   -0.027131   -0.027719   -0.028306
    -0.028904   -0.029632   -0.030100   -0.030951   -0.032908   -0.036559   -0.042287   -0.050225
    -0.060240   -0.071949   -0.084764
  1.000000
     0.085483    0.094296    0.111771    0.126414    0.131060    0.123665    0.106521    0.084450
     0.062660    0.045095    0.033581    0.027840    0.026071    0.025695    0.024749    0.024170
     0.023653    0.023176    0.022717    0.022255    0.021782    0.021299    0.020805    0.020295
     0.019769    0.019224    0.018656    0.018064    0.017445    0.016796    0.016115    0.015402
     0.014656    0.013876    0.013053    0.012198    0.011309    0.010385    0.009427    0.008440
     0.007422    0.006377    0.005307    0.004215    0.003104    0.001976    0.000835   -0.000316
    -0.001474   -0.002637   -0.003800   -0.004962   -0.006120   -0.007270   -0.008411   -0.009538
    -0.010651   -0.011747   -0.012823   -0.013877   -0.014908   -0.015912   -0.016890   -0.017838
    -0.018757   -0.019644   -0.020498   -0.021320   -0.022109   -0.022864   -0.023587   -0.024279
    -0.024941   -0.025575   -0.026185   -0.026774   -0.027347   -0.027909   -0.028467   -0.029028
    -0.029585   -0.029632   -0.030100   -0.030951   -0.032908   -0.036559   -0.042287   -0.050225
    -0.060240   -0.071949   -0.084764
  1.000000  0.000000
     0.287381    0.287327    0.287275    0.287227    0.287184    0.287147    0.287090    0.287090
     0.287090    0.287090    0.287090    0.287090    0.287090    0.287090    0.287090    0.287090
     0.287090    0.287090    0.287090    0.287090    0.287090    0.287090    0.287090    0.287090
     0.287090    0.287090    0.287090    0.287090    0.287090    0.287090    0.287090    0.287090
     0.287090    0.287090    0.287090    0.287090    0.287090    0.287090    0.287090    0.287090
     0.287090    0.287090    0.287090    0.287090    0.287090    0.287090    0.287090    0.287090
     0.287090    0.287090    0.287090    0.287090    0.287090    0.287090    0.287090    0.287090
     0.287090    0.287090    0.287090    0.287090    0.287090    0.287090    0.287090    0.287090
     0.287090    0.287090    0.287090    0.287090    0.287090    0.287090    0.287090    0.287090
     0.287090    0.287090    0.287090    0.287090    0.287090    0.287090    0.287090    0.287090
     0.287090    0.287090    0.287090    0.287090    0.287090    0.287090    0.287090    0.287090
     0.287090    0.287090    0.287090
 ***************************************************************
  ROW NUMBER           1  SECTION NUMBER            8
           0           0           0  IF_DESIGN etc 
   1.00000   0.00000    0
    -0.202500   -0.160527   -0.120367   -0.083113   -0.049686   -0.020788    0.003144    0.021963
     0.035815    0.045140    0.050636    0.053227    0.054005    0.054166    0.054327    0.054497
     0.054674    0.054858    0.055047    0.055243    0.055444    0.055653    0.055869    0.056095
     0.056331    0.056578    0.056840    0.057116    0.057409    0.057721    0.058054    0.058408
     0.058786    0.059189    0.059618    0.060075    0.060560    0.061074    0.061617    0.062191
     0.062795    0.063429    0.064093    0.064787    0.065508    0.066257    0.067032    0.067832
     0.068655    0.069498    0.070360    0.071239    0.072132    0.073036    0.073948    0.074867
     0.075788    0.076708    0.077626    0.078537    0.079439    0.080329    0.081205    0.082062
     0.082900    0.083716    0.084508    0.085274    0.086015    0.086727    0.087413    0.088072
     0.088705    0.089313    0.089900    0.090469    0.091023    0.091569    0.092111    0.092658
     0.093217    0.093668    0.094120    0.094962    0.096927    0.100614    0.106413    0.114459
     0.124617    0.136497    0.149500
  1.000000  0.000000
     0.085483    0.095955    0.117034    0.135397    0.142637    0.136198    0.118504    0.094916
     0.071298    0.052129    0.039522    0.033231    0.031298    0.030895    0.030999    0.030809
     0.030549    0.030241    0.029890    0.029490    0.029045    0.028574    0.028085    0.027578
     0.027055    0.026506    0.025927    0.025322    0.024684    0.024011    0.023298    0.022544
     0.021747    0.020904    0.020013    0.019074    0.018086    0.017048    0.015961    0.014824
     0.013640    0.012409    0.011132    0.009812    0.008453    0.007055    0.005623    0.004160
     0.002669    0.001153   -0.000381   -0.001931   -0.003493   -0.005061   -0.006631   -0.008198
    -0.009759   -0.011307   -0.012838   -0.014348   -0.015832   -0.017286   -0.018707   -0.020090
    -0.021432   -0.022730   -0.023982   -0.025187   -0.026343   -0.027450   -0.028509   -0.029520
    -0.030486   -0.031409   -0.032295   -0.033149   -0.033976   -0.034786   -0.035587   -0.036389
    -0.037207   -0.038103   -0.038749   -0.039953   -0.042761   -0.048027   -0.056307   -0.067795
    -0.082297   -0.099258   -0.117822
  1.000000
     0.085483    0.095955    0.117034    0.135397    0.142637    0.136198    0.118504    0.094916
     0.071298    0.052129    0.039522    0.033231    0.031298    0.030895    0.029956    0.029366
     0.028845    0.028359    0.027870    0.027373    0.026861    0.026338    0.025799    0.025241
     0.024666    0.024065    0.023437    0.022780    0.022090    0.021364    0.020599    0.019793
     0.018947    0.018052    0.017111    0.016126    0.015094    0.014016    0.012893    0.011726
     0.010517    0.009267    0.007980    0.006658    0.005303    0.003920    0.002511    0.001081
    -0.000368   -0.001831   -0.003305   -0.004785   -0.006269   -0.007752   -0.009230   -0.010700
    -0.012158   -0.013600   -0.015023   -0.016424   -0.017799   -0.019144   -0.020458   -0.021737
    -0.022979   -0.024182   -0.025345   -0.026465   -0.027542   -0.028576   -0.029568   -0.030518
    -0.031428   -0.032302   -0.033143   -0.033956   -0.034747   -0.035524   -0.036297   -0.037074
    -0.037865   -0.038103   -0.038749   -0.039953   -0.042761   -0.048027   -0.056307   -0.067795
    -0.082297   -0.099258   -0.117822
  1.000000  0.000000
     0.344422    0.345815    0.347148    0.348385    0.349494    0.350453    0.351120    0.351120
     0.351120    0.351120    0.351120    0.351120    0.351120    0.351120    0.351120    0.351120
     0.351120    0.351120    0.351120    0.351120    0.351120    0.351120    0.351120    0.351120
     0.351120    0.351120    0.351120    0.351120    0.351120    0.351120    0.351120    0.351120
     0.351120    0.351120    0.351120    0.351120    0.351120    0.351120    0.351120    0.351120
     0.351120    0.351120    0.351120    0.351120    0.351120    0.351120    0.351120    0.351120
     0.351120    0.351120    0.351120    0.351120    0.351120    0.351120    0.351120    0.351120
     0.351120    0.351120    0.351120    0.351120    0.351120    0.351120    0.351120    0.351120
     0.351120    0.351120    0.351120    0.351120    0.351120    0.351120    0.351120    0.351120
     0.351120    0.351120    0.351120    0.351120    0.351120    0.351120    0.351120    0.351120
     0.351120    0.351120    0.351120    0.351120    0.351120    0.351120    0.351120    0.351120
     0.351120    0.351120    0.351120
 ***************************************************************
  ROW NUMBER           1  SECTION NUMBER            9
           0           0           0  IF_DESIGN etc 
   1.00000   0.00000    0
    -0.202500   -0.160512   -0.120339   -0.083071   -0.049633   -0.020726    0.003215    0.022039
     0.035896    0.045222    0.050720    0.053311    0.054087    0.054247    0.054407    0.054576
     0.054752    0.054935    0.055123    0.055317    0.055518    0.055725    0.055940    0.056164
     0.056398    0.056644    0.056903    0.057178    0.057469    0.057779    0.058110    0.058462
     0.058837    0.059237    0.059664    0.060117    0.060599    0.061109    0.061649    0.062219
     0.062819    0.063449    0.064109    0.064798    0.065514    0.066258    0.067028    0.067823
     0.068640    0.069478    0.070334    0.071207    0.072094    0.072992    0.073898    0.074810
     0.075725    0.076640    0.077551    0.078457    0.079353    0.080237    0.081106    0.081958
     0.082790    0.083601    0.084387    0.085149    0.085884    0.086592    0.087273    0.087928
     0.088556    0.089161    0.089744    0.090309    0.090860    0.091401    0.091940    0.092483
     0.093039    0.093487    0.093935    0.094776    0.096744    0.100441    0.106259    0.114332
     0.124526    0.136449    0.149500
  1.000000  0.000000
     0.085483    0.097078    0.120585    0.141436    0.150378    0.144510    0.126360    0.101661
     0.076733    0.056422    0.043039    0.036356    0.034305    0.033880    0.033945    0.033719
     0.033418    0.033063    0.032657    0.032210    0.031725    0.031218    0.030697    0.030155
     0.029594    0.029005    0.028384    0.027734    0.027049    0.026323    0.025555    0.024742
     0.023880    0.022968    0.022004    0.020985    0.019911    0.018783    0.017598    0.016358
     0.015064    0.013717    0.012318    0.010870    0.009375    0.007837    0.006258    0.004642
     0.002993    0.001316   -0.000386   -0.002107   -0.003842   -0.005588   -0.007338   -0.009087
    -0.010829   -0.012561   -0.014275   -0.015968   -0.017633   -0.019267   -0.020865   -0.022422
    -0.023934   -0.025400   -0.026814   -0.028177   -0.029486   -0.030740   -0.031941   -0.033089
    -0.034187   -0.035239   -0.036248   -0.037221   -0.038166   -0.039091   -0.040008   -0.040927
    -0.041863   -0.042830   -0.043575   -0.044971   -0.048247   -0.054399   -0.064083   -0.077522
    -0.094492   -0.114340   -0.136066
  1.000000
     0.085483    0.097078    0.120585    0.141436    0.150378    0.144510    0.126360    0.101661
     0.076733    0.056422    0.043039    0.036356    0.034305    0.033880    0.032955    0.032366
     0.031841    0.031335    0.030821    0.030296    0.029757    0.029205    0.028635    0.028046
     0.027435    0.026798    0.026131    0.025432    0.024696    0.023921    0.023103    0.022240
     0.021332    0.020370    0.019357    0.018294    0.017179    0.016011    0.014791    0.013521
     0.012202    0.010836    0.009425    0.007973    0.006482    0.004955    0.003397    0.001811
     0.000201   -0.001429   -0.003075   -0.004732   -0.006396   -0.008063   -0.009727   -0.011385
    -0.013033   -0.014666   -0.016280   -0.017871   -0.019434   -0.020967   -0.022465   -0.023926
    -0.025346   -0.026722   -0.028053   -0.029337   -0.030572   -0.031759   -0.032898   -0.033989
    -0.035036   -0.036040   -0.037008   -0.037944   -0.038855   -0.039750   -0.040640   -0.041535
    -0.042451   -0.042830   -0.043575   -0.044971   -0.048247   -0.054399   -0.064083   -0.077522
    -0.094492   -0.114340   -0.136066
  1.000000  0.000000
     0.372943    0.375060    0.377085    0.378963    0.380649    0.382106    0.383135    0.383135
     0.383135    0.383135    0.383135    0.383135    0.383135    0.383135    0.383135    0.383135
     0.383135    0.383135    0.383135    0.383135    0.383135    0.383135    0.383135    0.383135
     0.383135    0.383135    0.383135    0.383135    0.383135    0.383135    0.383135    0.383135
     0.383135    0.383135    0.383135    0.383135    0.383135    0.383135    0.383135    0.383135
     0.383135    0.383135    0.383135    0.383135    0.383135    0.383135    0.383135    0.383135
     0.383135    0.383135    0.383135    0.383135    0.383135    0.383135    0.383135    0.383135
     0.383135    0.383135    0.383135    0.383135    0.383135    0.383135    0.383135    0.383135
     0.383135    0.383135    0.383135    0.383135    0.383135    0.383135    0.383135    0.383135
     0.383135    0.383135    0.383135    0.383135    0.383135    0.383135    0.383135    0.383135
     0.383135    0.383135    0.383135    0.383135    0.383135    0.383135    0.383135    0.383135
     0.383135    0.383135    0.383135
 ***************************************************************
  ROW NUMBER           1  SECTION NUMBER            10
           0           0           0  IF_DESIGN etc 
   1.00000   0.00000    0
    -0.202500   -0.160505   -0.120324   -0.083050   -0.049607   -0.020694    0.003250    0.022078
     0.035936    0.045264    0.050762    0.053353    0.054129    0.054289    0.054448    0.054616
     0.054792    0.054974    0.055161    0.055355    0.055555    0.055761    0.055975    0.056198
     0.056432    0.056677    0.056936    0.057209    0.057500    0.057809    0.058138    0.058489
     0.058863    0.059262    0.059686    0.060138    0.060618    0.061127    0.061666    0.062234
     0.062832    0.063459    0.064117    0.064803    0.065517    0.066259    0.067026    0.067818
     0.068632    0.069467    0.070321    0.071190    0.072074    0.072969    0.073873    0.074782
     0.075693    0.076605    0.077513    0.078416    0.079309    0.080190    0.081056    0.081905
     0.082734    0.083542    0.084326    0.085085    0.085818    0.086523    0.087202    0.087854
     0.088481    0.089083    0.089665    0.090228    0.090776    0.091316    0.091853    0.092394
     0.092948    0.093395    0.093842    0.094681    0.096651    0.100353    0.106180    0.114268
     0.124480    0.136425    0.149500
  1.000000  0.000000
     0.085483    0.097725    0.122630    0.144909    0.154821    0.149269    0.130841    0.105487
     0.079791    0.058812    0.044976    0.038065    0.035944    0.035506    0.035545    0.035297
     0.034971    0.034585    0.034145    0.033670    0.033166    0.032640    0.032100    0.031538
     0.030954    0.030342    0.029698    0.029022    0.028309    0.027555    0.026755    0.025908
     0.025010    0.024059    0.023053    0.021990    0.020868    0.019689    0.018450    0.017153
     0.015797    0.014386    0.012919    0.011400    0.009831    0.008215    0.006556    0.004857
     0.003122    0.001356   -0.000436   -0.002250   -0.004080   -0.005921   -0.007767   -0.009614
    -0.011455   -0.013284   -0.015097   -0.016887   -0.018649   -0.020379   -0.022070   -0.023720
    -0.025322   -0.026875   -0.028376   -0.029821   -0.031210   -0.032542   -0.033817   -0.035037
    -0.036204   -0.037321   -0.038395   -0.039430   -0.040436   -0.041420   -0.042396   -0.043375
    -0.044373   -0.045373   -0.046168   -0.047662   -0.051172   -0.057769   -0.068154   -0.082570
    -0.100774   -0.122065   -0.145372
  1.000000
     0.085483    0.097725    0.122630    0.144909    0.154821    0.149269    0.130841    0.105487
     0.079791    0.058812    0.044976    0.038065    0.035944    0.035506    0.034589    0.034002
     0.033474    0.032955    0.032427    0.031885    0.031330    0.030760    0.030171    0.029563
     0.028932    0.028273    0.027583    0.026859    0.026097    0.025293    0.024445    0.023549
     0.022606    0.021604    0.020551    0.019444    0.018281    0.017062    0.015788    0.014460
     0.013080    0.011648    0.010169    0.008645    0.007078    0.005472    0.003832    0.002160
     0.000461   -0.001260   -0.002999   -0.004752   -0.006514   -0.008279   -0.010044   -0.011804
    -0.013553   -0.015288   -0.017004   -0.018696   -0.020360   -0.021992   -0.023588   -0.025144
    -0.026658   -0.028126   -0.029545   -0.030915   -0.032233   -0.033500   -0.034715   -0.035880
    -0.036997   -0.038070   -0.039103   -0.040103   -0.041076   -0.042032   -0.042982   -0.043939
    -0.044917   -0.045373   -0.046168   -0.047662   -0.051172   -0.057769   -0.068154   -0.082570
    -0.100774   -0.122065   -0.145372
  1.000000  0.000000
     0.387203    0.389682    0.392053    0.394253    0.396226    0.397933    0.399142    0.399142
     0.399142    0.399142    0.399142    0.399142    0.399142    0.399142    0.399142    0.399142
     0.399142    0.399142    0.399142    0.399142    0.399142    0.399142    0.399142    0.399142
     0.399142    0.399142    0.399142    0.399142    0.399142    0.399142    0.399142    0.399142
     0.399142    0.399142    0.399142    0.399142    0.399142    0.399142    0.399142    0.399142
     0.399142    0.399142    0.399142    0.399142    0.399142    0.399142    0.399142    0.399142
     0.399142    0.399142    0.399142    0.399142    0.399142    0.399142    0.399142    0.399142
     0.399142    0.399142    0.399142    0.399142    0.399142    0.399142    0.399142    0.399142
     0.399142    0.399142    0.399142    0.399142    0.399142    0.399142    0.399142    0.399142
     0.399142    0.399142    0.399142    0.399142    0.399142    0.399142    0.399142    0.399142
     0.399142    0.399142    0.399142    0.399142    0.399142    0.399142    0.399142    0.399142
     0.399142    0.399142    0.399142
 ***************************************************************
  ROW NUMBER           1  SECTION NUMBER            11
           0           0           0  IF_DESIGN etc 
   1.00000   0.00000    0
    -0.202500   -0.160497   -0.120310   -0.083029   -0.049580   -0.020662    0.003286    0.022117
     0.035977    0.045307    0.050805    0.053395    0.054171    0.054330    0.054489    0.054657
     0.054832    0.055013    0.055200    0.055393    0.055592    0.055797    0.056011    0.056233
     0.056466    0.056710    0.056968    0.057240    0.057530    0.057837    0.058165    0.058515
     0.058888    0.059285    0.059708    0.060159    0.060637    0.061144    0.061680    0.062246
     0.062842    0.063467    0.064122    0.064806    0.065518    0.066257    0.067021    0.067810
     0.068621    0.069453    0.070304    0.071170    0.072051    0.072942    0.073842    0.074748
     0.075657    0.076565    0.077470    0.078369    0.079259    0.080136    0.081000    0.081846
     0.082672    0.083477    0.084258    0.085014    0.085744    0.086447    0.087123    0.087773
     0.088397    0.088998    0.089577    0.090138    0.090684    0.091222    0.091757    0.092296
     0.092848    0.093293    0.093739    0.094577    0.096549    0.100257    0.106094    0.114197
     0.124430    0.136398    0.149500
  1.000000  0.000000
     0.085483    0.098394    0.124746    0.148502    0.159416    0.154189    0.135471    0.109435
     0.082941    0.061269    0.046962    0.039813    0.037620    0.037168    0.037181    0.036910
     0.036557    0.036138    0.035663    0.035160    0.034635    0.034090    0.033531    0.032948
     0.032340    0.031705    0.031037    0.030334    0.029593    0.028808    0.027976    0.027094
     0.026159    0.025168    0.024118    0.023009    0.021838    0.020607    0.019312    0.017955
     0.016537    0.015060    0.013523    0.011931    0.010286    0.008591    0.006849    0.005064
     0.003242    0.001385   -0.000500   -0.002408   -0.004335   -0.006274   -0.008219   -0.010166
    -0.012107   -0.014036   -0.015949   -0.017838   -0.019699   -0.021525   -0.023312   -0.025055
    -0.026750   -0.028392   -0.029979   -0.031508   -0.032978   -0.034388   -0.035739   -0.037031
    -0.038267   -0.039451   -0.040589   -0.041687   -0.042753   -0.043798   -0.044833   -0.045872
    -0.046932   -0.047965   -0.048809   -0.050401   -0.054144   -0.061183   -0.072265   -0.087650
    -0.107078   -0.129802   -0.154678
  1.000000
     0.085483    0.098394    0.124746    0.148502    0.159416    0.154189    0.135471    0.109435
     0.082941    0.061269    0.046962    0.039813    0.037620    0.037168    0.036260    0.035677
     0.035145    0.034612    0.034068    0.033509    0.032937    0.032348    0.031741    0.031113
     0.030459    0.029778    0.029064    0.028315    0.027525    0.026691    0.025811    0.024881
     0.023901    0.022859    0.021764    0.020611    0.019398    0.018127    0.016797    0.015409
     0.013966    0.012467    0.010917    0.009319    0.007674    0.005987    0.004261    0.002502
     0.000713   -0.001102   -0.002937   -0.004788   -0.006649   -0.008516   -0.010383   -0.012247
    -0.014100   -0.015939   -0.017759   -0.019554   -0.021320   -0.023053   -0.024748   -0.026401
    -0.028009   -0.029570   -0.031079   -0.032535   -0.033937   -0.035284   -0.036577   -0.037816
    -0.039005   -0.040146   -0.041245   -0.042309   -0.043344   -0.044362   -0.045372   -0.046390
    -0.047431   -0.047965   -0.048809   -0.050401   -0.054144   -0.061183   -0.072265   -0.087650
    -0.107078   -0.129802   -0.154678
  1.000000  0.000000
     0.401464    0.404304    0.407021    0.409542    0.411804    0.413759    0.415150    0.415150
     0.415150    0.415150    0.415150    0.415150    0.415150    0.415150    0.415150    0.415150
     0.415150    0.415150    0.415150    0.415150    0.415150    0.415150    0.415150    0.415150
     0.415150    0.415150    0.415150    0.415150    0.415150    0.415150    0.415150    0.415150
     0.415150    0.415150    0.415150    0.415150    0.415150    0.415150    0.415150    0.415150
     0.415150    0.415150    0.415150    0.415150    0.415150    0.415150    0.415150    0.415150
     0.415150    0.415150    0.415150    0.415150    0.415150    0.415150    0.415150    0.415150
     0.415150    0.415150    0.415150    0.415150    0.415150    0.415150    0.415150    0.415150
     0.415150    0.415150    0.415150    0.415150    0.415150    0.415150    0.415150    0.415150
     0.415150    0.415150    0.415150    0.415150    0.415150    0.415150    0.415150    0.415150
     0.415150    0.415150    0.415150    0.415150    0.415150    0.415150    0.415150    0.415150
     0.415150    0.415150    0.415150
 ***************************************************************
 ************STARTING THE INPUT FOR EACH BLADE ROW**************
  BLADE ROW NUMBER =        2                                           
    NUMBER OF BLADES IN ROW 
        52
        JM        JLE       JTE 
        91        14        82
      KTIPSTART  KTIPEND 
         0         0
       BOUNDARY LAYER TRANSITION POINTS 
         0         0         0         0
  SET NEWGRID= 1 TO GENERATE A NEW GRID WITH DIFFERENT "J" POINTS AND SPACINGS.
         0
   RPMROW,    RPMHUB 
    0.0    0.0
       JROTHS    JROTHE    JROTTS    JROTTE 
         1         1         1         1
   PUPROW    PLEROW   PTEROW    PDROW 
   119359.7   119359.7   123679.4  123679.4
      NSECS_ROW   INSURF  
         11         0
  IF_CUSP   IFANGLES 
         0         0
 ***************************************************************
  ROW NUMBER           2  SECTION NUMBER            1
           0           0           0  IF_DESIGN etc 
   1.00000   0.00000    0
     0.149500    0.157519    0.165202    0.172346    0.178781    0.184377    0.189053    0.192781
     0.195589    0.197558    0.198818    0.199539    0.199924    0.200195    0.200466    0.200752
     0.201050    0.201359    0.201677    0.202006    0.202345    0.202696    0.203060    0.203439
     0.203835    0.204251    0.204691    0.205155    0.205649    0.206173    0.206732    0.207328
     0.207964    0.208641    0.209362    0.210130    0.210945    0.211809    0.212724    0.213688
     0.214704    0.215770    0.216886    0.218052    0.219265    0.220524    0.221828    0.223172
     0.224555    0.225973    0.227423    0.228900    0.230401    0.231921    0.233455    0.234999
     0.236548    0.238096    0.239638    0.241171    0.242687    0.244184    0.245655    0.247097
     0.248506    0.249877    0.251209    0.252498    0.253742    0.254941    0.256093    0.257201
     0.258265    0.259288    0.260275    0.261231    0.262163    0.263080    0.263992    0.264911
     0.265851    0.266610    0.267369    0.268117    0.268834    0.269503    0.270113    0.270661
     0.271150    0.271590    0.272000
  1.000000  0.000000
    -0.019333   -0.021109   -0.024915   -0.028736   -0.031208   -0.031774   -0.030598   -0.028301
    -0.025640   -0.023247   -0.021472   -0.020366   -0.019748   -0.019301   -0.018191   -0.017498
    -0.016889   -0.016331   -0.015810   -0.015298   -0.014785   -0.014262   -0.013741   -0.013208
    -0.012663   -0.012111   -0.011543   -0.010959   -0.010357   -0.009738   -0.009101   -0.008445
    -0.007770   -0.007080   -0.006373   -0.005652   -0.004917   -0.004175   -0.003427   -0.002674
    -0.001923   -0.001176   -0.000435    0.000293    0.001007    0.001703    0.002379    0.003031
     0.003657    0.004255    0.004824    0.005361    0.005865    0.006336    0.006774    0.007179
     0.007550    0.007890    0.008199    0.008478    0.008728    0.008952    0.009151    0.009326
     0.009479    0.009612    0.009727    0.009826    0.009910    0.009981    0.010040    0.010089
     0.010129    0.010161    0.010186    0.010205    0.010220    0.010228    0.010233    0.010233
     0.010224    0.009940    0.009940    0.009940    0.009940    0.009940    0.009940    0.009940
     0.009940    0.009940    0.009940
  1.000000
    -0.019333   -0.021109   -0.024915   -0.028736   -0.031208   -0.031774   -0.030598   -0.028301
    -0.025640   -0.023247   -0.021472   -0.020366   -0.019748   -0.019301   -0.019498   -0.019320
    -0.019065   -0.018763   -0.018424   -0.018055   -0.017654   -0.017218   -0.016751   -0.016260
    -0.015764   -0.015255   -0.014736   -0.014187   -0.013625   -0.013045   -0.012446   -0.011827
    -0.011191   -0.010534   -0.009851   -0.009156   -0.008445   -0.007727   -0.006986   -0.006245
    -0.005496   -0.004750   -0.003995   -0.003249   -0.002511   -0.001778   -0.001059   -0.000358
     0.000331    0.000998    0.001643    0.002266    0.002864    0.003436    0.003981    0.004499
     0.004987    0.005448    0.005880    0.006282    0.006657    0.007004    0.007322    0.007614
     0.007881    0.008122    0.008340    0.008534    0.008708    0.008862    0.008998    0.009117
     0.009220    0.009310    0.009387    0.009452    0.009509    0.009555    0.009593    0.009623
     0.009651    0.009940    0.009940    0.009940    0.009940    0.009940    0.009940    0.009940
     0.009940    0.009940    0.009940
  1.000000  0.000000
     0.095000    0.095000    0.095000    0.095000    0.095000    0.095000    0.095000    0.095000
     0.095000    0.095000    0.095000    0.095000    0.095000    0.095000    0.095000    0.095000
     0.095000    0.095000    0.095000    0.095000    0.095000    0.095000    0.095000    0.095000
     0.095000    0.095000    0.095000    0.095000    0.095000    0.095000    0.095000    0.095000
     0.095000    0.095000    0.095000    0.095000    0.095000    0.095000    0.095000    0.095000
     0.095000    0.095000    0.095000    0.095000    0.095000    0.095000    0.095000    0.095000
     0.095000    0.095000    0.095000    0.095000    0.095000    0.095000    0.095000    0.095000
     0.095000    0.095000    0.095000    0.095000    0.095000    0.095000    0.095000    0.095000
     0.095000    0.095000    0.095000    0.095000    0.095000    0.095000    0.095000    0.095000
     0.095000    0.095000    0.095000    0.095000    0.095000    0.095000    0.095000    0.095000
     0.095000    0.095000    0.095000    0.095000    0.095000    0.095000    0.095000    0.095000
     0.095000    0.095000    0.095000
 ***************************************************************
  ROW NUMBER           2  SECTION NUMBER            2
           0           0           0  IF_DESIGN etc 
   1.00000   0.00000    0
     0.149500    0.157531    0.165226    0.172382    0.178826    0.184430    0.189112    0.192845
     0.195656    0.197626    0.198886    0.199606    0.199989    0.200258    0.200527    0.200811
     0.201106    0.201413    0.201729    0.202055    0.202392    0.202740    0.203101    0.203477
     0.203871    0.204284    0.204720    0.205182    0.205671    0.206192    0.206747    0.207339
     0.207969    0.208642    0.209358    0.210120    0.210929    0.211787    0.212694    0.213652
     0.214660    0.215719    0.216827    0.217984    0.219188    0.220438    0.221732    0.223066
     0.224439    0.225847    0.227286    0.228752    0.230242    0.231751    0.233274    0.234807
     0.236344    0.237881    0.239412    0.240933    0.242438    0.243924    0.245384    0.246816
     0.248214    0.249576    0.250897    0.252177    0.253412    0.254602    0.255746    0.256846
     0.257902    0.258918    0.259898    0.260847    0.261772    0.262682    0.263587    0.264499
     0.265433    0.266186    0.266939    0.267686    0.268411    0.269104    0.269757    0.270369
     0.270941    0.271481    0.272000
  1.000000  0.000000
    -0.019333   -0.020959   -0.024428   -0.027879   -0.030059   -0.030463   -0.029255   -0.027022
    -0.024472   -0.022193   -0.020508   -0.019461   -0.018879   -0.018459   -0.017408   -0.016750
    -0.016172   -0.015642   -0.015148   -0.014663   -0.014177   -0.013681   -0.013186   -0.012680
    -0.012162   -0.011637   -0.011096   -0.010540   -0.009966   -0.009375   -0.008767   -0.008141
    -0.007496   -0.006835   -0.006159   -0.005469   -0.004765   -0.004053   -0.003335   -0.002612
    -0.001892   -0.001174   -0.000461    0.000239    0.000925    0.001595    0.002246    0.002873
     0.003476    0.004052    0.004599    0.005116    0.005601    0.006054    0.006476    0.006866
     0.007223    0.007550    0.007847    0.008115    0.008355    0.008570    0.008760    0.008928
     0.009075    0.009202    0.009312    0.009407    0.009487    0.009555    0.009611    0.009658
     0.009696    0.009726    0.009750    0.009768    0.009781    0.009789    0.009793    0.009793
     0.009783    0.009503    0.009503    0.009503    0.009503    0.009503    0.009503    0.009503
     0.009503    0.009503    0.009503
  1.000000
    -0.019333   -0.020959   -0.024428   -0.027879   -0.030059   -0.030463   -0.029255   -0.027022
    -0.024472   -0.022193   -0.020508   -0.019461   -0.018879   -0.018459   -0.018660   -0.018497
    -0.018260   -0.017978   -0.017662   -0.017316   -0.016939   -0.016527   -0.016086   -0.015624
    -0.015155   -0.014675   -0.014184   -0.013664   -0.013131   -0.012583   -0.012014   -0.011426
    -0.010822   -0.010197   -0.009548   -0.008885   -0.008208   -0.007522   -0.006815   -0.006106
    -0.005390   -0.004675   -0.003952   -0.003236   -0.002528   -0.001824   -0.001134   -0.000459
     0.000204    0.000847    0.001468    0.002068    0.002645    0.003197    0.003723    0.004224
     0.004696    0.005142    0.005559    0.005949    0.006312    0.006648    0.006957    0.007240
     0.007498    0.007732    0.007943    0.008132    0.008301    0.008451    0.008582    0.008698
     0.008798    0.008885    0.008960    0.009024    0.009079    0.009124    0.009162    0.009191
     0.009218    0.009503    0.009503    0.009503    0.009503    0.009503    0.009503    0.009503
     0.009503    0.009503    0.009503
  1.000000  0.000000
     0.111007    0.111007    0.111007    0.111007    0.111007    0.111007    0.111007    0.111007
     0.111007    0.111007    0.111007    0.111007    0.111007    0.111007    0.111007    0.111007
     0.111007    0.111007    0.111007    0.111007    0.111007    0.111007    0.111007    0.111007
     0.111007    0.111007    0.111007    0.111007    0.111007    0.111007    0.111007    0.111007
     0.111007    0.111007    0.111007    0.111007    0.111007    0.111007    0.111007    0.111007
     0.111007    0.111007    0.111007    0.111007    0.111007    0.111007    0.111007    0.111007
     0.111007    0.111007    0.111007    0.111007    0.111007    0.111007    0.111007    0.111007
     0.111007    0.111007    0.111007    0.111007    0.111007    0.111007    0.111007    0.111007
     0.111007    0.111007    0.111007    0.111007    0.111007    0.111007    0.111007    0.111007
     0.111007    0.111007    0.111007    0.111007    0.111007    0.111007    0.111007    0.111007
     0.111007    0.111007    0.111007    0.111007    0.111007    0.111007    0.111007    0.111007
     0.111007    0.111007    0.111007
 ***************************************************************
  ROW NUMBER           2  SECTION NUMBER            3
           0           0           0  IF_DESIGN etc 
   1.00000   0.00000    0
     0.149500    0.157544    0.165251    0.172417    0.178872    0.184484    0.189172    0.192909
     0.195723    0.197694    0.198953    0.199672    0.200054    0.200321    0.200588    0.200869
     0.201163    0.201467    0.201781    0.202104    0.202438    0.202784    0.203142    0.203515
     0.203906    0.204316    0.204749    0.205207    0.205693    0.206210    0.206760    0.207347
     0.207973    0.208640    0.209351    0.210107    0.210910    0.211761    0.212662    0.213612
     0.214613    0.215663    0.216763    0.217911    0.219106    0.220346    0.221630    0.222954
     0.224316    0.225713    0.227141    0.228597    0.230075    0.231572    0.233084    0.234604
     0.236130    0.237655    0.239175    0.240684    0.242178    0.243652    0.245101    0.246522
     0.247909    0.249260    0.250572    0.251842    0.253067    0.254248    0.255384    0.256475
     0.257523    0.258531    0.259503    0.260445    0.261363    0.262266    0.263164    0.264069
     0.264996    0.265743    0.266491    0.267235    0.267969    0.268687    0.269386    0.270064
     0.270724    0.271367    0.272000
  1.000000  0.000000
    -0.019333   -0.020800   -0.023915   -0.026978   -0.028850   -0.029085   -0.027846   -0.025681
    -0.023249   -0.021090   -0.019501   -0.018517   -0.017972   -0.017580   -0.016592   -0.015969
    -0.015425   -0.014925   -0.014459   -0.014003   -0.013545   -0.013078   -0.012610   -0.012132
    -0.011642   -0.011146   -0.010634   -0.010106   -0.009562   -0.009002   -0.008424   -0.007828
    -0.007215   -0.006585   -0.005941   -0.005282   -0.004611   -0.003930   -0.003244   -0.002553
    -0.001863   -0.001176   -0.000493    0.000178    0.000836    0.001479    0.002103    0.002705
     0.003284    0.003836    0.004361    0.004858    0.005324    0.005758    0.006163    0.006537
     0.006880    0.007193    0.007478    0.007734    0.007964    0.008170    0.008352    0.008512
     0.008652    0.008774    0.008879    0.008969    0.009045    0.009109    0.009163    0.009207
     0.009242    0.009271    0.009293    0.009310    0.009322    0.009330    0.009333    0.009333
     0.009323    0.009047    0.009047    0.009047    0.009047    0.009047    0.009047    0.009047
     0.009047    0.009047    0.009047
  1.000000
    -0.019333   -0.020800   -0.023915   -0.026978   -0.028850   -0.029085   -0.027846   -0.025681
    -0.023249   -0.021090   -0.019501   -0.018517   -0.017972   -0.017580   -0.017783   -0.017636
    -0.017420   -0.017160   -0.016867   -0.016544   -0.016193   -0.015808   -0.015394   -0.014961
    -0.014522   -0.014071   -0.013609   -0.013121   -0.012620   -0.012103   -0.011567   -0.011012
    -0.010441   -0.009850   -0.009235   -0.008606   -0.007964   -0.007313   -0.006641   -0.005966
    -0.005283   -0.004602   -0.003911   -0.003227   -0.002550   -0.001876   -0.001215   -0.000568
     0.000068    0.000685    0.001282    0.001859    0.002415    0.002946    0.003453    0.003935
     0.004390    0.004820    0.005224    0.005600    0.005951    0.006275    0.006574    0.006848
     0.007098    0.007324    0.007528    0.007712    0.007875    0.008020    0.008148    0.008260
     0.008357    0.008442    0.008515    0.008577    0.008630    0.008674    0.008710    0.008739
     0.008765    0.009047    0.009047    0.009047    0.009047    0.009047    0.009047    0.009047
     0.009047    0.009047    0.009047
  1.000000  0.000000
     0.127015    0.127015    0.127015    0.127015    0.127015    0.127015    0.127015    0.127015
     0.127015    0.127015    0.127015    0.127015    0.127015    0.127015    0.127015    0.127015
     0.127015    0.127015    0.127015    0.127015    0.127015    0.127015    0.127015    0.127015
     0.127015    0.127015    0.127015    0.127015    0.127015    0.127015    0.127015    0.127015
     0.127015    0.127015    0.127015    0.127015    0.127015    0.127015    0.127015    0.127015
     0.127015    0.127015    0.127015    0.127015    0.127015    0.127015    0.127015    0.127015
     0.127015    0.127015    0.127015    0.127015    0.127015    0.127015    0.127015    0.127015
     0.127015    0.127015    0.127015    0.127015    0.127015    0.127015    0.127015    0.127015
     0.127015    0.127015    0.127015    0.127015    0.127015    0.127015    0.127015    0.127015
     0.127015    0.127015    0.127015    0.127015    0.127015    0.127015    0.127015    0.127015
     0.127015    0.127015    0.127015    0.127015    0.127015    0.127015    0.127015    0.127015
     0.127015    0.127015    0.127015
 ***************************************************************
  ROW NUMBER           2  SECTION NUMBER            4
           0           0           0  IF_DESIGN etc 
   1.00000   0.00000    0
     0.149500    0.157569    0.165300    0.172488    0.178961    0.184589    0.189290    0.193037
     0.195856    0.197829    0.199088    0.199805    0.200183    0.200446    0.200709    0.200986
     0.201276    0.201575    0.201885    0.202203    0.202532    0.202873    0.203226    0.203594
     0.203978    0.204383    0.204809    0.205260    0.205739    0.206248    0.206790    0.207369
     0.207985    0.208643    0.209343    0.210088    0.210879    0.211718    0.212605    0.213541
     0.214527    0.215562    0.216645    0.217776    0.218954    0.220176    0.221440    0.222745
     0.224087    0.225464    0.226870    0.228304    0.229761    0.231236    0.232725    0.234223
     0.235726    0.237229    0.238726    0.240213    0.241685    0.243137    0.244565    0.245965
     0.247332    0.248663    0.249955    0.251206    0.252414    0.253577    0.254696    0.255771
     0.256803    0.257796    0.258754    0.259682    0.260587    0.261476    0.262361    0.263253
     0.264166    0.264902    0.265639    0.266379    0.267129    0.267895    0.268680    0.269486
     0.270310    0.271150    0.272000
  1.000000  0.000000
    -0.019333   -0.020503   -0.022950   -0.025281   -0.026575   -0.026490   -0.025188   -0.023149
    -0.020935   -0.019001   -0.017591   -0.016724   -0.016248   -0.015909   -0.015041   -0.014485
    -0.014002   -0.013558   -0.013146   -0.012744   -0.012338   -0.011925   -0.011509   -0.011083
    -0.010648   -0.010204   -0.009746   -0.009273   -0.008785   -0.008281   -0.007761   -0.007224
    -0.006670   -0.006099   -0.005515   -0.004917   -0.004306   -0.003686   -0.003061   -0.002429
    -0.001799   -0.001169   -0.000544    0.000071    0.000676    0.001266    0.001840    0.002394
     0.002926    0.003434    0.003917    0.004374    0.004802    0.005202    0.005574    0.005917
     0.006232    0.006519    0.006780    0.007015    0.007225    0.007413    0.007579    0.007725
     0.007852    0.007962    0.008057    0.008138    0.008207    0.008265    0.008313    0.008352
     0.008383    0.008409    0.008428    0.008443    0.008453    0.008459    0.008462    0.008461
     0.008451    0.008181    0.008181    0.008181    0.008181    0.008181    0.008181    0.008181
     0.008181    0.008181    0.008181
  1.000000
    -0.019333   -0.020503   -0.022950   -0.025281   -0.026575   -0.026490   -0.025188   -0.023149
    -0.020935   -0.019001   -0.017591   -0.016724   -0.016248   -0.015909   -0.016122   -0.016005
    -0.015825   -0.015606   -0.015356   -0.015079   -0.014774   -0.014438   -0.014077   -0.013698
    -0.013314   -0.012920   -0.012513   -0.012082   -0.011641   -0.011184   -0.010709   -0.010217
    -0.009709   -0.009180   -0.008631   -0.008068   -0.007492   -0.006905   -0.006299   -0.005689
    -0.005071   -0.004452   -0.003824   -0.003201   -0.002583   -0.001967   -0.001361   -0.000767
    -0.000182    0.000385    0.000936    0.001469    0.001982    0.002474    0.002944    0.003391
     0.003814    0.004214    0.004589    0.004940    0.005267    0.005570    0.005849    0.006105
     0.006339    0.006551    0.006743    0.006915    0.007068    0.007204    0.007325    0.007430
     0.007522    0.007601    0.007670    0.007729    0.007779    0.007820    0.007855    0.007882
     0.007907    0.008181    0.008181    0.008181    0.008181    0.008181    0.008181    0.008181
     0.008181    0.008181    0.008181
  1.000000  0.000000
     0.159030    0.159030    0.159030    0.159030    0.159030    0.159030    0.159030    0.159030
     0.159030    0.159030    0.159030    0.159030    0.159030    0.159030    0.159030    0.159030
     0.159030    0.159030    0.159030    0.159030    0.159030    0.159030    0.159030    0.159030
     0.159030    0.159030    0.159030    0.159030    0.159030    0.159030    0.159030    0.159030
     0.159030    0.159030    0.159030    0.159030    0.159030    0.159030    0.159030    0.159030
     0.159030    0.159030    0.159030    0.159030    0.159030    0.159030    0.159030    0.159030
     0.159030    0.159030    0.159030    0.159030    0.159030    0.159030    0.159030    0.159030
     0.159030    0.159030    0.159030    0.159030    0.159030    0.159030    0.159030    0.159030
     0.159030    0.159030    0.159030    0.159030    0.159030    0.159030    0.159030    0.159030
     0.159030    0.159030    0.159030    0.159030    0.159030    0.159030    0.159030    0.159030
     0.159030    0.159030    0.159030    0.159030    0.159030    0.159030    0.159030    0.159030
     0.159030    0.159030    0.159030
 ***************************************************************
  ROW NUMBER           2  SECTION NUMBER            5
           0           0           0  IF_DESIGN etc 
   1.00000   0.00000    0
     0.149500    0.157617    0.165394    0.172624    0.179134    0.184793    0.189519    0.193283
     0.196114    0.198093    0.199353    0.200066    0.200439    0.200695    0.200952    0.201223
     0.201505    0.201798    0.202100    0.202411    0.202732    0.203064    0.203409    0.203768
     0.204143    0.204538    0.204954    0.205394    0.205862    0.206359    0.206888    0.207453
     0.208055    0.208696    0.209380    0.210107    0.210879    0.211698    0.212564    0.213478
     0.214440    0.215450    0.216508    0.217612    0.218761    0.219954    0.221189    0.222462
     0.223772    0.225116    0.226489    0.227889    0.229311    0.230751    0.232204    0.233667
     0.235134    0.236600    0.238062    0.239513    0.240950    0.242368    0.243762    0.245128
     0.246462    0.247762    0.249023    0.250244    0.251423    0.252558    0.253650    0.254700
     0.255708    0.256677    0.257612    0.258518    0.259401    0.260269    0.261133    0.262004
     0.262894    0.263614    0.264333    0.265066    0.265841    0.266680    0.267597    0.268597
     0.269675    0.270817    0.272000
  1.000000  0.000000
    -0.019333   -0.020075   -0.021560   -0.022831   -0.023282   -0.022719   -0.021308   -0.019430
    -0.017511   -0.015884   -0.014720   -0.014015   -0.013633   -0.013364   -0.012667   -0.012207
    -0.011804   -0.011438   -0.011100   -0.010774   -0.010442   -0.010104   -0.009763   -0.009413
    -0.009054   -0.008687   -0.008308   -0.007915   -0.007509   -0.007089   -0.006654   -0.006204
    -0.005738   -0.005257   -0.004763   -0.004258   -0.003741   -0.003213   -0.002681   -0.002143
    -0.001605   -0.001066   -0.000531   -0.000004    0.000515    0.001022    0.001515    0.001991
     0.002448    0.002885    0.003301    0.003693    0.004061    0.004403    0.004722    0.005015
     0.005284    0.005529    0.005750    0.005950    0.006127    0.006285    0.006425    0.006547
     0.006653    0.006744    0.006822    0.006889    0.006945    0.006992    0.007030    0.007061
     0.007086    0.007106    0.007121    0.007131    0.007138    0.007142    0.007143    0.007141
     0.007130    0.006871    0.006871    0.006871    0.006871    0.006871    0.006871    0.006871
     0.006871    0.006871    0.006871
  1.000000
    -0.019333   -0.020075   -0.021560   -0.022831   -0.023282   -0.022719   -0.021308   -0.019430
    -0.017511   -0.015884   -0.014720   -0.014015   -0.013633   -0.013364   -0.013603   -0.013529
    -0.013399   -0.013236   -0.013046   -0.012832   -0.012593   -0.012325   -0.012036   -0.011735
    -0.011427   -0.011113   -0.010784   -0.010437   -0.010082   -0.009712   -0.009326   -0.008924
    -0.008510   -0.008074   -0.007623   -0.007158   -0.006681   -0.006193   -0.005688   -0.005177
    -0.004658   -0.004137   -0.003606   -0.003079   -0.002554   -0.002028   -0.001510   -0.001002
    -0.000499   -0.000010    0.000466    0.000928    0.001373    0.001801    0.002211    0.002602
     0.002973    0.003324    0.003654    0.003963    0.004252    0.004519    0.004767    0.004994
     0.005202    0.005391    0.005562    0.005715    0.005852    0.005974    0.006082    0.006176
     0.006259    0.006331    0.006393    0.006446    0.006491    0.006529    0.006560    0.006585
     0.006609    0.006871    0.006871    0.006871    0.006871    0.006871    0.006871    0.006871
     0.006871    0.006871    0.006871
  1.000000  0.000000
     0.223060    0.223060    0.223060    0.223060    0.223060    0.223060    0.223060    0.223060
     0.223060    0.223060    0.223060    0.223060    0.223060    0.223060    0.223060    0.223060
     0.223060    0.223060    0.223060    0.223060    0.223060    0.223060    0.223060    0.223060
     0.223060    0.223060    0.223060    0.223060    0.223060    0.223060    0.223060    0.223060
     0.223060    0.223060    0.223060    0.223060    0.223060    0.223060    0.223060    0.223060
     0.223060    0.223060    0.223060    0.223060    0.223060    0.223060    0.223060    0.223060
     0.223060    0.223060    0.223060    0.223060    0.223060    0.223060    0.223060    0.223060
     0.223060    0.223060    0.223060    0.223060    0.223060    0.223060    0.223060    0.223060
     0.223060    0.223060    0.223060    0.223060    0.223060    0.223060    0.223060    0.223060
     0.223060    0.223060    0.223060    0.223060    0.223060    0.223060    0.223060    0.223060
     0.223060    0.223060    0.223060    0.223060    0.223060    0.223060    0.223060    0.223060
     0.223060    0.223060    0.223060
 ***************************************************************
  ROW NUMBER           2  SECTION NUMBER            6
           0           0           0  IF_DESIGN etc 
   1.00000   0.00000    0
     0.149500    0.157640    0.165439    0.172689    0.179218    0.184892    0.189630    0.193403
     0.196240    0.198222    0.199482    0.200195    0.200565    0.200820    0.201074    0.201342
     0.201622    0.201911    0.202210    0.202518    0.202837    0.203166    0.203507    0.203862
     0.204234    0.204625    0.205037    0.205473    0.205936    0.206428    0.206952    0.207511
     0.208108    0.208743    0.209420    0.210140    0.210905    0.211716    0.212573    0.213478
     0.214431    0.215432    0.216479    0.217572    0.218710    0.219892    0.221114    0.222376
     0.223673    0.225004    0.226364    0.227750    0.229158    0.230584    0.232023    0.233472
     0.234924    0.236377    0.237824    0.239262    0.240685    0.242088    0.243469    0.244822
     0.246143    0.247430    0.248679    0.249888    0.251056    0.252180    0.253262    0.254301
     0.255299    0.256259    0.257185    0.258082    0.258956    0.259816    0.260672    0.261534
     0.262416    0.263128    0.263840    0.264571    0.265355    0.266221    0.267188    0.268261
     0.269435    0.270691    0.272000
  1.000000  0.000000
    -0.019333   -0.019928   -0.021083   -0.021989   -0.022145   -0.021412   -0.019956   -0.018125
    -0.016299   -0.014772   -0.013687   -0.013033   -0.012681   -0.012435   -0.011780   -0.011351
    -0.010973   -0.010633   -0.010319   -0.010018   -0.009710   -0.009398   -0.009082   -0.008757
    -0.008426   -0.008085   -0.007733   -0.007368   -0.006991   -0.006602   -0.006197   -0.005778
    -0.005344   -0.004897   -0.004436   -0.003965   -0.003482   -0.002990   -0.002493   -0.001991
    -0.001488   -0.000984   -0.000484    0.000009    0.000495    0.000969    0.001430    0.001876
     0.002304    0.002712    0.003100    0.003467    0.003810    0.004130    0.004427    0.004700
     0.004950    0.005177    0.005383    0.005568    0.005732    0.005878    0.006007    0.006119
     0.006216    0.006300    0.006371    0.006432    0.006483    0.006525    0.006560    0.006587
     0.006609    0.006627    0.006640    0.006649    0.006654    0.006657    0.006657    0.006655
     0.006644    0.006389    0.006389    0.006389    0.006389    0.006389    0.006389    0.006389
     0.006389    0.006389    0.006389
  1.000000
    -0.019333   -0.019928   -0.021083   -0.021989   -0.022145   -0.021412   -0.019956   -0.018125
    -0.016299   -0.014772   -0.013687   -0.013033   -0.012681   -0.012435   -0.012673   -0.012614
    -0.012500   -0.012354   -0.012184   -0.011991   -0.011773   -0.011527   -0.011262   -0.010987
    -0.010705   -0.010417   -0.010115   -0.009797   -0.009471   -0.009131   -0.008776   -0.008407
    -0.008025   -0.007623   -0.007207   -0.006779   -0.006337   -0.005886   -0.005418   -0.004944
    -0.004463   -0.003979   -0.003486   -0.002994   -0.002506   -0.002015   -0.001531   -0.001056
    -0.000585   -0.000127    0.000319    0.000752    0.001171    0.001573    0.001959    0.002328
     0.002678    0.003009    0.003321    0.003613    0.003887    0.004140    0.004375    0.004591
     0.004788    0.004968    0.005130    0.005276    0.005407    0.005523    0.005626    0.005716
     0.005795    0.005863    0.005923    0.005973    0.006017    0.006053    0.006083    0.006107
     0.006130    0.006389    0.006389    0.006389    0.006389    0.006389    0.006389    0.006389
     0.006389    0.006389    0.006389
  1.000000  0.000000
     0.255075    0.255075    0.255075    0.255075    0.255075    0.255075    0.255075    0.255075
     0.255075    0.255075    0.255075    0.255075    0.255075    0.255075    0.255075    0.255075
     0.255075    0.255075    0.255075    0.255075    0.255075    0.255075    0.255075    0.255075
     0.255075    0.255075    0.255075    0.255075    0.255075    0.255075    0.255075    0.255075
     0.255075    0.255075    0.255075    0.255075    0.255075    0.255075    0.255075    0.255075
     0.255075    0.255075    0.255075    0.255075    0.255075    0.255075    0.255075    0.255075
     0.255075    0.255075    0.255075    0.255075    0.255075    0.255075    0.255075    0.255075
     0.255075    0.255075    0.255075    0.255075    0.255075    0.255075    0.255075    0.255075
     0.255075    0.255075    0.255075    0.255075    0.255075    0.255075    0.255075    0.255075
     0.255075    0.255075    0.255075    0.255075    0.255075    0.255075    0.255075    0.255075
     0.255075    0.255075    0.255075    0.255075    0.255075    0.255075    0.255075    0.255075
     0.255075    0.255075    0.255075
 ***************************************************************
  ROW NUMBER           2  SECTION NUMBER            7
           0           0           0  IF_DESIGN etc 
   1.00000   0.00000    0
     0.149500    0.157663    0.165484    0.172754    0.179300    0.184990    0.189740    0.193522
     0.196364    0.198350    0.199611    0.200323    0.200692    0.200944    0.201195    0.201461
     0.201738    0.202025    0.202322    0.202627    0.202942    0.203268    0.203607    0.203959
     0.204328    0.204715    0.205123    0.205555    0.206014    0.206502    0.207021    0.207575
     0.208166    0.208796    0.209467    0.210180    0.210938    0.211742    0.212592    0.213489
     0.214433    0.215424    0.216462    0.217546    0.218674    0.219844    0.221056    0.222306
     0.223592    0.224910    0.226258    0.227632    0.229027    0.230440    0.231867    0.233302
     0.234742    0.236181    0.237616    0.239040    0.240450    0.241842    0.243210    0.244550
     0.245860    0.247135    0.248373    0.249571    0.250728    0.251843    0.252915    0.253944
     0.254934    0.255885    0.256803    0.257691    0.258558    0.259410    0.260258    0.261112
     0.261987    0.262693    0.263398    0.264126    0.264918    0.265809    0.266820    0.267959
     0.269219    0.270578    0.272000
  1.000000  0.000000
    -0.019333   -0.019802   -0.020671   -0.021262   -0.021164   -0.020284   -0.018788   -0.016996
    -0.015250   -0.013808   -0.012790   -0.012180   -0.011854   -0.011627   -0.010992   -0.010590
    -0.010234   -0.009914   -0.009621   -0.009341   -0.009055   -0.008765   -0.008470   -0.008168
    -0.007859   -0.007542   -0.007213   -0.006873   -0.006522   -0.006158   -0.005780   -0.005388
    -0.004983   -0.004565   -0.004133   -0.003692   -0.003241   -0.002780   -0.002314   -0.001843
    -0.001371   -0.000899   -0.000431    0.000032    0.000488    0.000933    0.001365    0.001783
     0.002184    0.002567    0.002930    0.003273    0.003595    0.003894    0.004171    0.004426
     0.004659    0.004871    0.005062    0.005234    0.005386    0.005521    0.005639    0.005743
     0.005832    0.005909    0.005974    0.006029    0.006075    0.006113    0.006144    0.006169
     0.006188    0.006203    0.006215    0.006222    0.006227    0.006229    0.006228    0.006225
     0.006214    0.005962    0.005962    0.005962    0.005962    0.005962    0.005962    0.005962
     0.005962    0.005962    0.005962
  1.000000
    -0.019333   -0.019802   -0.020671   -0.021262   -0.021164   -0.020284   -0.018788   -0.016996
    -0.015250   -0.013808   -0.012790   -0.012180   -0.011854   -0.011627   -0.011850   -0.011803
    -0.011702   -0.011573   -0.011419   -0.011243   -0.011043   -0.010817   -0.010572   -0.010319
    -0.010059   -0.009793   -0.009516   -0.009223   -0.008921   -0.008608   -0.008280   -0.007939
    -0.007585   -0.007214   -0.006828   -0.006431   -0.006021   -0.005602   -0.005168   -0.004727
    -0.004279   -0.003828   -0.003368   -0.002909   -0.002452   -0.001994   -0.001540   -0.001095
    -0.000653   -0.000223    0.000196    0.000604    0.000998    0.001378    0.001742    0.002090
     0.002421    0.002735    0.003030    0.003307    0.003567    0.003808    0.004031    0.004236
     0.004424    0.004595    0.004750    0.004889    0.005014    0.005125    0.005223    0.005309
     0.005385    0.005451    0.005507    0.005556    0.005598    0.005633    0.005662    0.005685
     0.005708    0.005962    0.005962    0.005962    0.005962    0.005962    0.005962    0.005962
     0.005962    0.005962    0.005962
  1.000000  0.000000
     0.287090    0.287090    0.287090    0.287090    0.287090    0.287090    0.287090    0.287090
     0.287090    0.287090    0.287090    0.287090    0.287090    0.287090    0.287090    0.287090
     0.287090    0.287090    0.287090    0.287090    0.287090    0.287090    0.287090    0.287090
     0.287090    0.287090    0.287090    0.287090    0.287090    0.287090    0.287090    0.287090
     0.287090    0.287090    0.287090    0.287090    0.287090    0.287090    0.287090    0.287090
     0.287090    0.287090    0.287090    0.287090    0.287090    0.287090    0.287090    0.287090
     0.287090    0.287090    0.287090    0.287090    0.287090    0.287090    0.287090    0.287090
     0.287090    0.287090    0.287090    0.287090    0.287090    0.287090    0.287090    0.287090
     0.287090    0.287090    0.287090    0.287090    0.287090    0.287090    0.287090    0.287090
     0.287090    0.287090    0.287090    0.287090    0.287090    0.287090    0.287090    0.287090
     0.287090    0.287090    0.287090    0.287090    0.287090    0.287090    0.287090    0.287090
     0.287090    0.287090    0.287090
 ***************************************************************
  ROW NUMBER           2  SECTION NUMBER            8
           0           0           0  IF_DESIGN etc 
   1.00000   0.00000    0
     0.149500    0.157709    0.165572    0.172882    0.179464    0.185183    0.189956    0.193756
     0.196611    0.198603    0.199867    0.200577    0.200942    0.201190    0.201437    0.201698
     0.201971    0.202253    0.202544    0.202845    0.203155    0.203475    0.203808    0.204154
     0.204517    0.204897    0.205299    0.205724    0.206174    0.206654    0.207165    0.207710
     0.208290    0.208909    0.209569    0.210271    0.211016    0.211806    0.212641    0.213523
     0.214451    0.215426    0.216446    0.217512    0.218621    0.219772    0.220963    0.222192
     0.223456    0.224752    0.226077    0.227428    0.228799    0.230189    0.231591    0.233002
     0.234418    0.235833    0.237243    0.238644    0.240030    0.241398    0.242743    0.244061
     0.245348    0.246602    0.247819    0.248997    0.250135    0.251230    0.252284    0.253296
     0.254269    0.255204    0.256107    0.256980    0.257832    0.258670    0.259504    0.260344
     0.261203    0.261897    0.262591    0.263314    0.264120    0.265055    0.266148    0.267408
     0.268825    0.270371    0.272000
  1.000000  0.000000
    -0.019333   -0.019577   -0.019940   -0.019971   -0.019424   -0.018284   -0.016720   -0.015003
    -0.013401   -0.012111   -0.011216   -0.010686   -0.010406   -0.010212   -0.009596   -0.009241
    -0.008928   -0.008645   -0.008389   -0.008145   -0.007897   -0.007646   -0.007390   -0.007127
    -0.006859   -0.006582   -0.006295   -0.005999   -0.005692   -0.005374   -0.005043   -0.004700
    -0.004345   -0.003978   -0.003599   -0.003211   -0.002814   -0.002408   -0.001997   -0.001582
    -0.001166   -0.000748   -0.000335    0.000074    0.000476    0.000869    0.001251    0.001620
     0.001973    0.002311    0.002631    0.002932    0.003215    0.003477    0.003719    0.003942
     0.004145    0.004329    0.004494    0.004642    0.004773    0.004889    0.004990    0.005077
     0.005152    0.005216    0.005271    0.005316    0.005354    0.005384    0.005409    0.005428
     0.005443    0.005455    0.005462    0.005467    0.005470    0.005470    0.005468    0.005464
     0.005454    0.005208    0.005208    0.005208    0.005208    0.005208    0.005208    0.005208
     0.005208    0.005208    0.005208
  1.000000
    -0.019333   -0.019577   -0.019940   -0.019971   -0.019424   -0.018284   -0.016720   -0.015003
    -0.013401   -0.012111   -0.011216   -0.010686   -0.010406   -0.010212   -0.010393   -0.010365
    -0.010291   -0.010189   -0.010065   -0.009919   -0.009752   -0.009560   -0.009353   -0.009139
    -0.008918   -0.008692   -0.008457   -0.008211   -0.007952   -0.007684   -0.007405   -0.007113
    -0.006808   -0.006492   -0.006160   -0.005818   -0.005464   -0.005100   -0.004727   -0.004343
    -0.003954   -0.003560   -0.003159   -0.002758   -0.002356   -0.001955   -0.001556   -0.001161
    -0.000773   -0.000392   -0.000019    0.000343    0.000695    0.001034    0.001360    0.001671
     0.001968    0.002251    0.002517    0.002767    0.003002    0.003220    0.003422    0.003609
     0.003780    0.003936    0.004077    0.004205    0.004319    0.004421    0.004511    0.004590
     0.004660    0.004720    0.004773    0.004818    0.004857    0.004889    0.004916    0.004938
     0.004959    0.005208    0.005208    0.005208    0.005208    0.005208    0.005208    0.005208
     0.005208    0.005208    0.005208
  1.000000  0.000000
     0.351120    0.351120    0.351120    0.351120    0.351120    0.351120    0.351120    0.351120
     0.351120    0.351120    0.351120    0.351120    0.351120    0.351120    0.351120    0.351120
     0.351120    0.351120    0.351120    0.351120    0.351120    0.351120    0.351120    0.351120
     0.351120    0.351120    0.351120    0.351120    0.351120    0.351120    0.351120    0.351120
     0.351120    0.351120    0.351120    0.351120    0.351120    0.351120    0.351120    0.351120
     0.351120    0.351120    0.351120    0.351120    0.351120    0.351120    0.351120    0.351120
     0.351120    0.351120    0.351120    0.351120    0.351120    0.351120    0.351120    0.351120
     0.351120    0.351120    0.351120    0.351120    0.351120    0.351120    0.351120    0.351120
     0.351120    0.351120    0.351120    0.351120    0.351120    0.351120    0.351120    0.351120
     0.351120    0.351120    0.351120    0.351120    0.351120    0.351120    0.351120    0.351120
     0.351120    0.351120    0.351120    0.351120    0.351120    0.351120    0.351120    0.351120
     0.351120    0.351120    0.351120
 ***************************************************************
  ROW NUMBER           2  SECTION NUMBER            9
           0           0           0  IF_DESIGN etc 
   1.00000   0.00000    0
     0.149500    0.157731    0.165615    0.172945    0.179543    0.185277    0.190063    0.193872
     0.196732    0.198728    0.199992    0.200702    0.201066    0.201311    0.201557    0.201816
     0.202087    0.202367    0.202656    0.202954    0.203261    0.203579    0.203909    0.204253
     0.204613    0.204990    0.205389    0.205810    0.206258    0.206734    0.207241    0.207781
     0.208357    0.208972    0.209626    0.210322    0.211062    0.211846    0.212675    0.213550
     0.214471    0.215438    0.216451    0.217508    0.218608    0.219750    0.220932    0.222152
     0.223406    0.224692    0.226007    0.227347    0.228709    0.230087    0.231479    0.232879
     0.234284    0.235688    0.237087    0.238477    0.239853    0.241210    0.242544    0.243852
     0.245130    0.246374    0.247582    0.248751    0.249879    0.250967    0.252012    0.253017
     0.253982    0.254910    0.255805    0.256673    0.257518    0.258349    0.259176    0.260010
     0.260863    0.261551    0.262240    0.262960    0.263773    0.264727    0.265855    0.267167
     0.268653    0.270280    0.272000
  1.000000  0.000000
    -0.019333   -0.019484   -0.019637   -0.019435   -0.018702   -0.017453   -0.015859   -0.014170
    -0.012626   -0.011399   -0.010553   -0.010055   -0.009793   -0.009613   -0.009018   -0.008682
    -0.008386   -0.008118   -0.007876   -0.007647   -0.007414   -0.007179   -0.006938   -0.006691
    -0.006440   -0.006180   -0.005910   -0.005632   -0.005343   -0.005044   -0.004732   -0.004409
    -0.004074   -0.003728   -0.003371   -0.003004   -0.002630   -0.002247   -0.001859   -0.001467
    -0.001074   -0.000679   -0.000289    0.000098    0.000478    0.000849    0.001210    0.001558
     0.001891    0.002210    0.002511    0.002795    0.003062    0.003308    0.003536    0.003745
     0.003935    0.004107    0.004262    0.004400    0.004521    0.004629    0.004722    0.004803
     0.004872    0.004931    0.004980    0.005022    0.005056    0.005083    0.005105    0.005123
     0.005136    0.005145    0.005152    0.005155    0.005157    0.005157    0.005154    0.005150
     0.005139    0.004896    0.004896    0.004896    0.004896    0.004896    0.004896    0.004896
     0.004896    0.004896    0.004896
  1.000000
    -0.019333   -0.019484   -0.019637   -0.019435   -0.018702   -0.017453   -0.015859   -0.014170
    -0.012626   -0.011399   -0.010553   -0.010055   -0.009793   -0.009613   -0.009790   -0.009770
    -0.009707   -0.009616   -0.009503   -0.009370   -0.009216   -0.009038   -0.008846   -0.008648
    -0.008444   -0.008233   -0.008016   -0.007788   -0.007547   -0.007298   -0.007038   -0.006766
    -0.006482   -0.006188   -0.005877   -0.005558   -0.005228   -0.004886   -0.004538   -0.004178
    -0.003813   -0.003443   -0.003067   -0.002689   -0.002310   -0.001932   -0.001556   -0.001183
    -0.000816   -0.000456   -0.000103    0.000240    0.000573    0.000895    0.001205    0.001502
     0.001784    0.002053    0.002307    0.002546    0.002771    0.002979    0.003173    0.003351
     0.003516    0.003665    0.003801    0.003923    0.004033    0.004130    0.004217    0.004294
     0.004360    0.004419    0.004470    0.004513    0.004551    0.004582    0.004608    0.004629
     0.004650    0.004896    0.004896    0.004896    0.004896    0.004896    0.004896    0.004896
     0.004896    0.004896    0.004896
  1.000000  0.000000
     0.383135    0.383135    0.383135    0.383135    0.383135    0.383135    0.383135    0.383135
     0.383135    0.383135    0.383135    0.383135    0.383135    0.383135    0.383135    0.383135
     0.383135    0.383135    0.383135    0.383135    0.383135    0.383135    0.383135    0.383135
     0.383135    0.383135    0.383135    0.383135    0.383135    0.383135    0.383135    0.383135
     0.383135    0.383135    0.383135    0.383135    0.383135    0.383135    0.383135    0.383135
     0.383135    0.383135    0.383135    0.383135    0.383135    0.383135    0.383135    0.383135
     0.383135    0.383135    0.383135    0.383135    0.383135    0.383135    0.383135    0.383135
     0.383135    0.383135    0.383135    0.383135    0.383135    0.383135    0.383135    0.383135
     0.383135    0.383135    0.383135    0.383135    0.383135    0.383135    0.383135    0.383135
     0.383135    0.383135    0.383135    0.383135    0.383135    0.383135    0.383135    0.383135
     0.383135    0.383135    0.383135    0.383135    0.383135    0.383135    0.383135    0.383135
     0.383135    0.383135    0.383135
 ***************************************************************
  ROW NUMBER           2  SECTION NUMBER            10
           0           0           0  IF_DESIGN etc 
   1.00000   0.00000    0
     0.149500    0.157742    0.165637    0.172976    0.179583    0.185324    0.190115    0.193929
     0.196792    0.198789    0.200055    0.200764    0.201127    0.201372    0.201617    0.201875
     0.202144    0.202423    0.202711    0.203008    0.203315    0.203632    0.203961    0.204303
     0.204661    0.205038    0.205435    0.205855    0.206300    0.206775    0.207280    0.207818
     0.208392    0.209005    0.209657    0.210350    0.211087    0.211868    0.212694    0.213566
     0.214484    0.215448    0.216456    0.217510    0.218606    0.219744    0.220922    0.222137
     0.223387    0.224668    0.225978    0.227314    0.228670    0.230043    0.231430    0.232825
     0.234225    0.235624    0.237018    0.238403    0.239774    0.241126    0.242456    0.243759
     0.245032    0.246271    0.247475    0.248640    0.249764    0.250847    0.251889    0.252890
     0.253852    0.254777    0.255669    0.256532    0.257375    0.258203    0.259027    0.259858
     0.260708    0.261394    0.262080    0.262799    0.263615    0.264578    0.265721    0.267058
     0.268575    0.270239    0.272000
  1.000000  0.000000
    -0.019333   -0.019444   -0.019505   -0.019201   -0.018385   -0.017087   -0.015479   -0.013801
    -0.012281   -0.011079   -0.010255   -0.009770   -0.009516   -0.009342   -0.008762   -0.008433
    -0.008144   -0.007883   -0.007646   -0.007423   -0.007197   -0.006969   -0.006735   -0.006495
    -0.006250   -0.005998   -0.005736   -0.005465   -0.005184   -0.004893   -0.004590   -0.004275
    -0.003949   -0.003612   -0.003265   -0.002908   -0.002543   -0.002171   -0.001793   -0.001411
    -0.001028   -0.000644   -0.000264    0.000112    0.000482    0.000844    0.001195    0.001534
     0.001858    0.002168    0.002461    0.002738    0.002996    0.003235    0.003456    0.003659
     0.003844    0.004010    0.004160    0.004293    0.004411    0.004514    0.004605    0.004682
     0.004749    0.004805    0.004853    0.004892    0.004924    0.004950    0.004971    0.004987
     0.005000    0.005008    0.005014    0.005018    0.005019    0.005018    0.005016    0.005011
     0.005000    0.004758    0.004758    0.004758    0.004758    0.004758    0.004758    0.004758
     0.004758    0.004758    0.004758
  1.000000
    -0.019333   -0.019444   -0.019505   -0.019201   -0.018385   -0.017087   -0.015479   -0.013801
    -0.012281   -0.011079   -0.010255   -0.009770   -0.009516   -0.009342   -0.009523   -0.009507
    -0.009448   -0.009362   -0.009254   -0.009126   -0.008977   -0.008805   -0.008620   -0.008429
    -0.008231   -0.008028   -0.007817   -0.007597   -0.007364   -0.007123   -0.006872   -0.006608
    -0.006333   -0.006049   -0.005748   -0.005439   -0.005118   -0.004787   -0.004449   -0.004100
    -0.003746   -0.003386   -0.003021   -0.002654   -0.002286   -0.001918   -0.001552   -0.001190
    -0.000833   -0.000481   -0.000138    0.000197    0.000522    0.000836    0.001139    0.001428
     0.001705    0.001968    0.002216    0.002450    0.002669    0.002874    0.003063    0.003238
     0.003399    0.003546    0.003679    0.003799    0.003906    0.004002    0.004088    0.004163
     0.004228    0.004286    0.004336    0.004378    0.004415    0.004446    0.004472    0.004493
     0.004514    0.004758    0.004758    0.004758    0.004758    0.004758    0.004758    0.004758
     0.004758    0.004758    0.004758
  1.000000  0.000000
     0.399142    0.399142    0.399142    0.399142    0.399142    0.399142    0.399142    0.399142
     0.399142    0.399142    0.399142    0.399142    0.399142    0.399142    0.399142    0.399142
     0.399142    0.399142    0.399142    0.399142    0.399142    0.399142    0.399142    0.399142
     0.399142    0.399142    0.399142    0.399142    0.399142    0.399142    0.399142    0.399142
     0.399142    0.399142    0.399142    0.399142    0.399142    0.399142    0.399142    0.399142
     0.399142    0.399142    0.399142    0.399142    0.399142    0.399142    0.399142    0.399142
     0.399142    0.399142    0.399142    0.399142    0.399142    0.399142    0.399142    0.399142
     0.399142    0.399142    0.399142    0.399142    0.399142    0.399142    0.399142    0.399142
     0.399142    0.399142    0.399142    0.399142    0.399142    0.399142    0.399142    0.399142
     0.399142    0.399142    0.399142    0.399142    0.399142    0.399142    0.399142    0.399142
     0.399142    0.399142    0.399142    0.399142    0.399142    0.399142    0.399142    0.399142
     0.399143    0.399142    0.399142
 ***************************************************************
  ROW NUMBER           2  SECTION NUMBER            11
           0           0           0  IF_DESIGN etc 
   1.00000   0.00000    0
     0.149500    0.157753    0.165658    0.173007    0.179623    0.185371    0.190168    0.193986
     0.196852    0.198851    0.200117    0.200826    0.201188    0.201432    0.201676    0.201934
     0.202202    0.202480    0.202767    0.203063    0.203368    0.203684    0.204012    0.204353
     0.204710    0.205085    0.205481    0.205899    0.206343    0.206816    0.207319    0.207856
     0.208428    0.209038    0.209688    0.210379    0.211113    0.211891    0.212714    0.213583
     0.214498    0.215458    0.216463    0.217513    0.218605    0.219739    0.220913    0.222123
     0.223369    0.224646    0.225951    0.227282    0.228633    0.230002    0.231384    0.232774
     0.234168    0.235563    0.236952    0.238332    0.239697    0.241045    0.242370    0.243668
     0.244937    0.246172    0.247371    0.248532    0.249652    0.250732    0.251770    0.252767
     0.253725    0.254647    0.255536    0.256397    0.257236    0.258061    0.258883    0.259710
     0.260557    0.261240    0.261924    0.262642    0.263460    0.264432    0.265591    0.266951
     0.268498    0.270199    0.272000
  1.000000  0.000000
    -0.019333   -0.019405   -0.019378   -0.018977   -0.018082   -0.016737   -0.015115   -0.013446
    -0.011949   -0.010771   -0.009966   -0.009494   -0.009247   -0.009078   -0.008514   -0.008193
    -0.007910   -0.007655   -0.007425   -0.007207   -0.006987   -0.006765   -0.006538   -0.006304
    -0.006067   -0.005820   -0.005565   -0.005302   -0.005029   -0.004745   -0.004450   -0.004144
    -0.003827   -0.003499   -0.003161   -0.002813   -0.002458   -0.002095   -0.001727   -0.001356
    -0.000982   -0.000609   -0.000238    0.000128    0.000489    0.000840    0.001182    0.001512
     0.001828    0.002129    0.002414    0.002683    0.002934    0.003166    0.003381    0.003578
     0.003757    0.003918    0.004063    0.004192    0.004305    0.004405    0.004492    0.004567
     0.004630    0.004684    0.004730    0.004767    0.004798    0.004823    0.004842    0.004857
     0.004869    0.004877    0.004882    0.004885    0.004886    0.004885    0.004882    0.004877
     0.004866    0.004625    0.004625    0.004625    0.004625    0.004625    0.004625    0.004625
     0.004625    0.004625    0.004625
  1.000000
    -0.019333   -0.019405   -0.019378   -0.018977   -0.018082   -0.016737   -0.015115   -0.013446
    -0.011949   -0.010771   -0.009966   -0.009494   -0.009247   -0.009078   -0.009266   -0.009253
    -0.009198   -0.009117   -0.009014   -0.008891   -0.008747   -0.008581   -0.008401   -0.008217
    -0.008026   -0.007829   -0.007625   -0.007412   -0.007187   -0.006953   -0.006710   -0.006455
    -0.006188   -0.005913   -0.005622   -0.005322   -0.005011   -0.004690   -0.004362   -0.004023
    -0.003679   -0.003331   -0.002976   -0.002619   -0.002261   -0.001903   -0.001547   -0.001195
    -0.000847   -0.000505   -0.000170    0.000157    0.000474    0.000781    0.001076    0.001359
     0.001629    0.001886    0.002129    0.002358    0.002572    0.002772    0.002958    0.003130
     0.003287    0.003431    0.003561    0.003679    0.003785    0.003879    0.003963    0.004037
     0.004101    0.004158    0.004207    0.004249    0.004285    0.004315    0.004341    0.004362
     0.004382    0.004625    0.004625    0.004625    0.004625    0.004625    0.004625    0.004625
     0.004625    0.004625    0.004625
  1.000000  0.000000
     0.415150    0.415150    0.415150    0.415150    0.415150    0.415150    0.415150    0.415150
     0.415150    0.415150    0.415150    0.415150    0.415150    0.415150    0.415150    0.415150
     0.415150    0.415150    0.415150    0.415150    0.415150    0.415150    0.415150    0.415150
     0.415150    0.415150    0.415150    0.415150    0.415150    0.415150    0.415150    0.415150
     0.415150    0.415150    0.415150    0.415150    0.415150    0.415150    0.415150    0.415150
     0.415150    0.415150    0.415150    0.415150    0.415150    0.415150    0.415150    0.415150
     0.415150    0.415150    0.415150    0.415150    0.415150    0.415150    0.415150    0.415150
     0.415150    0.415150    0.415150    0.415150    0.415150    0.415150    0.415150    0.415150
     0.415150    0.415150    0.415150    0.415150    0.415150    0.415150    0.415150    0.415150
     0.415150    0.415150    0.415150    0.415150    0.415150    0.415150    0.415150    0.415150
     0.415150    0.415150    0.415150    0.415150    0.415150    0.415150    0.415150    0.415150
     0.415150    0.415150    0.415150
 ***************************************************************
 ************STARTING THE INPUT FOR EACH BLADE ROW**************
  BLADE ROW NUMBER =        3                                           
    NUMBER OF BLADES IN ROW 
        29
        JM        JLE       JTE 
        91        14        82
      KTIPSTART  KTIPEND 
         17         21
  FRACTIP1,     FRACTIP2 
  0.00805925       0.00805925
  FTHICK(K) 
1.000000 1.000000 1.000000 1.000000 1.000000 1.000000 1.000000 1.000000
1.000000 1.000000 1.000000 1.000000 1.000000 1.000000 1.000000 0.900000
0.500000 0.000000 0.000000 0.000000 0.000000
       BOUNDARY LAYER TRANSITION POINTS 
         0         0         0         0
  SET NEWGRID= 1 TO GENERATE A NEW GRID WITH DIFFERENT "J" POINTS AND SPACINGS.
         0
   RPMROW,    RPMHUB 
    10081.0    10081.0
       JROTHS    JROTHE    JROTTS    JROTTE 
         1         1         1         1
   PUPROW    PLEROW   PTEROW    PDROW 
   123679.4   123679.4   158920.7  158920.7
      NSECS_ROW   INSURF  
         11         0
  IF_CUSP   IFANGLES 
         0         0
 ***************************************************************
  ROW NUMBER           3  SECTION NUMBER            1
           0           0           0  IF_DESIGN etc 
   1.00000   0.00000    0
     0.000001    0.309189    0.315213    0.320812    0.325852    0.330230    0.333881    0.336785
     0.338963    0.340479    0.341435    0.341966    0.342233    0.342409    0.342585    0.342771
     0.342964    0.343165    0.343372    0.343586    0.343806    0.344034    0.344271    0.344517
     0.344775    0.345046    0.345331    0.345633    0.345954    0.346295    0.346658    0.347046
     0.347459    0.347899    0.348368    0.348867    0.349397    0.349959    0.350553    0.351180
     0.351841    0.352534    0.353260    0.354017    0.354806    0.355625    0.356472    0.357346
     0.358245    0.359167    0.360109    0.361069    0.362045    0.363033    0.364031    0.365034
     0.366041    0.367048    0.368050    0.369047    0.370033    0.371005    0.371962    0.372899
     0.373815    0.374707    0.375572    0.376410    0.377219    0.377998    0.378748    0.379468
     0.380159    0.380825    0.381466    0.382088    0.382694    0.383290    0.383883    0.384480
     0.385091    0.385585    0.386078    0.386782    0.388090    0.390326    0.393699    0.398281
     0.404001    0.410648    0.417900
  1.000000  0.000000
     0.000001    0.069267    0.061949    0.052380    0.042411    0.033347    0.025896    0.020255
     0.016290    0.013703    0.012156    0.011326    0.010919    0.010653    0.010873    0.010814
     0.010704    0.010562    0.010403    0.010226    0.010033    0.009828    0.009608    0.009370
     0.009115    0.008836    0.008537    0.008228    0.007910    0.007583    0.007237    0.006885
     0.006523    0.006151    0.005771    0.005379    0.004979    0.004575    0.004165    0.003754
     0.003339    0.002926    0.002518    0.002110    0.001710    0.001321    0.000936    0.000566
     0.000209   -0.000137   -0.000466   -0.000779   -0.001075   -0.001353   -0.001614   -0.001856
    -0.002079   -0.002284   -0.002470   -0.002638   -0.002788   -0.002920   -0.003035   -0.003134
    -0.003218   -0.003287   -0.003343   -0.003385   -0.003416   -0.003437   -0.003447   -0.003450
    -0.003444   -0.003431   -0.003412   -0.003387   -0.003357   -0.003321   -0.003279   -0.003231
    -0.003200   -0.003432   -0.003372   -0.003288   -0.003131   -0.002862   -0.002457   -0.001906
    -0.001219   -0.000421    0.000450
  1.000000
     0.000001    0.069267    0.061949    0.052380    0.042411    0.033347    0.025896    0.020255
     0.016290    0.013703    0.012156    0.011326    0.010919    0.010653    0.009875    0.009412
     0.008998    0.008615    0.008268    0.007938    0.007620    0.007314    0.007005    0.006689
     0.006371    0.006046    0.005713    0.005370    0.005020    0.004660    0.004290    0.003911
     0.003521    0.003123    0.002718    0.002307    0.001891    0.001471    0.001051    0.000631
     0.000217   -0.000193   -0.000596   -0.000986   -0.001365   -0.001728   -0.002076   -0.002404
    -0.002713   -0.003001   -0.003267   -0.003509   -0.003728   -0.003923   -0.004095   -0.004243
    -0.004368   -0.004472   -0.004555   -0.004619   -0.004664   -0.004693   -0.004706   -0.004706
    -0.004694   -0.004672   -0.004640   -0.004601   -0.004555   -0.004505   -0.004450   -0.004392
    -0.004332   -0.004270   -0.004207   -0.004142   -0.004076   -0.004007   -0.003937   -0.003863
    -0.003768   -0.003432   -0.003372   -0.003288   -0.003131   -0.002862   -0.002457   -0.001906
    -0.001219   -0.000421    0.000450
  1.000000  0.000000
     0.000001    0.000190    0.000190    0.000190    0.000190    0.000190    0.000190    0.000190
     0.000190    0.000190    0.000190    0.000190    0.000190    0.000190    0.000190    0.000190
     0.000190    0.000190    0.000190    0.000190    0.000190    0.000190    0.000190    0.000190
     0.000190    0.000190    0.000190    0.000190    0.000190    0.000190    0.000190    0.000190
     0.000190    0.000190    0.000190    0.000190    0.000190    0.000190    0.000190    0.000190
     0.000190    0.000190    0.000190    0.000190    0.000190    0.000190    0.000190    0.000190
     0.000190    0.000190    0.000190    0.000190    0.000190    0.000190    0.000190    0.000190
     0.000190    0.000190    0.000190    0.000190    0.000190    0.000190    0.000190    0.000190
     0.000190    0.000190    0.000190    0.000190    0.000190    0.000190    0.000190    0.000190
     0.000190    0.000190    0.000190    0.000190    0.000190    0.000190    0.000190    0.000190
     0.000190    0.000190    0.000190    0.000190    0.000190    0.000190    0.000190    0.000190
     0.000190    0.000190    0.000190
 ***************************************************************
  ROW NUMBER           3  SECTION NUMBER            2
           0           0           0  IF_DESIGN etc 
   1.00000   0.00000    0
     0.000001    0.309196    0.315226    0.320831    0.325876    0.330258    0.333914    0.336821
     0.339001    0.340518    0.341475    0.342007    0.342273    0.342450    0.342626    0.342812
     0.343005    0.343206    0.343414    0.343627    0.343848    0.344076    0.344312    0.344559
     0.344817    0.345087    0.345373    0.345675    0.345996    0.346337    0.346701    0.347088
     0.347502    0.347942    0.348411    0.348911    0.349441    0.350003    0.350597    0.351225
     0.351885    0.352579    0.353305    0.354063    0.354852    0.355671    0.356518    0.357392
     0.358292    0.359214    0.360157    0.361118    0.362094    0.363082    0.364080    0.365084
     0.366091    0.367098    0.368101    0.369098    0.370084    0.371057    0.372014    0.372952
     0.373868    0.374760    0.375626    0.376464    0.377273    0.378053    0.378803    0.379523
     0.380215    0.380880    0.381522    0.382144    0.382750    0.383346    0.383939    0.384537
     0.385148    0.385642    0.386136    0.386839    0.388146    0.390378    0.393745    0.398319
     0.404028    0.410662    0.417900
  1.000000  0.000000
     0.000001    0.069389    0.062354    0.053113    0.043431    0.034568    0.027223    0.021613
     0.017633    0.015014    0.013436    0.012586    0.012168    0.011894    0.012111    0.012047
     0.011930    0.011780    0.011611    0.011424    0.011221    0.011004    0.010770    0.010516
     0.010243    0.009946    0.009632    0.009305    0.008968    0.008620    0.008252    0.007877
     0.007489    0.007088    0.006678    0.006251    0.005815    0.005372    0.004921    0.004464
     0.004002    0.003538    0.003075    0.002609    0.002149    0.001695    0.001244    0.000803
     0.000372   -0.000049   -0.000457   -0.000850   -0.001230   -0.001594   -0.001941   -0.002272
    -0.002585   -0.002880   -0.003157   -0.003416   -0.003657   -0.003880   -0.004085   -0.004272
    -0.004443   -0.004597   -0.004736   -0.004860   -0.004970   -0.005066   -0.005151   -0.005224
    -0.005287   -0.005341   -0.005386   -0.005424   -0.005455   -0.005479   -0.005498   -0.005511
    -0.005538   -0.005821   -0.005813   -0.005800   -0.005777   -0.005738   -0.005678   -0.005596
    -0.005494   -0.005375   -0.005246
  1.000000
     0.000001    0.069389    0.062354    0.053113    0.043431    0.034568    0.027223    0.021613
     0.017633    0.015014    0.013436    0.012586    0.012168    0.011894    0.011102    0.010628
     0.010205    0.009814    0.009455    0.009116    0.008788    0.008468    0.008144    0.007813
     0.007478    0.007136    0.006784    0.006421    0.006049    0.005666    0.005271    0.004864
     0.004445    0.004016    0.003577    0.003130    0.002674    0.002213    0.001749    0.001283
     0.000818    0.000356   -0.000102   -0.000551   -0.000991   -0.001419   -0.001832   -0.002231
    -0.002611   -0.002974   -0.003316   -0.003637   -0.003937   -0.004215   -0.004471   -0.004705
    -0.004917   -0.005109   -0.005280   -0.005432   -0.005566   -0.005683   -0.005784   -0.005870
    -0.005943   -0.006004   -0.006054   -0.006094   -0.006126   -0.006151   -0.006169   -0.006181
    -0.006189   -0.006193   -0.006193   -0.006190   -0.006184   -0.006176   -0.006165   -0.006152
    -0.006118   -0.005821   -0.005813   -0.005800   -0.005777   -0.005738   -0.005678   -0.005596
    -0.005494   -0.005375   -0.005246
  1.000000  0.000000
     0.000001    0.000196    0.000196    0.000196    0.000196    0.000196    0.000196    0.000196
     0.000196    0.000196    0.000196    0.000196    0.000196    0.000196    0.000196    0.000196
     0.000196    0.000196    0.000196    0.000196    0.000196    0.000196    0.000196    0.000196
     0.000196    0.000196    0.000196    0.000196    0.000196    0.000196    0.000196    0.000196
     0.000196    0.000196    0.000196    0.000196    0.000196    0.000196    0.000196    0.000196
     0.000196    0.000196    0.000196    0.000196    0.000196    0.000196    0.000196    0.000196
     0.000196    0.000196    0.000196    0.000196    0.000196    0.000196    0.000196    0.000196
     0.000196    0.000196    0.000196    0.000196    0.000196    0.000196    0.000196    0.000196
     0.000196    0.000196    0.000196    0.000196    0.000196    0.000196    0.000196    0.000196
     0.000196    0.000196    0.000196    0.000196    0.000196    0.000196    0.000196    0.000196
     0.000196    0.000196    0.000196    0.000196    0.000196    0.000196    0.000196    0.000196
     0.000196    0.000196    0.000196
 ***************************************************************
  ROW NUMBER           3  SECTION NUMBER            3
           0           0           0  IF_DESIGN etc 
   1.00000   0.00000    0
     0.000001    0.309202    0.315239    0.320850    0.325900    0.330287    0.333946    0.336856
     0.339038    0.340557    0.341515    0.342047    0.342314    0.342490    0.342667    0.342853
     0.343047    0.343248    0.343455    0.343669    0.343890    0.344118    0.344355    0.344601
     0.344859    0.345130    0.345416    0.345719    0.346040    0.346381    0.346745    0.347133
     0.347546    0.347987    0.348457    0.348956    0.349487    0.350049    0.350644    0.351272
     0.351933    0.352627    0.353354    0.354112    0.354902    0.355722    0.356570    0.357445
     0.358345    0.359268    0.360211    0.361173    0.362150    0.363139    0.364138    0.365142
     0.366150    0.367158    0.368162    0.369159    0.370146    0.371120    0.372078    0.373016
     0.373933    0.374826    0.375693    0.376531    0.377341    0.378121    0.378872    0.379593
     0.380285    0.380951    0.381593    0.382216    0.382822    0.383419    0.384012    0.384611
     0.385223    0.385717    0.386211    0.386914    0.388219    0.390446    0.393806    0.398369
     0.404064    0.410681    0.417900
  1.000000  0.000000
     0.000001    0.069509    0.062751    0.053833    0.044435    0.035772    0.028534    0.022957
     0.018966    0.016317    0.014711    0.013842    0.013414    0.013133    0.013346    0.013278
     0.013155    0.012999    0.012821    0.012625    0.012412    0.012182    0.011935    0.011668
     0.011377    0.011062    0.010731    0.010388    0.010034    0.009663    0.009275    0.008876
     0.008462    0.008033    0.007592    0.007132    0.006661    0.006178    0.005686    0.005184
     0.004674    0.004159    0.003641    0.003118    0.002597    0.002078    0.001560    0.001049
     0.000545    0.000047   -0.000440   -0.000915   -0.001379   -0.001828   -0.002264   -0.002684
    -0.003087   -0.003474   -0.003844   -0.004195   -0.004528   -0.004843   -0.005139   -0.005417
    -0.005676   -0.005917   -0.006141   -0.006347   -0.006538   -0.006712   -0.006872   -0.007018
    -0.007151   -0.007273   -0.007384   -0.007486   -0.007579   -0.007666   -0.007746   -0.007822
    -0.007908   -0.008246   -0.008290   -0.008352   -0.008467   -0.008662   -0.008957   -0.009356
    -0.009855   -0.010434   -0.011066
  1.000000
     0.000001    0.069509    0.062751    0.053833    0.044435    0.035772    0.028534    0.022957
     0.018966    0.016317    0.014711    0.013842    0.013414    0.013133    0.012325    0.011840
     0.011407    0.011008    0.010639    0.010289    0.009952    0.009619    0.009279    0.008935
     0.008583    0.008223    0.007852    0.007471    0.007077    0.006671    0.006251    0.005817
     0.005370    0.004909    0.004436    0.003953    0.003459    0.002957    0.002449    0.001936
     0.001422    0.000907    0.000394   -0.000113   -0.000613   -0.001105   -0.001586   -0.002053
    -0.002506   -0.002943   -0.003362   -0.003763   -0.004143   -0.004505   -0.004846   -0.005166
    -0.005466   -0.005747   -0.006008   -0.006249   -0.006473   -0.006679   -0.006869   -0.007043
    -0.007202   -0.007348   -0.007481   -0.007603   -0.007714   -0.007815   -0.007907   -0.007991
    -0.008068   -0.008139   -0.008204   -0.008265   -0.008321   -0.008374   -0.008425   -0.008474
    -0.008501   -0.008246   -0.008290   -0.008352   -0.008467   -0.008662   -0.008957   -0.009356
    -0.009855   -0.010434   -0.011066
  1.000000  0.000000
     0.000001    0.000203    0.000203    0.000203    0.000203    0.000203    0.000203    0.000203
     0.000203    0.000203    0.000203    0.000203    0.000203    0.000203    0.000203    0.000203
     0.000203    0.000203    0.000203    0.000203    0.000203    0.000203    0.000203    0.000203
     0.000203    0.000203    0.000203    0.000203    0.000203    0.000203    0.000203    0.000203
     0.000203    0.000203    0.000203    0.000203    0.000203    0.000203    0.000203    0.000203
     0.000203    0.000203    0.000203    0.000203    0.000203    0.000203    0.000203    0.000203
     0.000203    0.000203    0.000203    0.000203    0.000203    0.000203    0.000203    0.000203
     0.000203    0.000203    0.000203    0.000203    0.000203    0.000203    0.000203    0.000203
     0.000203    0.000203    0.000203    0.000203    0.000203    0.000203    0.000203    0.000203
     0.000203    0.000203    0.000203    0.000203    0.000203    0.000203    0.000203    0.000203
     0.000203    0.000203    0.000203    0.000203    0.000203    0.000203    0.000203    0.000203
     0.000203    0.000203    0.000203
 ***************************************************************
  ROW NUMBER           3  SECTION NUMBER            4
           0           0           0  IF_DESIGN etc 
   1.00000   0.00000    0
     0.000001    0.309216    0.315265    0.320888    0.325949    0.330345    0.334011    0.336927
     0.339114    0.340636    0.341596    0.342129    0.342396    0.342572    0.342749    0.342935
     0.343129    0.343330    0.343538    0.343752    0.343972    0.344201    0.344438    0.344684
     0.344943    0.345214    0.345500    0.345803    0.346124    0.346466    0.346829    0.347218
     0.347631    0.348072    0.348542    0.349042    0.349573    0.350136    0.350731    0.351360
     0.352021    0.352715    0.353442    0.354201    0.354991    0.355812    0.356660    0.357536
     0.358436    0.359360    0.360304    0.361266    0.362244    0.363233    0.364233    0.365238
     0.366247    0.367255    0.368260    0.369257    0.370245    0.371220    0.372178    0.373117
     0.374034    0.374928    0.375795    0.376634    0.377444    0.378225    0.378976    0.379697
     0.380390    0.381057    0.381699    0.382322    0.382929    0.383526    0.384120    0.384718
     0.385331    0.385825    0.386319    0.387022    0.388324    0.390545    0.393893    0.398440
     0.404114    0.410707    0.417900
  1.000000  0.000000
     0.000001    0.069754    0.063565    0.055305    0.046483    0.038223    0.031197    0.025680
     0.021656    0.018942    0.017274    0.016364    0.015914    0.015617    0.015822    0.015744
     0.015606    0.015434    0.015237    0.015021    0.014787    0.014532    0.014257    0.013958
     0.013632    0.013282    0.012918    0.012540    0.012149    0.011734    0.011305    0.010857
     0.010390    0.009904    0.009402    0.008874    0.008331    0.007770    0.007196    0.006601
     0.005996    0.005378    0.004750    0.004113    0.003470    0.002822    0.002171    0.001519
     0.000868    0.000220   -0.000425   -0.001062   -0.001692   -0.002312   -0.002921   -0.003518
    -0.004100   -0.004668   -0.005219   -0.005752   -0.006267   -0.006762   -0.007237   -0.007691
    -0.008124   -0.008535   -0.008925   -0.009293   -0.009640   -0.009966   -0.010273   -0.010561
    -0.010831   -0.011085   -0.011324   -0.011550   -0.011765   -0.011972   -0.012173   -0.012370
    -0.012572   -0.013012   -0.013157   -0.013363   -0.013744   -0.014395   -0.015376   -0.016708
    -0.018370   -0.020301   -0.022408
  1.000000
     0.000001    0.069754    0.063565    0.055305    0.046483    0.038223    0.031197    0.025680
     0.021656    0.018942    0.017274    0.016364    0.015914    0.015617    0.014781    0.014275
     0.013824    0.013408    0.013018    0.012647    0.012292    0.011929    0.011560    0.011185
     0.010800    0.010403    0.009995    0.009574    0.009137    0.008684    0.008213    0.007725
     0.007219    0.006695    0.006154    0.005598    0.005027    0.004441    0.003845    0.003238
     0.002624    0.002003    0.001380    0.000756    0.000133   -0.000487   -0.001101   -0.001708
    -0.002304   -0.002890   -0.003463   -0.004021   -0.004564   -0.005090   -0.005600   -0.006092
    -0.006565   -0.007021   -0.007458   -0.007876   -0.008276   -0.008658   -0.009022   -0.009368
    -0.009697   -0.010009   -0.010305   -0.010585   -0.010850   -0.011101   -0.011338   -0.011562
    -0.011774   -0.011975   -0.012167   -0.012351   -0.012528   -0.012701   -0.012871   -0.013041
    -0.013187   -0.013012   -0.013157   -0.013363   -0.013744   -0.014395   -0.015376   -0.016708
    -0.018370   -0.020301   -0.022408
  1.000000  0.000000
     0.000001    0.000215    0.000215    0.000215    0.000215    0.000215    0.000215    0.000215
     0.000215    0.000215    0.000215    0.000215    0.000215    0.000215    0.000215    0.000215
     0.000215    0.000215    0.000215    0.000215    0.000215    0.000215    0.000215    0.000215
     0.000215    0.000215    0.000215    0.000215    0.000215    0.000215    0.000215    0.000215
     0.000215    0.000215    0.000215    0.000215    0.000215    0.000215    0.000215    0.000215
     0.000215    0.000215    0.000215    0.000215    0.000215    0.000215    0.000215    0.000215
     0.000215    0.000215    0.000215    0.000215    0.000215    0.000215    0.000215    0.000215
     0.000215    0.000215    0.000215    0.000215    0.000215    0.000215    0.000215    0.000215
     0.000215    0.000215    0.000215    0.000215    0.000215    0.000215    0.000215    0.000215
     0.000215    0.000215    0.000215    0.000215    0.000215    0.000215    0.000215    0.000215
     0.000215    0.000215    0.000215    0.000215    0.000215    0.000215    0.000215    0.000215
     0.000215    0.000215    0.000215
 ***************************************************************
  ROW NUMBER           3  SECTION NUMBER            5
           0           0           0  IF_DESIGN etc 
   1.00000   0.00000    0
     0.000001    0.309245    0.315322    0.320971    0.326055    0.330470    0.334153    0.337081
     0.339276    0.340803    0.341766    0.342299    0.342565    0.342740    0.342914    0.343099
     0.343291    0.343490    0.343696    0.343908    0.344127    0.344353    0.344588    0.344832
     0.345088    0.345357    0.345640    0.345940    0.346258    0.346597    0.346957    0.347342
     0.347752    0.348189    0.348654    0.349150    0.349676    0.350233    0.350823    0.351446
     0.352101    0.352789    0.353509    0.354261    0.355044    0.355856    0.356697    0.357565
     0.358457    0.359372    0.360307    0.361260    0.362229    0.363209    0.364199    0.365195
     0.366195    0.367193    0.368189    0.369177    0.370156    0.371121    0.372071    0.373001
     0.373910    0.374795    0.375654    0.376486    0.377289    0.378062    0.378806    0.379520
     0.380207    0.380867    0.381504    0.382121    0.382722    0.383314    0.383902    0.384495
     0.385102    0.385591    0.386081    0.386781    0.388087    0.390320    0.393692    0.398275
     0.403996    0.410645    0.417900
  1.000000  0.000000
     0.000001    0.070256    0.065222    0.058292    0.050618    0.043138    0.036498    0.031055
     0.026925    0.024045    0.022232    0.021228    0.020729    0.020401    0.020575    0.020464
     0.020289    0.020077    0.019834    0.019571    0.019288    0.018973    0.018627    0.018255
     0.017862    0.017450    0.017024    0.016576    0.016108    0.015613    0.015098    0.014556
     0.013986    0.013389    0.012765    0.012109    0.011426    0.010715    0.009978    0.009212
     0.008423    0.007610    0.006774    0.005918    0.005045    0.004155    0.003252    0.002338
     0.001414    0.000484   -0.000451   -0.001387   -0.002323   -0.003255   -0.004181   -0.005098
    -0.006005   -0.006898   -0.007775   -0.008634   -0.009473   -0.010289   -0.011080   -0.011846
    -0.012585   -0.013294   -0.013975   -0.014625   -0.015245   -0.015835   -0.016396   -0.016929
    -0.017434   -0.017915   -0.018373   -0.018812   -0.019236   -0.019647   -0.020052   -0.020455
    -0.020862   -0.021448   -0.021764   -0.022215   -0.023058   -0.024500   -0.026678   -0.029638
    -0.033333   -0.037627   -0.042313
  1.000000
     0.000001    0.070256    0.065222    0.058292    0.050618    0.043138    0.036498    0.031055
     0.026925    0.024045    0.022232    0.021228    0.020729    0.020401    0.019525    0.018991
     0.018512    0.018068    0.017650    0.017243    0.016838    0.016421    0.015995    0.015561
     0.015111    0.014646    0.014166    0.013666    0.013145    0.012600    0.012032    0.011439
     0.010820    0.010177    0.009503    0.008806    0.008084    0.007338    0.006570    0.005782
     0.004974    0.004151    0.003313    0.002464    0.001605    0.000739   -0.000130   -0.001001
    -0.001871   -0.002739   -0.003601   -0.004456   -0.005302   -0.006137   -0.006959   -0.007767
    -0.008559   -0.009335   -0.010092   -0.010830   -0.011549   -0.012246   -0.012921   -0.013574
    -0.014204   -0.014810   -0.015393   -0.015952   -0.016487   -0.016998   -0.017487   -0.017954
    -0.018400   -0.018827   -0.019237   -0.019633   -0.020018   -0.020395   -0.020769   -0.021145
    -0.021504   -0.021448   -0.021764   -0.022215   -0.023058   -0.024500   -0.026678   -0.029638
    -0.033333   -0.037627   -0.042313
  1.000000  0.000000
     0.000001    0.000241    0.000241    0.000241    0.000241    0.000241    0.000241    0.000241
     0.000241    0.000241    0.000241    0.000241    0.000241    0.000241    0.000241    0.000241
     0.000241    0.000241    0.000241    0.000241    0.000241    0.000241    0.000241    0.000241
     0.000241    0.000241    0.000241    0.000241    0.000241    0.000241    0.000241    0.000241
     0.000241    0.000241    0.000241    0.000241    0.000241    0.000241    0.000241    0.000241
     0.000241    0.000241    0.000241    0.000241    0.000241    0.000241    0.000241    0.000241
     0.000241    0.000241    0.000241    0.000241    0.000241    0.000241    0.000241    0.000241
     0.000241    0.000241    0.000241    0.000241    0.000241    0.000241    0.000241    0.000241
     0.000241    0.000241    0.000241    0.000241    0.000241    0.000241    0.000241    0.000241
     0.000241    0.000241    0.000241    0.000241    0.000241    0.000241    0.000241    0.000241
     0.000241    0.000241    0.000241    0.000241    0.000241    0.000241    0.000241    0.000241
     0.000241    0.000241    0.000241
 ***************************************************************
  ROW NUMBER           3  SECTION NUMBER            6
           0           0           0  IF_DESIGN etc 
   1.00000   0.00000    0
     0.000001    0.309261    0.315353    0.321016    0.326112    0.330537    0.334228    0.337162
     0.339362    0.340891    0.341854    0.342386    0.342651    0.342824    0.342997    0.343179
     0.343370    0.343567    0.343771    0.343981    0.344197    0.344421    0.344654    0.344896
     0.345149    0.345415    0.345696    0.345993    0.346308    0.346643    0.347000    0.347381
     0.347787    0.348220    0.348681    0.349171    0.349692    0.350244    0.350828    0.351445
     0.352093    0.352775    0.353488    0.354232    0.355008    0.355812    0.356645    0.357504
     0.358387    0.359293    0.360219    0.361163    0.362122    0.363093    0.364074    0.365060
     0.366049    0.367038    0.368024    0.369003    0.369972    0.370928    0.371868    0.372789
     0.373689    0.374566    0.375416    0.376240    0.377035    0.377801    0.378537    0.379245
     0.379925    0.380579    0.381209    0.381820    0.382415    0.383001    0.383584    0.384171
     0.384772    0.385257    0.385741    0.386440    0.387752    0.390004    0.393410    0.398044
     0.403831    0.410558    0.417900
  1.000000  0.000000
     0.000001    0.070483    0.065973    0.059644    0.052487    0.045355    0.038884    0.033470
     0.029288    0.026329    0.024449    0.023404    0.022884    0.022543    0.022702    0.022576
     0.022386    0.022156    0.021896    0.021609    0.021295    0.020949    0.020570    0.020166
     0.019747    0.019310    0.018858    0.018379    0.017877    0.017350    0.016796    0.016213
     0.015599    0.014954    0.014276    0.013565    0.012821    0.012045    0.011236    0.010395
     0.009525    0.008626    0.007700    0.006748    0.005774    0.004779    0.003765    0.002735
     0.001692    0.000638   -0.000423   -0.001490   -0.002559   -0.003626   -0.004689   -0.005746
    -0.006792   -0.007826   -0.008843   -0.009842   -0.010820   -0.011773   -0.012700   -0.013599
    -0.014467   -0.015304   -0.016108   -0.016877   -0.017613   -0.018315   -0.018983   -0.019619
    -0.020224   -0.020800   -0.021350   -0.021879   -0.022389   -0.022886   -0.023376   -0.023865
    -0.024360   -0.025005   -0.025392   -0.025950   -0.026997   -0.028796   -0.031517   -0.035217
    -0.039840   -0.045213   -0.051077
  1.000000
     0.000001    0.070483    0.065973    0.059644    0.052487    0.045355    0.038884    0.033470
     0.029288    0.026329    0.024449    0.023404    0.022884    0.022543    0.021658    0.021116
     0.020631    0.020182    0.019757    0.019336    0.018909    0.018471    0.018024    0.017565
     0.017090    0.016599    0.016089    0.015557    0.015002    0.014420    0.013812    0.013175
     0.012510    0.011817    0.011087    0.010329    0.009543    0.008728    0.007885    0.007018
     0.006126    0.005214    0.004282    0.003333    0.002370    0.001395    0.000412   -0.000577
    -0.001570   -0.002563   -0.003554   -0.004542   -0.005523   -0.006495   -0.007456   -0.008404
    -0.009338   -0.010255   -0.011154   -0.012033   -0.012891   -0.013727   -0.014538   -0.015324
    -0.016085   -0.016819   -0.017525   -0.018204   -0.018855   -0.019479   -0.020075   -0.020646
    -0.021191   -0.021714   -0.022217   -0.022703   -0.023175   -0.023638   -0.024098   -0.024561
    -0.025013   -0.025005   -0.025392   -0.025950   -0.026997   -0.028796   -0.031517   -0.035217
    -0.039840   -0.045213   -0.051077
  1.000000  0.000000
     0.000001    0.000254    0.000254    0.000254    0.000254    0.000254    0.000254    0.000254
     0.000254    0.000254    0.000254    0.000254    0.000254    0.000254    0.000254    0.000254
     0.000254    0.000254    0.000254    0.000254    0.000254    0.000254    0.000254    0.000254
     0.000254    0.000254    0.000254    0.000254    0.000254    0.000254    0.000254    0.000254
     0.000254    0.000254    0.000254    0.000254    0.000254    0.000254    0.000254    0.000254
     0.000254    0.000254    0.000254    0.000254    0.000254    0.000254    0.000254    0.000254
     0.000254    0.000254    0.000254    0.000254    0.000254    0.000254    0.000254    0.000254
     0.000254    0.000254    0.000254    0.000254    0.000254    0.000254    0.000254    0.000254
     0.000254    0.000254    0.000254    0.000254    0.000254    0.000254    0.000254    0.000254
     0.000254    0.000254    0.000254    0.000254    0.000254    0.000254    0.000254    0.000254
     0.000254    0.000254    0.000254    0.000254    0.000254    0.000254    0.000254    0.000254
     0.000254    0.000254    0.000254
 ***************************************************************
  ROW NUMBER           3  SECTION NUMBER            7
           0           0           0  IF_DESIGN etc 
   1.00000   0.00000    0
     0.000001    0.309277    0.315384    0.321061    0.326169    0.330605    0.334304    0.337244
     0.339448    0.340979    0.341942    0.342474    0.342736    0.342907    0.343078    0.343259
     0.343447    0.343642    0.343844    0.344051    0.344265    0.344487    0.344717    0.344956
     0.345207    0.345470    0.345747    0.346041    0.346352    0.346684    0.347037    0.347413
     0.347814    0.348242    0.348698    0.349183    0.349698    0.350244    0.350821    0.351431
     0.352072    0.352746    0.353451    0.354187    0.354954    0.355749    0.356572    0.357422
     0.358295    0.359191    0.360107    0.361040    0.361988    0.362948    0.363917    0.364893
     0.365871    0.366849    0.367823    0.368791    0.369749    0.370694    0.371624    0.372535
     0.373425    0.374291    0.375132    0.375946    0.376732    0.377490    0.378218    0.378917
     0.379589    0.380236    0.380859    0.381463    0.382052    0.382631    0.383207    0.383788
     0.384382    0.384861    0.385341    0.386037    0.387356    0.389631    0.393077    0.397771
     0.403636    0.410456    0.417900
  1.000000  0.000000
     0.000001    0.070685    0.066641    0.060847    0.054152    0.047334    0.041019    0.035636
     0.031412    0.028389    0.026453    0.025373    0.024837    0.024486    0.024632    0.024494
     0.024292    0.024050    0.023774    0.023464    0.023119    0.022742    0.022336    0.021908
     0.021469    0.021012    0.020535    0.020030    0.019500    0.018945    0.018357    0.017739
     0.017086    0.016399    0.015675    0.014915    0.014116    0.013282    0.012410    0.011503
     0.010561    0.009586    0.008578    0.007540    0.006475    0.005385    0.004271    0.003138
     0.001987    0.000822   -0.000355   -0.001539   -0.002728   -0.003919   -0.005107   -0.006289
    -0.007463   -0.008624   -0.009769   -0.010895   -0.011999   -0.013078   -0.014129   -0.015149
    -0.016136   -0.017089   -0.018005   -0.018885   -0.019727   -0.020531   -0.021297   -0.022028
    -0.022724   -0.023388   -0.024024   -0.024635   -0.025225   -0.025802   -0.026371   -0.026940
    -0.027517   -0.028220   -0.028673   -0.029331   -0.030579   -0.032729   -0.035986   -0.040422
    -0.045966   -0.052412   -0.059448
  1.000000
     0.000001    0.070685    0.066641    0.060847    0.054152    0.047334    0.041019    0.035636
     0.031412    0.028389    0.026453    0.025373    0.024837    0.024486    0.023600    0.023053
     0.022567    0.022119    0.021690    0.021257    0.020814    0.020361    0.019898    0.019420
     0.018925    0.018413    0.017880    0.017323    0.016741    0.016130    0.015489    0.014816
     0.014112    0.013376    0.012599    0.011791    0.010949    0.010075    0.009168    0.008232
     0.007266    0.006275    0.005259    0.004221    0.003165    0.002092    0.001006   -0.000090
    -0.001194   -0.002302   -0.003412   -0.004521   -0.005627   -0.006726   -0.007815   -0.008894
    -0.009959   -0.011007   -0.012037   -0.013048   -0.014036   -0.014999   -0.015937   -0.016848
    -0.017731   -0.018583   -0.019405   -0.020196   -0.020955   -0.021683   -0.022380   -0.023046
    -0.023685   -0.024297   -0.024886   -0.025455   -0.026009   -0.026552   -0.027092   -0.027635
    -0.028176   -0.028220   -0.028673   -0.029331   -0.030579   -0.032729   -0.035986   -0.040422
    -0.045966   -0.052412   -0.059448
  1.000000  0.000000
     0.000001    0.000266    0.000266    0.000266    0.000266    0.000266    0.000266    0.000266
     0.000266    0.000266    0.000266    0.000266    0.000266    0.000266    0.000266    0.000266
     0.000266    0.000266    0.000266    0.000266    0.000266    0.000266    0.000266    0.000266
     0.000266    0.000266    0.000266    0.000266    0.000266    0.000266    0.000266    0.000266
     0.000266    0.000266    0.000266    0.000266    0.000266    0.000266    0.000266    0.000266
     0.000266    0.000266    0.000266    0.000266    0.000266    0.000266    0.000266    0.000266
     0.000266    0.000266    0.000266    0.000266    0.000266    0.000266    0.000266    0.000266
     0.000266    0.000266    0.000266    0.000266    0.000266    0.000266    0.000266    0.000266
     0.000266    0.000266    0.000266    0.000266    0.000266    0.000266    0.000266    0.000266
     0.000266    0.000266    0.000266    0.000266    0.000266    0.000266    0.000266    0.000266
     0.000266    0.000266    0.000266    0.000266    0.000266    0.000266    0.000266    0.000266
     0.000266    0.000266    0.000266
 ***************************************************************
  ROW NUMBER           3  SECTION NUMBER            8
           0           0           0  IF_DESIGN etc 
   1.00000   0.00000    0
     0.000001    0.309308    0.315445    0.321149    0.326281    0.330738    0.334453    0.337406
     0.339617    0.341152    0.342116    0.342647    0.342907    0.343074    0.343242    0.343419
     0.343604    0.343795    0.343993    0.344196    0.344406    0.344623    0.344849    0.345083
     0.345329    0.345587    0.345859    0.346147    0.346452    0.346777    0.347123    0.347493
     0.347886    0.348306    0.348753    0.349228    0.349733    0.350268    0.350835    0.351432
     0.352061    0.352722    0.353413    0.354135    0.354886    0.355666    0.356474    0.357306
     0.358163    0.359041    0.359939    0.360854    0.361784    0.362725    0.363676    0.364632
     0.365591    0.366550    0.367506    0.368455    0.369394    0.370321    0.371233    0.372126
     0.372998    0.373848    0.374673    0.375471    0.376242    0.376984    0.377698    0.378384
     0.379043    0.379677    0.380288    0.380881    0.381458    0.382026    0.382590    0.383160
     0.383742    0.384212    0.384682    0.385375    0.386706    0.389017    0.392530    0.397322
     0.403315    0.410288    0.417900
  1.000000  0.000000
     0.000001    0.071058    0.067871    0.063062    0.057217    0.050975    0.044944    0.039616
     0.035315    0.032172    0.030133    0.028989    0.028423    0.028056    0.028165    0.027996
     0.027762    0.027484    0.027164    0.026801    0.026395    0.025966    0.025522    0.025060
     0.024585    0.024085    0.023560    0.023010    0.022430    0.021818    0.021170    0.020486
     0.019761    0.018996    0.018188    0.017336    0.016439    0.015498    0.014512    0.013482
     0.012408    0.011293    0.010137    0.008942    0.007712    0.006448    0.005153    0.003830
     0.002482    0.001113   -0.000273   -0.001672   -0.003081   -0.004496   -0.005912   -0.007325
    -0.008732   -0.010126   -0.011506   -0.012866   -0.014202   -0.015510   -0.016789   -0.018032
    -0.019239   -0.020406   -0.021532   -0.022615   -0.023653   -0.024648   -0.025598   -0.026506
    -0.027373   -0.028202   -0.028997   -0.029763   -0.030505   -0.031231   -0.031949   -0.032669
    -0.033401   -0.034212   -0.034791   -0.035644   -0.037285   -0.040133   -0.044461   -0.050365
    -0.057749   -0.066340   -0.075718
  1.000000
     0.000001    0.071058    0.067871    0.063062    0.057217    0.050975    0.044944    0.039616
     0.035315    0.032172    0.030133    0.028989    0.028423    0.028056    0.027194    0.026651
     0.026174    0.025729    0.025283    0.024829    0.024362    0.023885    0.023394    0.022886
     0.022361    0.021814    0.021242    0.020643    0.020015    0.019354    0.018658    0.017924
     0.017154    0.016341    0.015485    0.014589    0.013652    0.012673    0.011653    0.010595
     0.009498    0.008365    0.007199    0.006002    0.004776    0.003524    0.002251    0.000958
    -0.000350   -0.001670   -0.002999   -0.004334   -0.005671   -0.007006   -0.008337   -0.009659
    -0.010970   -0.012266   -0.013544   -0.014801   -0.016035   -0.017243   -0.018421   -0.019568
    -0.020682   -0.021760   -0.022802   -0.023805   -0.024770   -0.025697   -0.026585   -0.027436
    -0.028251   -0.029033   -0.029786   -0.030514   -0.031223   -0.031919   -0.032610   -0.033306
    -0.034015   -0.034212   -0.034791   -0.035644   -0.037285   -0.040133   -0.044461   -0.050365
    -0.057749   -0.066340   -0.075718
  1.000000  0.000000
     0.000001    0.000292    0.000292    0.000292    0.000292    0.000292    0.000292    0.000292
     0.000292    0.000292    0.000292    0.000292    0.000292    0.000292    0.000292    0.000292
     0.000292    0.000292    0.000292    0.000292    0.000292    0.000292    0.000292    0.000292
     0.000292    0.000292    0.000292    0.000292    0.000292    0.000292    0.000292    0.000292
     0.000292    0.000292    0.000292    0.000292    0.000292    0.000292    0.000292    0.000292
     0.000292    0.000292    0.000292    0.000292    0.000292    0.000292    0.000292    0.000292
     0.000292    0.000292    0.000292    0.000292    0.000292    0.000292    0.000292    0.000292
     0.000292    0.000292    0.000292    0.000292    0.000292    0.000292    0.000292    0.000292
     0.000292    0.000292    0.000292    0.000292    0.000292    0.000292    0.000292    0.000292
     0.000292    0.000292    0.000292    0.000292    0.000292    0.000292    0.000292    0.000292
     0.000292    0.000292    0.000292    0.000292    0.000292    0.000292    0.000292    0.000292
     0.000292    0.000292    0.000292
 ***************************************************************
  ROW NUMBER           3  SECTION NUMBER            9
           0           0           0  IF_DESIGN etc 
   1.00000   0.00000    0
     0.000001    0.309323    0.315475    0.321192    0.326336    0.330803    0.334526    0.337485
     0.339700    0.341238    0.342203    0.342733    0.342993    0.343159    0.343326    0.343502
     0.343686    0.343876    0.344072    0.344274    0.344483    0.344699    0.344923    0.345157
     0.345401    0.345657    0.345928    0.346214    0.346518    0.346841    0.347185    0.347552
     0.347943    0.348360    0.348804    0.349277    0.349779    0.350311    0.350874    0.351468
     0.352093    0.352750    0.353437    0.354155    0.354902    0.355678    0.356480    0.357308
     0.358160    0.359033    0.359925    0.360835    0.361759    0.362695    0.363640    0.364591
     0.365544    0.366498    0.367448    0.368391    0.369325    0.370246    0.371152    0.372040
     0.372908    0.373752    0.374572    0.375366    0.376132    0.376870    0.377580    0.378262
     0.378917    0.379548    0.380155    0.380744    0.381318    0.381882    0.382444    0.383010
     0.383589    0.384056    0.384524    0.385214    0.386548    0.388868    0.392397    0.397212
     0.403237    0.410247    0.417900
  1.000000  0.000000
     0.000001    0.071265    0.068554    0.064287    0.058900    0.052960    0.047064    0.041743
     0.037378    0.034151    0.032043    0.030857    0.030271    0.029891    0.029963    0.029766
     0.029500    0.029185    0.028823    0.028423    0.027991    0.027538    0.027073    0.026591
     0.026091    0.025566    0.025013    0.024435    0.023825    0.023180    0.022497    0.021775
     0.021010    0.020201    0.019345    0.018443    0.017492    0.016493    0.015445    0.014350
     0.013207    0.012018    0.010784    0.009508    0.008193    0.006839    0.005452    0.004033
     0.002586    0.001115   -0.000375   -0.001882   -0.003400   -0.004926   -0.006454   -0.007981
    -0.009501   -0.011010   -0.012504   -0.013977   -0.015426   -0.016847   -0.018235   -0.019587
    -0.020900   -0.022171   -0.023398   -0.024579   -0.025712   -0.026798   -0.027837   -0.028830
    -0.029779   -0.030688   -0.031560   -0.032400   -0.033215   -0.034013   -0.034803   -0.035595
    -0.036402   -0.037248   -0.037889   -0.038835   -0.040664   -0.043843   -0.048680   -0.055280
    -0.063538   -0.073147   -0.083638
  1.000000
     0.000001    0.071265    0.068554    0.064287    0.058900    0.052960    0.047064    0.041743
     0.037378    0.034151    0.032043    0.030857    0.030271    0.029891    0.029054    0.028522
     0.028051    0.027597    0.027138    0.026668    0.026185    0.025692    0.025182    0.024656
     0.024110    0.023541    0.022946    0.022323    0.021667    0.020976    0.020248    0.019480
     0.018673    0.017817    0.016918    0.015974    0.014985    0.013950    0.012870    0.011746
     0.010581    0.009374    0.008130    0.006850    0.005538    0.004195    0.002826    0.001434
     0.000022   -0.001405   -0.002845   -0.004293   -0.005746   -0.007200   -0.008650   -0.010094
    -0.011527   -0.012946   -0.014347   -0.015727   -0.017083   -0.018411   -0.019708   -0.020971
    -0.022199   -0.023389   -0.024538   -0.025647   -0.026713   -0.027737   -0.028719   -0.029660
    -0.030562   -0.031427   -0.032260   -0.033066   -0.033851   -0.034621   -0.035386   -0.036157
    -0.036944   -0.037248   -0.037889   -0.038835   -0.040664   -0.043843   -0.048680   -0.055280
    -0.063538   -0.073147   -0.083638
  1.000000  0.000000
     0.000001    0.000305    0.000305    0.000305    0.000305    0.000305    0.000305    0.000305
     0.000305    0.000305    0.000305    0.000305    0.000305    0.000305    0.000305    0.000305
     0.000305    0.000305    0.000305    0.000305    0.000305    0.000305    0.000305    0.000305
     0.000305    0.000305    0.000305    0.000305    0.000305    0.000305    0.000305    0.000305
     0.000305    0.000305    0.000305    0.000305    0.000305    0.000305    0.000305    0.000305
     0.000305    0.000305    0.000305    0.000305    0.000305    0.000305    0.000305    0.000305
     0.000305    0.000305    0.000305    0.000305    0.000305    0.000305    0.000305    0.000305
     0.000305    0.000305    0.000305    0.000305    0.000305    0.000305    0.000305    0.000305
     0.000305    0.000305    0.000305    0.000305    0.000305    0.000305    0.000305    0.000305
     0.000305    0.000305    0.000305    0.000305    0.000305    0.000305    0.000305    0.000305
     0.000305    0.000305    0.000305    0.000305    0.000305    0.000305    0.000305    0.000305
     0.000305    0.000305    0.000305
 ***************************************************************
  ROW NUMBER           3  SECTION NUMBER            10
           0           0           0  IF_DESIGN etc 
   1.00000   0.00000    0
     0.000001    0.309330    0.315489    0.321213    0.326363    0.330835    0.334562    0.337524
     0.339741    0.341281    0.342247    0.342777    0.343036    0.343202    0.343369    0.343544
     0.343728    0.343917    0.344113    0.344315    0.344523    0.344739    0.344962    0.345195
     0.345439    0.345695    0.345965    0.346250    0.346554    0.346876    0.347219    0.347585
     0.347976    0.348392    0.348836    0.349307    0.349808    0.350339    0.350901    0.351494
     0.352118    0.352773    0.353459    0.354175    0.354921    0.355695    0.356495    0.357321
     0.358171    0.359043    0.359933    0.360841    0.361764    0.362698    0.363640    0.364589
     0.365541    0.366492    0.367440    0.368381    0.369313    0.370233    0.371137    0.372023
     0.372889    0.373732    0.374550    0.375342    0.376106    0.376843    0.377551    0.378232
     0.378886    0.379515    0.380121    0.380709    0.381281    0.381845    0.382405    0.382970
     0.383548    0.384014    0.384480    0.385171    0.386505    0.388827    0.392360    0.397182
     0.403215    0.410235    0.417900
  1.000000  0.000000
     0.000001    0.071378    0.068925    0.064951    0.059810    0.054028    0.048199    0.042875
     0.038469    0.035193    0.033044    0.031832    0.031233    0.030845    0.030895    0.030680
     0.030394    0.030054    0.029666    0.029246    0.028800    0.028336    0.027860    0.027365
     0.026849    0.026310    0.025743    0.025149    0.024522    0.023859    0.023157    0.022413
     0.021626    0.020793    0.019912    0.018982    0.018002    0.016972    0.015891    0.014761
     0.013581    0.012353    0.011079    0.009761    0.008401    0.007001    0.005565    0.004097
     0.002599    0.001076   -0.000468   -0.002029   -0.003603   -0.005185   -0.006771   -0.008354
    -0.009932   -0.011499   -0.013050   -0.014580   -0.016086   -0.017562   -0.019006   -0.020412
    -0.021777   -0.023100   -0.024377   -0.025606   -0.026787   -0.027918   -0.029001   -0.030036
    -0.031026   -0.031973   -0.032883   -0.033760   -0.034611   -0.035444   -0.036269   -0.037097
    -0.037940   -0.038799   -0.039469   -0.040461   -0.042380   -0.045719   -0.050800   -0.057735
    -0.066412   -0.076508   -0.087532
  1.000000
     0.000001    0.071378    0.068925    0.064951    0.059810    0.054028    0.048199    0.042875
     0.038469    0.035193    0.033044    0.031832    0.031233    0.030845    0.030025    0.029500
     0.029031    0.028570    0.028102    0.027622    0.027131    0.026626    0.026106    0.025569
     0.025011    0.024430    0.023821    0.023183    0.022512    0.021804    0.021058    0.020270
     0.019442    0.018564    0.017640    0.016670    0.015653    0.014587    0.013476    0.012317
     0.011115    0.009870    0.008584    0.007261    0.005903    0.004513    0.003094    0.001651
     0.000186   -0.001297   -0.002793   -0.004299   -0.005811   -0.007325   -0.008836   -0.010341
    -0.011836   -0.013318   -0.014781   -0.016223   -0.017639   -0.019028   -0.020384   -0.021706
    -0.022991   -0.024236   -0.025440   -0.026600   -0.027717   -0.028789   -0.029818   -0.030803
    -0.031748   -0.032655   -0.033528   -0.034372   -0.035194   -0.036001   -0.036803   -0.037611
    -0.038436   -0.038799   -0.039469   -0.040461   -0.042380   -0.045719   -0.050800   -0.057735
    -0.066412   -0.076508   -0.087532
  1.000000  0.000000
     0.000001    0.000311    0.000311    0.000311    0.000311    0.000311    0.000311    0.000311
     0.000311    0.000311    0.000311    0.000311    0.000311    0.000311    0.000311    0.000311
     0.000311    0.000311    0.000311    0.000311    0.000311    0.000311    0.000311    0.000311
     0.000311    0.000311    0.000311    0.000311    0.000311    0.000311    0.000311    0.000311
     0.000311    0.000311    0.000311    0.000311    0.000311    0.000311    0.000311    0.000311
     0.000311    0.000311    0.000311    0.000311    0.000311    0.000311    0.000311    0.000311
     0.000311    0.000311    0.000311    0.000311    0.000311    0.000311    0.000311    0.000311
     0.000311    0.000311    0.000311    0.000311    0.000311    0.000311    0.000311    0.000311
     0.000311    0.000311    0.000311    0.000311    0.000311    0.000311    0.000311    0.000311
     0.000311    0.000311    0.000311    0.000311    0.000311    0.000311    0.000311    0.000311
     0.000311    0.000311    0.000311    0.000311    0.000311    0.000311    0.000311    0.000311
     0.000311    0.000311    0.000311
 ***************************************************************
  ROW NUMBER           3  SECTION NUMBER            11
           0           0           0  IF_DESIGN etc 
   1.00000   0.00000    0
     0.000001    0.309338    0.315504    0.321234    0.326390    0.330867    0.334598    0.337563
     0.339783    0.341324    0.342290    0.342821    0.343079    0.343246    0.343412    0.343587
     0.343770    0.343959    0.344155    0.344356    0.344564    0.344779    0.345002    0.345235
     0.345478    0.345733    0.346003    0.346288    0.346590    0.346912    0.347255    0.347620
     0.348010    0.348425    0.348868    0.349339    0.349839    0.350369    0.350929    0.351521
     0.352144    0.352798    0.353483    0.354197    0.354942    0.355714    0.356513    0.357338
     0.358186    0.359056    0.359945    0.360851    0.361771    0.362704    0.363645    0.364592
     0.365541    0.366491    0.367437    0.368377    0.369307    0.370225    0.371127    0.372012
     0.372875    0.373717    0.374533    0.375324    0.376087    0.376822    0.377529    0.378208
     0.378861    0.379489    0.380094    0.380680    0.381252    0.381814    0.382373    0.382937
     0.383514    0.383979    0.384445    0.385135    0.386470    0.388793    0.392330    0.397157
     0.403197    0.410226    0.417900
  1.000000  0.000000
     0.000001    0.071494    0.069305    0.065630    0.060740    0.055118    0.049356    0.044028
     0.039579    0.036250    0.034058    0.032821    0.032208    0.031812    0.031837    0.031603
     0.031296    0.030930    0.030514    0.030074    0.029615    0.029139    0.028651    0.028142
     0.027611    0.027058    0.026476    0.025865    0.025220    0.024538    0.023816    0.023051
     0.022241    0.021384    0.020477    0.019519    0.018509    0.017447    0.016333    0.015167
     0.013950    0.012683    0.011367    0.010006    0.008601    0.007154    0.005670    0.004152
     0.002603    0.001027   -0.000572   -0.002188   -0.003818   -0.005456   -0.007099   -0.008740
    -0.010376   -0.012000   -0.013609   -0.015196   -0.016758   -0.018291   -0.019789   -0.021249
    -0.022668   -0.024042   -0.025369   -0.026647   -0.027874   -0.029051   -0.030177   -0.031255
    -0.032285   -0.033271   -0.034218   -0.035132   -0.036018   -0.036887   -0.037747   -0.038610
    -0.039489   -0.040358   -0.041059   -0.042096   -0.044105   -0.047601   -0.052924   -0.060188
    -0.069278   -0.079856   -0.091405
  1.000000
     0.000001    0.071494    0.069305    0.065630    0.060740    0.055118    0.049356    0.044028
     0.039579    0.036250    0.034058    0.032821    0.032208    0.031812    0.031007    0.030490
     0.030023    0.029555    0.029078    0.028588    0.028087    0.027571    0.027040    0.026491
     0.025921    0.025326    0.024704    0.024050    0.023363    0.022638    0.021873    0.021065
     0.020216    0.019313    0.018365    0.017369    0.016322    0.015226    0.014081    0.012887
     0.011648    0.010363    0.009036    0.007669    0.006264    0.004826    0.003357    0.001862
     0.000343   -0.001195   -0.002749   -0.004313   -0.005885   -0.007459   -0.009031   -0.010598
    -0.012156   -0.013699   -0.015224   -0.016728   -0.018206   -0.019655   -0.021071   -0.022451
    -0.023793   -0.025093   -0.026351   -0.027563   -0.028730   -0.029851   -0.030926   -0.031956
    -0.032944   -0.033892   -0.034805   -0.035687   -0.036547   -0.037391   -0.038229   -0.039073
    -0.039936   -0.040358   -0.041059   -0.042096   -0.044105   -0.047601   -0.052924   -0.060188
    -0.069278   -0.079856   -0.091405
  1.000000  0.000000
     0.000001    0.000317    0.000317    0.000317    0.000317    0.000317    0.000317    0.000317
     0.000317    0.000317    0.000317    0.000317    0.000317    0.000317    0.000317    0.000317
     0.000317    0.000317    0.000317    0.000317    0.000317    0.000317    0.000317    0.000317
     0.000317    0.000317    0.000317    0.000317    0.000317    0.000317    0.000317    0.000317
     0.000317    0.000317    0.000317    0.000317    0.000317    0.000317    0.000317    0.000317
     0.000317    0.000317    0.000317    0.000317    0.000317    0.000317    0.000317    0.000317
     0.000317    0.000317    0.000317    0.000317    0.000317    0.000317    0.000317    0.000317
     0.000317    0.000317    0.000317    0.000317    0.000317    0.000317    0.000317    0.000317
     0.000317    0.000317    0.000317    0.000317    0.000317    0.000317    0.000317    0.000317
     0.000317    0.000317    0.000317    0.000317    0.000317    0.000317    0.000317    0.000317
     0.000317    0.000317    0.000317    0.000317    0.000317    0.000317    0.000317    0.000317
     0.000317    0.000317    0.000317
 ***************************************************************
 ************STARTING THE INPUT FOR EACH BLADE ROW**************
  BLADE ROW NUMBER =        4                                           
    NUMBER OF BLADES IN ROW 
        66
        JM        JLE       JTE 
        92        14        83
      KTIPSTART  KTIPEND 
         0         0
       BOUNDARY LAYER TRANSITION POINTS 
         0         0         0         0
  SET NEWGRID= 1 TO GENERATE A NEW GRID WITH DIFFERENT "J" POINTS AND SPACINGS.
         0
   RPMROW,    RPMHUB 
    0.0    0.0
       JROTHS    JROTHE    JROTTS    JROTTE 
         1         1         1         1
   PUPROW    PLEROW   PTEROW    PDROW 
   158920.7   158920.7   165971.8  165971.8
      NSECS_ROW   INSURF  
         11         0
  IF_CUSP   IFANGLES 
         0         0
 ***************************************************************
  ROW NUMBER           4  SECTION NUMBER            1
           0           0           0  IF_DESIGN etc 
   1.00000   0.00000    0
     0.417900    0.423857    0.429567    0.434881    0.439674    0.443851    0.447352    0.450157
     0.452285    0.453798    0.454789    0.455385    0.455733    0.455998    0.456263    0.456543
     0.456834    0.457135    0.457446    0.457767    0.458098    0.458440    0.458794    0.459162
     0.459547    0.459951    0.460377    0.460826    0.461303    0.461809    0.462347    0.462921
     0.463532    0.464183    0.464875    0.465612    0.466394    0.467223    0.468100    0.469025
     0.470000    0.471023    0.472095    0.473215    0.474381    0.475592    0.476847    0.478143
     0.479478    0.480848    0.482250    0.483681    0.485137    0.486613    0.488107    0.489612
     0.491125    0.492640    0.494153    0.495659    0.497154    0.498632    0.500089    0.501520
     0.502923    0.504292    0.505624    0.506918    0.508170    0.509378    0.510543    0.511663
     0.512740    0.513775    0.514771    0.515733    0.516666    0.517576    0.518472    0.519364
     0.520264    0.521184    0.521924    0.521184    0.520421    0.519592    0.518661    0.517604
     0.516415    0.515100    0.513683    0.512200
  1.000000  0.000000
    -0.018338   -0.019084   -0.020641   -0.022117   -0.022919   -0.022826   -0.021938   -0.020561
    -0.019057   -0.017723   -0.016720   -0.016066   -0.015665   -0.015352   -0.014532   -0.014005
    -0.013545   -0.013124   -0.012735   -0.012359   -0.011977   -0.011590   -0.011198   -0.010797
    -0.010390   -0.009972   -0.009540   -0.009095   -0.008638   -0.008165   -0.007675   -0.007169
    -0.006646   -0.006108   -0.005554   -0.004987   -0.004409   -0.003821   -0.003223   -0.002623
    -0.002018   -0.001416   -0.000815   -0.000221    0.000363    0.000936    0.001494    0.002035
     0.002556    0.003056    0.003532    0.003984    0.004410    0.004810    0.005182    0.005526
     0.005845    0.006137    0.006402    0.006642    0.006858    0.007052    0.007224    0.007376
     0.007510    0.007626    0.007727    0.007814    0.007888    0.007950    0.008002    0.008046
     0.008081    0.008110    0.008132    0.008150    0.008162    0.008171    0.008176    0.008178
     0.008176    0.008165    0.007891    0.007891    0.007891    0.007891    0.007891    0.007891
     0.007891    0.007891    0.007891    0.007891
  1.000000
    -0.018338   -0.019084   -0.020641   -0.022117   -0.022919   -0.022826   -0.021938   -0.020561
    -0.019057   -0.017723   -0.016720   -0.016066   -0.015665   -0.015352   -0.015579   -0.015480
    -0.015320   -0.015123   -0.014895   -0.014642   -0.014363   -0.014054   -0.013720   -0.013369
    -0.013013   -0.012646   -0.012269   -0.011870   -0.011460   -0.011035   -0.010593   -0.010134
    -0.009660   -0.009170   -0.008656   -0.008130   -0.007588   -0.007035   -0.006469   -0.005890
    -0.005306   -0.004717   -0.004121   -0.003526   -0.002933   -0.002344   -0.001759   -0.001183
    -0.000619   -0.000065    0.000473    0.000995    0.001499    0.001986    0.002451    0.002896
     0.003320    0.003720    0.004099    0.004455    0.004787    0.005096    0.005384    0.005648
     0.005891    0.006113    0.006315    0.006497    0.006661    0.006807    0.006937    0.007051
     0.007152    0.007240    0.007317    0.007383    0.007439    0.007488    0.007528    0.007561
     0.007588    0.007614    0.007891    0.007891    0.007891    0.007891    0.007891    0.007891
     0.007891    0.007891    0.007891    0.007891
  1.000000  0.000000
     0.190000    0.190000    0.190000    0.190000    0.190000    0.190000    0.190000    0.190000
     0.190000    0.190000    0.190000    0.190000    0.190000    0.190000    0.190000    0.190000
     0.190000    0.190000    0.190000    0.190000    0.190000    0.190000    0.190000    0.190000
     0.190000    0.190000    0.190000    0.190000    0.190000    0.190000    0.190000    0.190000
     0.190000    0.190000    0.190000    0.190000    0.190000    0.190000    0.190000    0.190000
     0.190000    0.190000    0.190000    0.190000    0.190000    0.190000    0.190000    0.190000
     0.190000    0.190000    0.190000    0.190000    0.190000    0.190000    0.190000    0.190000
     0.190000    0.190000    0.190000    0.190000    0.190000    0.190000    0.190000    0.190000
     0.190000    0.190000    0.190000    0.190000    0.190000    0.190000    0.190000    0.190000
     0.190000    0.190000    0.190000    0.190000    0.190000    0.190000    0.190000    0.190000
     0.190000    0.190000    0.190000    0.190000    0.190000    0.190000    0.190000    0.190000
     0.190000    0.190000    0.190000    0.190000
 ***************************************************************
  ROW NUMBER           4  SECTION NUMBER            2
           0           0           0  IF_DESIGN etc 
   1.00000   0.00000    0
     0.417900    0.423869    0.429590    0.434915    0.439717    0.443902    0.447409    0.450218
     0.452350    0.453864    0.454855    0.455450    0.455798    0.456062    0.456325    0.456603
     0.456893    0.457193    0.457502    0.457821    0.458150    0.458490    0.458843    0.459210
     0.459593    0.459995    0.460418    0.460865    0.461339    0.461843    0.462379    0.462949
     0.463557    0.464205    0.464894    0.465627    0.466405    0.467230    0.468103    0.469023
     0.469993    0.471011    0.472078    0.473192    0.474352    0.475558    0.476806    0.478096
     0.479423    0.480787    0.482182    0.483606    0.485054    0.486524    0.488009    0.489507
     0.491012    0.492520    0.494025    0.495524    0.497011    0.498482    0.499931    0.501356
     0.502751    0.504113    0.505439    0.506726    0.507972    0.509174    0.510333    0.511448
     0.512519    0.513549    0.514541    0.515498    0.516426    0.517331    0.518223    0.519111
     0.520005    0.520921    0.521657    0.520921    0.520164    0.519345    0.518432    0.517404
     0.516252    0.514985    0.513623    0.512200
  1.000000  0.000000
    -0.018338   -0.019017   -0.020422   -0.021726   -0.022385   -0.022200   -0.021276   -0.019906
    -0.018432   -0.017135   -0.016165   -0.015534   -0.015149   -0.014848   -0.014058   -0.013549
    -0.013104   -0.012697   -0.012321   -0.011960   -0.011591   -0.011219   -0.010842   -0.010455
    -0.010062   -0.009658   -0.009242   -0.008812   -0.008371   -0.007913   -0.007440   -0.006951
    -0.006445   -0.005924   -0.005389   -0.004839   -0.004279   -0.003710   -0.003131   -0.002549
    -0.001962   -0.001378   -0.000795   -0.000219    0.000348    0.000904    0.001445    0.001970
     0.002476    0.002961    0.003423    0.003861    0.004275    0.004663    0.005023    0.005357
     0.005666    0.005949    0.006205    0.006438    0.006647    0.006835    0.007001    0.007148
     0.007276    0.007389    0.007486    0.007569    0.007640    0.007700    0.007750    0.007791
     0.007825    0.007853    0.007874    0.007890    0.007902    0.007911    0.007915    0.007916
     0.007915    0.007903    0.007632    0.007632    0.007632    0.007632    0.007632    0.007632
     0.007632    0.007632    0.007632    0.007632
  1.000000
    -0.018338   -0.019017   -0.020422   -0.021726   -0.022385   -0.022200   -0.021276   -0.019906
    -0.018432   -0.017135   -0.016165   -0.015534   -0.015149   -0.014848   -0.015078   -0.014988
    -0.014837   -0.014650   -0.014434   -0.014192   -0.013925   -0.013629   -0.013308   -0.012972
    -0.012629   -0.012278   -0.011915   -0.011532   -0.011138   -0.010730   -0.010305   -0.009864
    -0.009407   -0.008935   -0.008440   -0.007932   -0.007410   -0.006876   -0.006330   -0.005771
    -0.005206   -0.004637   -0.004060   -0.003484   -0.002909   -0.002339   -0.001772   -0.001214
    -0.000666   -0.000128    0.000394    0.000901    0.001392    0.001865    0.002318    0.002751
     0.003163    0.003554    0.003922    0.004269    0.004593    0.004895    0.005176    0.005434
     0.005671    0.005888    0.006085    0.006263    0.006423    0.006566    0.006693    0.006805
     0.006904    0.006990    0.007065    0.007130    0.007185    0.007232    0.007272    0.007305
     0.007331    0.007357    0.007632    0.007632    0.007632    0.007632    0.007632    0.007632
     0.007632    0.007632    0.007632    0.007632
  1.000000  0.000000
     0.196365    0.196365    0.196365    0.196365    0.196365    0.196365    0.196365    0.196365
     0.196365    0.196365    0.196365    0.196365    0.196365    0.196365    0.196365    0.196365
     0.196365    0.196365    0.196365    0.196365    0.196365    0.196365    0.196365    0.196365
     0.196365    0.196365    0.196365    0.196365    0.196365    0.196365    0.196365    0.196365
     0.196365    0.196365    0.196365    0.196365    0.196365    0.196365    0.196365    0.196365
     0.196365    0.196365    0.196365    0.196365    0.196365    0.196365    0.196365    0.196365
     0.196365    0.196365    0.196365    0.196365    0.196365    0.196365    0.196365    0.196365
     0.196365    0.196365    0.196365    0.196365    0.196365    0.196365    0.196365    0.196365
     0.196365    0.196365    0.196365    0.196365    0.196365    0.196365    0.196365    0.196365
     0.196365    0.196365    0.196365    0.196365    0.196365    0.196365    0.196365    0.196365
     0.196365    0.196365    0.196365    0.196365    0.196365    0.196365    0.196365    0.196365
     0.196365    0.196365    0.196365    0.196365
 ***************************************************************
  ROW NUMBER           4  SECTION NUMBER            3
           0           0           0  IF_DESIGN etc 
   1.00000   0.00000    0
     0.417900    0.423881    0.429613    0.434948    0.439760    0.443952    0.447466    0.450279
     0.452414    0.453929    0.454921    0.455516    0.455862    0.456125    0.456387    0.456663
     0.456952    0.457250    0.457558    0.457876    0.458203    0.458541    0.458892    0.459257
     0.459638    0.460038    0.460459    0.460904    0.461375    0.461876    0.462409    0.462977
     0.463582    0.464226    0.464912    0.465641    0.466415    0.467236    0.468104    0.469020
     0.469984    0.470997    0.472058    0.473167    0.474321    0.475521    0.476763    0.478046
     0.479366    0.480723    0.482111    0.483527    0.484968    0.486430    0.487908    0.489398
     0.490895    0.492395    0.493893    0.495384    0.496864    0.498327    0.499769    0.501186
     0.502574    0.503929    0.505249    0.506529    0.507768    0.508964    0.510117    0.511226
     0.512292    0.513316    0.514303    0.515255    0.516178    0.517079    0.517966    0.518849
     0.519740    0.520651    0.521383    0.520651    0.519899    0.519091    0.518197    0.517197
     0.516084    0.514866    0.513561    0.512200
  1.000000  0.000000
    -0.018338   -0.018948   -0.020196   -0.021322   -0.021832   -0.021553   -0.020591   -0.019228
    -0.017787   -0.016529   -0.015592   -0.014986   -0.014617   -0.014330   -0.013568   -0.013078
    -0.012648   -0.012257   -0.011895   -0.011548   -0.011195   -0.010837   -0.010474   -0.010102
    -0.009724   -0.009336   -0.008935   -0.008522   -0.008096   -0.007655   -0.007199   -0.006727
    -0.006239   -0.005737   -0.005219   -0.004688   -0.004147   -0.003597   -0.003037   -0.002474
    -0.001907   -0.001341   -0.000777   -0.000219    0.000330    0.000869    0.001393    0.001902
     0.002392    0.002861    0.003309    0.003734    0.004134    0.004510    0.004859    0.005182
     0.005480    0.005754    0.006002    0.006226    0.006429    0.006609    0.006770    0.006911
     0.007035    0.007143    0.007236    0.007316    0.007384    0.007441    0.007489    0.007529
     0.007561    0.007587    0.007607    0.007623    0.007634    0.007641    0.007645    0.007646
     0.007644    0.007632    0.007364    0.007364    0.007364    0.007364    0.007364    0.007364
     0.007364    0.007364    0.007364    0.007364
  1.000000
    -0.018338   -0.018948   -0.020196   -0.021322   -0.021832   -0.021553   -0.020591   -0.019228
    -0.017787   -0.016529   -0.015592   -0.014986   -0.014617   -0.014330   -0.014561   -0.014479
    -0.014338   -0.014161   -0.013957   -0.013728   -0.013473   -0.013190   -0.012883   -0.012562
    -0.012234   -0.011898   -0.011551   -0.011185   -0.010807   -0.010416   -0.010009   -0.009585
    -0.009147   -0.008693   -0.008218   -0.007730   -0.007227   -0.006714   -0.006188   -0.005649
    -0.005104   -0.004555   -0.003999   -0.003442   -0.002887   -0.002335   -0.001787   -0.001246
    -0.000715   -0.000195    0.000311    0.000803    0.001280    0.001739    0.002179    0.002600
     0.003001    0.003380    0.003739    0.004077    0.004393    0.004687    0.004960    0.005212
     0.005443    0.005655    0.005847    0.006021    0.006177    0.006317    0.006441    0.006551
     0.006647    0.006731    0.006805    0.006868    0.006922    0.006969    0.007007    0.007040
     0.007065    0.007091    0.007364    0.007364    0.007364    0.007364    0.007364    0.007364
     0.007364    0.007364    0.007364    0.007364
  1.000000  0.000000
     0.202730    0.202730    0.202730    0.202730    0.202730    0.202730    0.202730    0.202730
     0.202730    0.202730    0.202730    0.202730    0.202730    0.202730    0.202730    0.202730
     0.202730    0.202730    0.202730    0.202730    0.202730    0.202730    0.202730    0.202730
     0.202730    0.202730    0.202730    0.202730    0.202730    0.202730    0.202730    0.202730
     0.202730    0.202730    0.202730    0.202730    0.202730    0.202730    0.202730    0.202730
     0.202730    0.202730    0.202730    0.202730    0.202730    0.202730    0.202730    0.202730
     0.202730    0.202730    0.202730    0.202730    0.202730    0.202730    0.202730    0.202730
     0.202730    0.202730    0.202730    0.202730    0.202730    0.202730    0.202730    0.202730
     0.202730    0.202730    0.202730    0.202730    0.202730    0.202730    0.202730    0.202730
     0.202730    0.202730    0.202730    0.202730    0.202730    0.202730    0.202730    0.202730
     0.202730    0.202730    0.202730    0.202730    0.202730    0.202730    0.202730    0.202730
     0.202730    0.202730    0.202730    0.202730
 ***************************************************************
  ROW NUMBER           4  SECTION NUMBER            4
           0           0           0  IF_DESIGN etc 
   1.00000   0.00000    0
     0.417900    0.423904    0.429659    0.435015    0.439845    0.444053    0.447579    0.450402
     0.452542    0.454061    0.455054    0.455647    0.455991    0.456251    0.456511    0.456784
     0.457070    0.457365    0.457670    0.457984    0.458308    0.458643    0.458990    0.459351
     0.459729    0.460125    0.460541    0.460982    0.461449    0.461945    0.462472    0.463034
     0.463633    0.464271    0.464950    0.465672    0.466438    0.467250    0.468110    0.469016
     0.469971    0.470974    0.472024    0.473122    0.474265    0.475452    0.476681    0.477951
     0.479259    0.480601    0.481976    0.483378    0.484805    0.486252    0.487715    0.489190
     0.490672    0.492157    0.493640    0.495116    0.496580    0.498029    0.499456    0.500859
     0.502233    0.503575    0.504881    0.506148    0.507375    0.508559    0.509700    0.510798
     0.511853    0.512868    0.513844    0.514787    0.515701    0.516593    0.517471    0.518345
     0.519226    0.520128    0.520853    0.520128    0.519388    0.518600    0.517743    0.516798
     0.515760    0.514636    0.513441    0.512200
  1.000000  0.000000
    -0.018338   -0.018816   -0.019762   -0.020547   -0.020771   -0.020309   -0.019276   -0.017926
    -0.016545   -0.015361   -0.014489   -0.013929   -0.013590   -0.013329   -0.012626   -0.012172
    -0.011771   -0.011408   -0.011074   -0.010755   -0.010429   -0.010100   -0.009765   -0.009421
    -0.009072   -0.008713   -0.008342   -0.007959   -0.007564   -0.007155   -0.006731   -0.006293
    -0.005839   -0.005371   -0.004889   -0.004394   -0.003889   -0.003375   -0.002852   -0.002326
    -0.001795   -0.001265   -0.000737   -0.000214    0.000300    0.000805    0.001297    0.001773
     0.002233    0.002673    0.003093    0.003491    0.003866    0.004218    0.004544    0.004847
     0.005125    0.005381    0.005612    0.005821    0.006009    0.006177    0.006326    0.006457
     0.006571    0.006671    0.006757    0.006830    0.006892    0.006945    0.006988    0.007024
     0.007053    0.007076    0.007094    0.007108    0.007117    0.007124    0.007127    0.007127
     0.007124    0.007113    0.006848    0.006848    0.006848    0.006848    0.006848    0.006848
     0.006848    0.006848    0.006848    0.006848
  1.000000
    -0.018338   -0.018816   -0.019762   -0.020547   -0.020771   -0.020309   -0.019276   -0.017926
    -0.016545   -0.015361   -0.014489   -0.013929   -0.013590   -0.013329   -0.013567   -0.013502
    -0.013378   -0.013222   -0.013040   -0.012834   -0.012603   -0.012344   -0.012064   -0.011771
    -0.011473   -0.011166   -0.010848   -0.010513   -0.010168   -0.009809   -0.009436   -0.009047
    -0.008644   -0.008226   -0.007788   -0.007338   -0.006873   -0.006399   -0.005910   -0.005411
    -0.004905   -0.004395   -0.003877   -0.003358   -0.002840   -0.002325   -0.001812   -0.001306
    -0.000808   -0.000320    0.000155    0.000618    0.001066    0.001499    0.001914    0.002311
     0.002690    0.003049    0.003389    0.003709    0.004008    0.004287    0.004547    0.004786
     0.005006    0.005207    0.005391    0.005556    0.005705    0.005838    0.005957    0.006062
     0.006154    0.006234    0.006305    0.006366    0.006417    0.006462    0.006499    0.006530
     0.006555    0.006580    0.006848    0.006848    0.006848    0.006848    0.006848    0.006848
     0.006848    0.006848    0.006848    0.006848
  1.000000  0.000000
     0.215460    0.215460    0.215460    0.215460    0.215460    0.215460    0.215460    0.215460
     0.215460    0.215460    0.215460    0.215460    0.215460    0.215460    0.215460    0.215460
     0.215460    0.215460    0.215460    0.215460    0.215460    0.215460    0.215460    0.215460
     0.215460    0.215460    0.215460    0.215460    0.215460    0.215460    0.215460    0.215460
     0.215460    0.215460    0.215460    0.215460    0.215460    0.215460    0.215460    0.215460
     0.215460    0.215460    0.215460    0.215460    0.215460    0.215460    0.215460    0.215460
     0.215460    0.215460    0.215460    0.215460    0.215460    0.215460    0.215460    0.215460
     0.215460    0.215460    0.215460    0.215460    0.215460    0.215460    0.215460    0.215460
     0.215460    0.215460    0.215460    0.215460    0.215460    0.215460    0.215460    0.215460
     0.215460    0.215460    0.215460    0.215460    0.215460    0.215460    0.215460    0.215460
     0.215460    0.215460    0.215460    0.215460    0.215460    0.215460    0.215460    0.215460
     0.215460    0.215460    0.215460    0.215460
 ***************************************************************
  ROW NUMBER           4  SECTION NUMBER            5
           0           0           0  IF_DESIGN etc 
   1.00000   0.00000    0
     0.417900    0.423951    0.429750    0.435147    0.440013    0.444252    0.447802    0.450643
     0.452796    0.454321    0.455316    0.455908    0.456248    0.456503    0.456758    0.457027
     0.457307    0.457597    0.457897    0.458206    0.458524    0.458853    0.459194    0.459549
     0.459919    0.460308    0.460718    0.461150    0.461609    0.462096    0.462614    0.463167
     0.463755    0.464381    0.465048    0.465757    0.466510    0.467308    0.468152    0.469043
     0.469981    0.470966    0.471998    0.473075    0.474198    0.475364    0.476572    0.477820
     0.479104    0.480423    0.481773    0.483150    0.484552    0.485973    0.487411    0.488860
     0.490316    0.491774    0.493231    0.494681    0.496119    0.497542    0.498945    0.500323
     0.501673    0.502991    0.504273    0.505518    0.506723    0.507887    0.509008    0.510086
     0.511123    0.512119    0.513078    0.514004    0.514902    0.515778    0.516641    0.517499
     0.518365    0.519251    0.519963    0.519251    0.518529    0.517778    0.516981    0.516129
     0.515218    0.514252    0.513241    0.512200
  1.000000  0.000000
    -0.018338   -0.018605   -0.019067   -0.019303   -0.019066   -0.018308   -0.017154   -0.015818
    -0.014529   -0.013459   -0.012686   -0.012197   -0.011906   -0.011683   -0.011079   -0.010680
    -0.010327   -0.010007   -0.009716   -0.009438   -0.009155   -0.008870   -0.008579   -0.008280
    -0.007977   -0.007663   -0.007339   -0.007005   -0.006660   -0.006301   -0.005930   -0.005544
    -0.005146   -0.004734   -0.004310   -0.003873   -0.003427   -0.002973   -0.002511   -0.002044
    -0.001574   -0.001104   -0.000635   -0.000172    0.000285    0.000733    0.001170    0.001593
     0.002001    0.002392    0.002764    0.003117    0.003449    0.003760    0.004048    0.004315
     0.004561    0.004785    0.004987    0.005170    0.005334    0.005480    0.005609    0.005722
     0.005820    0.005905    0.005978    0.006041    0.006093    0.006136    0.006172    0.006202
     0.006225    0.006244    0.006258    0.006268    0.006275    0.006279    0.006281    0.006280
     0.006276    0.006264    0.006007    0.006007    0.006007    0.006007    0.006007    0.006007
     0.006007    0.006007    0.006007    0.006007
  1.000000
    -0.018338   -0.018605   -0.019067   -0.019303   -0.019066   -0.018308   -0.017154   -0.015818
    -0.014529   -0.013459   -0.012686   -0.012197   -0.011906   -0.011683   -0.011945   -0.011903
    -0.011808   -0.011683   -0.011536   -0.011365   -0.011171   -0.010951   -0.010712   -0.010464
    -0.010210   -0.009950   -0.009678   -0.009391   -0.009097   -0.008790   -0.008470   -0.008136
    -0.007790   -0.007428   -0.007051   -0.006661   -0.006259   -0.005847   -0.005421   -0.004987
    -0.004545   -0.004099   -0.003644   -0.003188   -0.002731   -0.002276   -0.001823   -0.001375
    -0.000933   -0.000499   -0.000075    0.000338    0.000739    0.001127    0.001499    0.001857
     0.002198    0.002522    0.002829    0.003119    0.003390    0.003644    0.003880    0.004098
     0.004298    0.004482    0.004650    0.004801    0.004938    0.005060    0.005169    0.005265
     0.005351    0.005425    0.005489    0.005546    0.005594    0.005635    0.005670    0.005699
     0.005722    0.005746    0.006007    0.006007    0.006007    0.006007    0.006007    0.006007
     0.006007    0.006007    0.006007    0.006007
  1.000000  0.000000
     0.240920    0.240920    0.240920    0.240920    0.240920    0.240920    0.240920    0.240920
     0.240920    0.240920    0.240920    0.240920    0.240920    0.240920    0.240920    0.240920
     0.240920    0.240920    0.240920    0.240920    0.240920    0.240920    0.240920    0.240920
     0.240920    0.240920    0.240920    0.240920    0.240920    0.240920    0.240920    0.240920
     0.240920    0.240920    0.240920    0.240920    0.240920    0.240920    0.240920    0.240920
     0.240920    0.240920    0.240920    0.240920    0.240920    0.240920    0.240920    0.240920
     0.240920    0.240920    0.240920    0.240920    0.240920    0.240920    0.240920    0.240920
     0.240920    0.240920    0.240920    0.240920    0.240920    0.240920    0.240920    0.240920
     0.240920    0.240920    0.240920    0.240920    0.240920    0.240920    0.240920    0.240920
     0.240920    0.240920    0.240920    0.240920    0.240920    0.240920    0.240920    0.240920
     0.240920    0.240920    0.240920    0.240920    0.240920    0.240920    0.240920    0.240920
     0.240920    0.240920    0.240920    0.240920
 ***************************************************************
  ROW NUMBER           4  SECTION NUMBER            6
           0           0           0  IF_DESIGN etc 
   1.00000   0.00000    0
     0.417900    0.423974    0.429795    0.435212    0.440096    0.444349    0.447911    0.450762
     0.452921    0.454449    0.455445    0.456036    0.456375    0.456628    0.456881    0.457148
     0.457426    0.457714    0.458011    0.458317    0.458633    0.458960    0.459298    0.459650
     0.460018    0.460403    0.460810    0.461239    0.461694    0.462177    0.462692    0.463239
     0.463823    0.464444    0.465106    0.465809    0.466556    0.467348    0.468186    0.469069
     0.470000    0.470977    0.472001    0.473070    0.474184    0.475341    0.476540    0.477778
     0.479052    0.480360    0.481700    0.483066    0.484457    0.485867    0.487293    0.488731
     0.490175    0.491623    0.493068    0.494506    0.495933    0.497345    0.498736    0.500104
     0.501443    0.502751    0.504023    0.505259    0.506454    0.507608    0.508720    0.509790
     0.510819    0.511807    0.512759    0.513678    0.514568    0.515438    0.516294    0.517145
     0.518005    0.518884    0.519590    0.518884    0.518170    0.517433    0.516662    0.515849
     0.514991    0.514091    0.513157    0.512200
  1.000000  0.000000
    -0.018338   -0.018522   -0.018796   -0.018818   -0.018400   -0.017526   -0.016323   -0.014991
    -0.013737   -0.012709   -0.011974   -0.011512   -0.011238   -0.011030   -0.010452   -0.010072
    -0.009738   -0.009435   -0.009159   -0.008897   -0.008630   -0.008362   -0.008088   -0.007806
    -0.007520   -0.007225   -0.006919   -0.006604   -0.006278   -0.005940   -0.005589   -0.005224
    -0.004848   -0.004458   -0.004057   -0.003644   -0.003222   -0.002792   -0.002354   -0.001912
    -0.001467   -0.001022   -0.000578   -0.000139    0.000294    0.000719    0.001133    0.001534
     0.001921    0.002291    0.002643    0.002976    0.003290    0.003584    0.003857    0.004108
     0.004339    0.004550    0.004741    0.004913    0.005066    0.005203    0.005323    0.005428
     0.005520    0.005599    0.005666    0.005724    0.005772    0.005812    0.005845    0.005871
     0.005892    0.005909    0.005921    0.005930    0.005936    0.005939    0.005940    0.005938
     0.005935    0.005922    0.005667    0.005667    0.005667    0.005667    0.005667    0.005667
     0.005667    0.005667    0.005667    0.005667
  1.000000
    -0.018338   -0.018522   -0.018796   -0.018818   -0.018400   -0.017526   -0.016323   -0.014991
    -0.013737   -0.012709   -0.011974   -0.011512   -0.011238   -0.011030   -0.011290   -0.011257
    -0.011173   -0.011060   -0.010925   -0.010768   -0.010589   -0.010383   -0.010160   -0.009929
    -0.009691   -0.009449   -0.009195   -0.008927   -0.008653   -0.008366   -0.008067   -0.007754
    -0.007430   -0.007091   -0.006737   -0.006372   -0.005995   -0.005608   -0.005207   -0.004799
    -0.004383   -0.003963   -0.003534   -0.003104   -0.002672   -0.002242   -0.001814   -0.001389
    -0.000970   -0.000559   -0.000157    0.000236    0.000617    0.000985    0.001340    0.001681
     0.002006    0.002316    0.002609    0.002886    0.003145    0.003388    0.003614    0.003823
     0.004016    0.004192    0.004353    0.004499    0.004630    0.004748    0.004852    0.004945
     0.005027    0.005099    0.005161    0.005216    0.005262    0.005302    0.005336    0.005364
     0.005386    0.005410    0.005667    0.005667    0.005667    0.005667    0.005667    0.005667
     0.005667    0.005667    0.005667    0.005667
  1.000000  0.000000
     0.253650    0.253650    0.253650    0.253650    0.253650    0.253650    0.253650    0.253650
     0.253650    0.253650    0.253650    0.253650    0.253650    0.253650    0.253650    0.253650
     0.253650    0.253650    0.253650    0.253650    0.253650    0.253650    0.253650    0.253650
     0.253650    0.253650    0.253650    0.253650    0.253650    0.253650    0.253650    0.253650
     0.253650    0.253650    0.253650    0.253650    0.253650    0.253650    0.253650    0.253650
     0.253650    0.253650    0.253650    0.253650    0.253650    0.253650    0.253650    0.253650
     0.253650    0.253650    0.253650    0.253650    0.253650    0.253650    0.253650    0.253650
     0.253650    0.253650    0.253650    0.253650    0.253650    0.253650    0.253650    0.253650
     0.253650    0.253650    0.253650    0.253650    0.253650    0.253650    0.253650    0.253650
     0.253650    0.253650    0.253650    0.253650    0.253650    0.253650    0.253650    0.253650
     0.253650    0.253650    0.253650    0.253650    0.253650    0.253650    0.253650    0.253650
     0.253650    0.253650    0.253650    0.253650
 ***************************************************************
  ROW NUMBER           4  SECTION NUMBER            7
           0           0           0  IF_DESIGN etc 
   1.00000   0.00000    0
     0.417900    0.423996    0.429839    0.435276    0.440177    0.444446    0.448020    0.450879
     0.453044    0.454576    0.455573    0.456164    0.456501    0.456753    0.457004    0.457268
     0.457544    0.457830    0.458125    0.458429    0.458743    0.459066    0.459402    0.459752
     0.460117    0.460499    0.460903    0.461329    0.461780    0.462260    0.462771    0.463314
     0.463893    0.464510    0.465167    0.465865    0.466606    0.467392    0.468223    0.469101
     0.470024    0.470994    0.472010    0.473071    0.474177    0.475325    0.476515    0.477743
     0.479008    0.480307    0.481636    0.482992    0.484372    0.485772    0.487187    0.488614
     0.490048    0.491484    0.492919    0.494346    0.495763    0.497164    0.498545    0.499902
     0.501231    0.502529    0.503792    0.505018    0.506205    0.507350    0.508454    0.509516
     0.510536    0.511518    0.512462    0.513374    0.514258    0.515121    0.515970    0.516816
     0.517668    0.518541    0.519242    0.518541    0.517834    0.517112    0.516365    0.515588
     0.514780    0.513941    0.513079    0.512200
  1.000000  0.000000
    -0.018338   -0.018449   -0.018555   -0.018386   -0.017807   -0.016830   -0.015584   -0.014257
    -0.013033   -0.012043   -0.011342   -0.010904   -0.010646   -0.010451   -0.009880   -0.009519
    -0.009200   -0.008912   -0.008650   -0.008401   -0.008150   -0.007897   -0.007637   -0.007372
    -0.007101   -0.006822   -0.006532   -0.006235   -0.005926   -0.005606   -0.005273   -0.004928
    -0.004571   -0.004202   -0.003822   -0.003431   -0.003030   -0.002622   -0.002207   -0.001787
    -0.001365   -0.000942   -0.000520   -0.000103    0.000308    0.000711    0.001104    0.001484
     0.001851    0.002202    0.002536    0.002852    0.003149    0.003427    0.003684    0.003922
     0.004140    0.004339    0.004518    0.004680    0.004824    0.004952    0.005064    0.005162
     0.005248    0.005321    0.005383    0.005436    0.005480    0.005517    0.005547    0.005571
     0.005590    0.005604    0.005615    0.005623    0.005627    0.005630    0.005630    0.005628
     0.005624    0.005612    0.005359    0.005359    0.005359    0.005359    0.005359    0.005359
     0.005359    0.005359    0.005359    0.005359
  1.000000
    -0.018338   -0.018449   -0.018555   -0.018386   -0.017807   -0.016830   -0.015584   -0.014257
    -0.013033   -0.012043   -0.011342   -0.010904   -0.010646   -0.010451   -0.010695   -0.010669
    -0.010595   -0.010493   -0.010369   -0.010224   -0.010057   -0.009864   -0.009655   -0.009440
    -0.009217   -0.008990   -0.008753   -0.008503   -0.008245   -0.007977   -0.007696   -0.007403
    -0.007099   -0.006781   -0.006448   -0.006104   -0.005750   -0.005385   -0.005008   -0.004623
    -0.004230   -0.003833   -0.003429   -0.003022   -0.002614   -0.002207   -0.001801   -0.001398
    -0.001001   -0.000610   -0.000228    0.000146    0.000509    0.000860    0.001198    0.001523
     0.001834    0.002130    0.002411    0.002676    0.002924    0.003157    0.003374    0.003575
     0.003760    0.003929    0.004084    0.004224    0.004351    0.004464    0.004565    0.004655
     0.004734    0.004803    0.004863    0.004916    0.004961    0.005000    0.005032    0.005059
     0.005081    0.005104    0.005359    0.005359    0.005359    0.005359    0.005359    0.005359
     0.005359    0.005359    0.005359    0.005359
  1.000000  0.000000
     0.266380    0.266380    0.266380    0.266380    0.266380    0.266380    0.266380    0.266380
     0.266380    0.266380    0.266380    0.266380    0.266380    0.266380    0.266380    0.266380
     0.266380    0.266380    0.266380    0.266380    0.266380    0.266380    0.266380    0.266380
     0.266380    0.266380    0.266380    0.266380    0.266380    0.266380    0.266380    0.266380
     0.266380    0.266380    0.266380    0.266380    0.266380    0.266380    0.266380    0.266380
     0.266380    0.266380    0.266380    0.266380    0.266380    0.266380    0.266380    0.266380
     0.266380    0.266380    0.266380    0.266380    0.266380    0.266380    0.266380    0.266380
     0.266380    0.266380    0.266380    0.266380    0.266380    0.266380    0.266380    0.266380
     0.266380    0.266380    0.266380    0.266380    0.266380    0.266380    0.266380    0.266380
     0.266380    0.266380    0.266380    0.266380    0.266380    0.266380    0.266380    0.266380
     0.266380    0.266380    0.266380    0.266380    0.266380    0.266380    0.266380    0.266380
     0.266380    0.266380    0.266380    0.266380
 ***************************************************************
  ROW NUMBER           4  SECTION NUMBER            8
           0           0           0  IF_DESIGN etc 
   1.00000   0.00000    0
     0.417900    0.424041    0.429926    0.435402    0.440338    0.444636    0.448234    0.451112
     0.453289    0.454828    0.455828    0.456418    0.456752    0.457000    0.457247    0.457508
     0.457780    0.458062    0.458353    0.458652    0.458961    0.459280    0.459611    0.459956
     0.460315    0.460693    0.461090    0.461510    0.461956    0.462428    0.462932    0.463467
     0.464038    0.464646    0.465293    0.465982    0.466713    0.467487    0.468306    0.469171
     0.470081    0.471037    0.472039    0.473085    0.474175    0.475307    0.476479    0.477690
     0.478937    0.480217    0.481527    0.482864    0.484224    0.485604    0.486999    0.488406
     0.489819    0.491235    0.492648    0.494056    0.495452    0.496833    0.498194    0.499532
     0.500842    0.502121    0.503366    0.504575    0.505744    0.506873    0.507961    0.509008
     0.510014    0.510981    0.511912    0.512811    0.513683    0.514533    0.515370    0.516204
     0.517044    0.517904    0.518595    0.517904    0.517212    0.516516    0.515814    0.515104
     0.514387    0.513663    0.512934    0.512200
  1.000000  0.000000
    -0.018338   -0.018319   -0.018128   -0.017622   -0.016760   -0.015601   -0.014280   -0.012962
    -0.011793   -0.010873   -0.010231   -0.009835   -0.009606   -0.009433   -0.008859   -0.008529
    -0.008239   -0.007977   -0.007740   -0.007516   -0.007290   -0.007064   -0.006831   -0.006593
    -0.006350   -0.006099   -0.005840   -0.005572   -0.005295   -0.005006   -0.004707   -0.004396
    -0.004074   -0.003742   -0.003398   -0.003045   -0.002683   -0.002314   -0.001939   -0.001560
    -0.001178   -0.000796   -0.000414   -0.000037    0.000335    0.000700    0.001055    0.001399
     0.001730    0.002046    0.002347    0.002632    0.002899    0.003148    0.003379    0.003592
     0.003786    0.003963    0.004123    0.004265    0.004392    0.004505    0.004603    0.004689
     0.004762    0.004825    0.004879    0.004924    0.004961    0.004991    0.005016    0.005035
     0.005050    0.005061    0.005069    0.005075    0.005078    0.005078    0.005077    0.005075
     0.005070    0.005058    0.004810    0.004810    0.004810    0.004810    0.004810    0.004810
     0.004810    0.004810    0.004810    0.004810
  1.000000
    -0.018338   -0.018319   -0.018128   -0.017622   -0.016760   -0.015601   -0.014280   -0.012962
    -0.011793   -0.010873   -0.010231   -0.009835   -0.009606   -0.009433   -0.009631   -0.009619
    -0.009563   -0.009480   -0.009375   -0.009251   -0.009106   -0.008937   -0.008754   -0.008565
    -0.008370   -0.008169   -0.007961   -0.007745   -0.007516   -0.007279   -0.007031   -0.006773
    -0.006503   -0.006222   -0.005928   -0.005623   -0.005308   -0.004983   -0.004650   -0.004305
    -0.003954   -0.003598   -0.003238   -0.002872   -0.002506   -0.002141   -0.001773   -0.001410
    -0.001051   -0.000697   -0.000350   -0.000011    0.000319    0.000639    0.000948    0.001245
     0.001530    0.001801    0.002059    0.002303    0.002532    0.002747    0.002947    0.003133
     0.003304    0.003462    0.003605    0.003736    0.003854    0.003959    0.004053    0.004137
     0.004211    0.004276    0.004332    0.004382    0.004424    0.004461    0.004491    0.004517
     0.004538    0.004560    0.004810    0.004810    0.004810    0.004810    0.004810    0.004810
     0.004810    0.004810    0.004810    0.004810
  1.000000  0.000000
     0.291840    0.291840    0.291840    0.291840    0.291840    0.291840    0.291840    0.291840
     0.291840    0.291840    0.291840    0.291840    0.291840    0.291840    0.291840    0.291840
     0.291840    0.291840    0.291840    0.291840    0.291840    0.291840    0.291840    0.291840
     0.291840    0.291840    0.291840    0.291840    0.291840    0.291840    0.291840    0.291840
     0.291840    0.291840    0.291840    0.291840    0.291840    0.291840    0.291840    0.291840
     0.291840    0.291840    0.291840    0.291840    0.291840    0.291840    0.291840    0.291840
     0.291840    0.291840    0.291840    0.291840    0.291840    0.291840    0.291840    0.291840
     0.291840    0.291840    0.291840    0.291840    0.291840    0.291840    0.291840    0.291840
     0.291840    0.291840    0.291840    0.291840    0.291840    0.291840    0.291840    0.291840
     0.291840    0.291840    0.291840    0.291840    0.291840    0.291840    0.291840    0.291840
     0.291840    0.291840    0.291840    0.291840    0.291840    0.291840    0.291840    0.291840
     0.291840    0.291840    0.291840    0.291840
 ***************************************************************
  ROW NUMBER           4  SECTION NUMBER            9
           0           0           0  IF_DESIGN etc 
   1.00000   0.00000    0
     0.417900    0.424063    0.429969    0.435465    0.440418    0.444731    0.448341    0.451227
     0.453411    0.454953    0.455954    0.456544    0.456877    0.457123    0.457369    0.457628
     0.457898    0.458178    0.458467    0.458764    0.459071    0.459388    0.459717    0.460059
     0.460416    0.460791    0.461186    0.461603    0.462045    0.462515    0.463015    0.463547
     0.464114    0.464718    0.465361    0.466044    0.466770    0.467539    0.468353    0.469212
     0.470116    0.471066    0.472060    0.473099    0.474182    0.475306    0.476471    0.477673
     0.478912    0.480183    0.481484    0.482812    0.484163    0.485534    0.486919    0.488316
     0.489720    0.491126    0.492530    0.493928    0.495315    0.496687    0.498039    0.499367
     0.500669    0.501939    0.503176    0.504376    0.505538    0.506659    0.507740    0.508780
     0.509779    0.510740    0.511664    0.512557    0.513422    0.514267    0.515099    0.515927
     0.516761    0.517616    0.518302    0.517616    0.516930    0.516246    0.515564    0.514885
     0.514210    0.513538    0.512868    0.512200
  1.000000  0.000000
    -0.018338   -0.018263   -0.017943   -0.017291   -0.016306   -0.015068   -0.013713   -0.012397
    -0.011251   -0.010359   -0.009743   -0.009365   -0.009147   -0.008983   -0.008422   -0.008105
    -0.007827   -0.007575   -0.007348   -0.007135   -0.006920   -0.006705   -0.006484   -0.006257
    -0.006026   -0.005787   -0.005540   -0.005285   -0.005021   -0.004746   -0.004460   -0.004164
    -0.003857   -0.003540   -0.003213   -0.002876   -0.002530   -0.002178   -0.001821   -0.001458
    -0.001094   -0.000729   -0.000365   -0.000005    0.000350    0.000698    0.001037    0.001365
     0.001681    0.001982    0.002269    0.002540    0.002794    0.003031    0.003250    0.003452
     0.003636    0.003804    0.003954    0.004089    0.004209    0.004315    0.004407    0.004487
     0.004555    0.004614    0.004663    0.004705    0.004739    0.004767    0.004789    0.004806
     0.004820    0.004829    0.004836    0.004841    0.004843    0.004843    0.004841    0.004838
     0.004833    0.004821    0.004575    0.004575    0.004575    0.004575    0.004575    0.004575
     0.004575    0.004575    0.004575    0.004575
  1.000000
    -0.018338   -0.018263   -0.017943   -0.017291   -0.016306   -0.015068   -0.013713   -0.012397
    -0.011251   -0.010359   -0.009743   -0.009365   -0.009147   -0.008983   -0.009176   -0.009170
    -0.009121   -0.009046   -0.008950   -0.008834   -0.008698   -0.008539   -0.008367   -0.008189
    -0.008005   -0.007816   -0.007620   -0.007417   -0.007200   -0.006977   -0.006744   -0.006499
    -0.006244   -0.005980   -0.005701   -0.005413   -0.005115   -0.004807   -0.004491   -0.004164
    -0.003832   -0.003493   -0.003152   -0.002804   -0.002455   -0.002108   -0.001758   -0.001411
    -0.001069   -0.000731   -0.000399   -0.000075    0.000241    0.000548    0.000844    0.001129
     0.001402    0.001663    0.001911    0.002145    0.002366    0.002573    0.002766    0.002945
     0.003111    0.003263    0.003402    0.003528    0.003642    0.003744    0.003835    0.003916
     0.003988    0.004051    0.004106    0.004154    0.004195    0.004230    0.004260    0.004285
     0.004306    0.004327    0.004575    0.004575    0.004575    0.004575    0.004575    0.004575
     0.004575    0.004575    0.004575    0.004575
  1.000000  0.000000
     0.304570    0.304570    0.304570    0.304570    0.304570    0.304570    0.304570    0.304570
     0.304570    0.304570    0.304570    0.304570    0.304570    0.304570    0.304570    0.304570
     0.304570    0.304570    0.304570    0.304570    0.304570    0.304570    0.304570    0.304570
     0.304570    0.304570    0.304570    0.304570    0.304570    0.304570    0.304570    0.304570
     0.304570    0.304570    0.304570    0.304570    0.304570    0.304570    0.304570    0.304570
     0.304570    0.304570    0.304570    0.304570    0.304570    0.304570    0.304570    0.304570
     0.304570    0.304570    0.304570    0.304570    0.304570    0.304570    0.304570    0.304570
     0.304570    0.304570    0.304570    0.304570    0.304570    0.304570    0.304570    0.304570
     0.304570    0.304570    0.304570    0.304570    0.304570    0.304570    0.304570    0.304570
     0.304570    0.304570    0.304570    0.304570    0.304570    0.304570    0.304570    0.304570
     0.304570    0.304570    0.304570    0.304570    0.304570    0.304570    0.304570    0.304570
     0.304570    0.304570    0.304570    0.304570
 ***************************************************************
  ROW NUMBER           4  SECTION NUMBER            10
           0           0           0  IF_DESIGN etc 
   1.00000   0.00000    0
     0.417900    0.424074    0.429991    0.435496    0.440458    0.444778    0.448394    0.451285
     0.453471    0.455016    0.456017    0.456607    0.456939    0.457184    0.457429    0.457688
     0.457957    0.458236    0.458524    0.458820    0.459126    0.459442    0.459770    0.460111
     0.460467    0.460841    0.461234    0.461650    0.462091    0.462559    0.463057    0.463587
     0.464152    0.464754    0.465395    0.466076    0.466800    0.467567    0.468378    0.469234
     0.470135    0.471082    0.472073    0.473109    0.474188    0.475308    0.476469    0.477668
     0.478902    0.480169    0.481466    0.482790    0.484136    0.485502    0.486883    0.488276
     0.489675    0.491076    0.492476    0.493869    0.495251    0.496619    0.497966    0.499290
     0.500587    0.501854    0.503087    0.504283    0.505441    0.506559    0.507636    0.508672
     0.509668    0.510625    0.511547    0.512437    0.513299    0.514141    0.514970    0.515795
     0.516627    0.517479    0.518163    0.517479    0.516796    0.516118    0.515446    0.514782
     0.514126    0.513478    0.512837    0.512200
  1.000000  0.000000
    -0.018338   -0.018237   -0.017857   -0.017138   -0.016095   -0.014820   -0.013449   -0.012133
    -0.010997   -0.010118   -0.009513   -0.009143   -0.008930   -0.008771   -0.008220   -0.007910
    -0.007636   -0.007390   -0.007167   -0.006959   -0.006749   -0.006539   -0.006323   -0.006102
    -0.005876   -0.005642   -0.005400   -0.005152   -0.004893   -0.004624   -0.004345   -0.004056
    -0.003756   -0.003446   -0.003125   -0.002796   -0.002458   -0.002114   -0.001764   -0.001409
    -0.001053   -0.000696   -0.000340    0.000012    0.000359    0.000699    0.001031    0.001351
     0.001660    0.001954    0.002234    0.002499    0.002747    0.002978    0.003192    0.003389
     0.003568    0.003731    0.003878    0.004009    0.004125    0.004228    0.004317    0.004394
     0.004461    0.004517    0.004565    0.004605    0.004637    0.004664    0.004685    0.004701
     0.004714    0.004723    0.004729    0.004733    0.004735    0.004735    0.004733    0.004729
     0.004724    0.004712    0.004467    0.004467    0.004467    0.004467    0.004467    0.004467
     0.004467    0.004467    0.004467    0.004467
  1.000000
    -0.018338   -0.018237   -0.017857   -0.017138   -0.016095   -0.014820   -0.013449   -0.012133
    -0.010997   -0.010118   -0.009513   -0.009143   -0.008930   -0.008771   -0.008967   -0.008964
    -0.008918   -0.008847   -0.008754   -0.008642   -0.008510   -0.008356   -0.008188   -0.008015
    -0.007837   -0.007653   -0.007463   -0.007265   -0.007054   -0.006837   -0.006610   -0.006372
    -0.006124   -0.005867   -0.005596   -0.005314   -0.005024   -0.004724   -0.004417   -0.004098
    -0.003774   -0.003444   -0.003110   -0.002771   -0.002430   -0.002091   -0.001749   -0.001410
    -0.001075   -0.000745   -0.000421   -0.000103    0.000207    0.000507    0.000797    0.001076
     0.001345    0.001600    0.001843    0.002074    0.002290    0.002494    0.002684    0.002860
     0.003022    0.003172    0.003308    0.003432    0.003545    0.003645    0.003735    0.003815
     0.003886    0.003948    0.004002    0.004049    0.004090    0.004125    0.004154    0.004179
     0.004199    0.004221    0.004467    0.004467    0.004467    0.004467    0.004467    0.004467
     0.004467    0.004467    0.004467    0.004467
  1.000000  0.000000
     0.310935    0.310935    0.310935    0.310935    0.310935    0.310935    0.310935    0.310935
     0.310935    0.310935    0.310935    0.310935    0.310935    0.310935    0.310935    0.310935
     0.310935    0.310935    0.310935    0.310935    0.310935    0.310935    0.310935    0.310935
     0.310935    0.310935    0.310935    0.310935    0.310935    0.310935    0.310935    0.310935
     0.310935    0.310935    0.310935    0.310935    0.310935    0.310935    0.310935    0.310935
     0.310935    0.310935    0.310935    0.310935    0.310935    0.310935    0.310935    0.310935
     0.310935    0.310935    0.310935    0.310935    0.310935    0.310935    0.310935    0.310935
     0.310935    0.310935    0.310935    0.310935    0.310935    0.310935    0.310935    0.310935
     0.310935    0.310935    0.310935    0.310935    0.310935    0.310935    0.310935    0.310935
     0.310935    0.310935    0.310935    0.310935    0.310935    0.310935    0.310935    0.310935
     0.310935    0.310935    0.310935    0.310935    0.310935    0.310935    0.310935    0.310935
     0.310935    0.310935    0.310935    0.310935
 ***************************************************************
  ROW NUMBER           4  SECTION NUMBER            11
           0           0           0  IF_DESIGN etc 
   1.00000   0.00000    0
     0.417900    0.424085    0.430013    0.435527    0.440498    0.444825    0.448447    0.451342
     0.453532    0.455078    0.456080    0.456670    0.457002    0.457246    0.457490    0.457748
     0.458016    0.458294    0.458581    0.458877    0.459181    0.459497    0.459823    0.460163
     0.460518    0.460890    0.461283    0.461697    0.462136    0.462603    0.463099    0.463628
     0.464191    0.464791    0.465430    0.466109    0.466830    0.467594    0.468403    0.469256
     0.470154    0.471098    0.472086    0.473118    0.474194    0.475311    0.476468    0.477662
     0.478893    0.480156    0.481449    0.482768    0.484110    0.485472    0.486848    0.488236
     0.489631    0.491028    0.492423    0.493811    0.495189    0.496552    0.497895    0.499215
     0.500508    0.501770    0.502999    0.504191    0.505345    0.506459    0.507533    0.508566
     0.509559    0.510513    0.511432    0.512319    0.513178    0.514018    0.514844    0.515666
     0.516495    0.517344    0.518026    0.517344    0.516665    0.515992    0.515329    0.514680
     0.514043    0.513420    0.512806    0.512200
  1.000000  0.000000
    -0.018338   -0.018211   -0.017774   -0.016988   -0.015889   -0.014577   -0.013190   -0.011874
    -0.010748   -0.009881   -0.009286   -0.008924   -0.008716   -0.008561   -0.008024   -0.007719
    -0.007450   -0.007209   -0.006991   -0.006786   -0.006582   -0.006376   -0.006165   -0.005949
    -0.005728   -0.005500   -0.005264   -0.005021   -0.004768   -0.004505   -0.004232   -0.003949
    -0.003656   -0.003353   -0.003040   -0.002717   -0.002387   -0.002050   -0.001708   -0.001361
    -0.001013   -0.000663   -0.000315    0.000029    0.000368    0.000701    0.001025    0.001338
     0.001640    0.001928    0.002201    0.002459    0.002701    0.002927    0.003136    0.003327
     0.003502    0.003661    0.003803    0.003931    0.004043    0.004143    0.004229    0.004304
     0.004368    0.004423    0.004469    0.004507    0.004538    0.004563    0.004583    0.004599
     0.004611    0.004619    0.004625    0.004628    0.004629    0.004629    0.004627    0.004623
     0.004618    0.004606    0.004362    0.004362    0.004362    0.004362    0.004362    0.004362
     0.004362    0.004362    0.004362    0.004362
  1.000000
    -0.018338   -0.018211   -0.017774   -0.016988   -0.015889   -0.014577   -0.013190   -0.011874
    -0.010748   -0.009881   -0.009286   -0.008924   -0.008716   -0.008561   -0.008764   -0.008762
    -0.008720   -0.008652   -0.008563   -0.008455   -0.008326   -0.008176   -0.008013   -0.007846
    -0.007672   -0.007493   -0.007308   -0.007116   -0.006911   -0.006700   -0.006479   -0.006248
    -0.006006   -0.005756   -0.005491   -0.005218   -0.004935   -0.004643   -0.004343   -0.004032
    -0.003716   -0.003394   -0.003069   -0.002738   -0.002405   -0.002073   -0.001739   -0.001409
    -0.001081   -0.000758   -0.000441   -0.000130    0.000173    0.000467    0.000752    0.001026
     0.001288    0.001539    0.001778    0.002004    0.002217    0.002416    0.002603    0.002776
     0.002936    0.003083    0.003217    0.003340    0.003450    0.003549    0.003638    0.003716
     0.003786    0.003847    0.003900    0.003947    0.003987    0.004022    0.004051    0.004075
     0.004095    0.004117    0.004362    0.004362    0.004362    0.004362    0.004362    0.004362
     0.004362    0.004362    0.004362    0.004362
  1.000000  0.000000
     0.317300    0.317300    0.317300    0.317300    0.317300    0.317300    0.317300    0.317300
     0.317300    0.317300    0.317300    0.317300    0.317300    0.317300    0.317300    0.317300
     0.317300    0.317300    0.317300    0.317300    0.317300    0.317300    0.317300    0.317300
     0.317300    0.317300    0.317300    0.317300    0.317300    0.317300    0.317300    0.317300
     0.317300    0.317300    0.317300    0.317300    0.317300    0.317300    0.317300    0.317300
     0.317300    0.317300    0.317300    0.317300    0.317300    0.317300    0.317300    0.317300
     0.317300    0.317300    0.317300    0.317300    0.317300    0.317300    0.317300    0.317300
     0.317300    0.317300    0.317300    0.317300    0.317300    0.317300    0.317300    0.317300
     0.317300    0.317300    0.317300    0.317300    0.317300    0.317300    0.317300    0.317300
     0.317300    0.317300    0.317300    0.317300    0.317300    0.317300    0.317300    0.317300
     0.317300    0.317300    0.317300    0.317300    0.317300    0.317300    0.317300    0.317300
     0.317300    0.317300    0.317300    0.317300
 ***************************************************************
 ************STARTING THE INPUT FOR EACH BLADE ROW**************
  BLADE ROW NUMBER =        5                                           
    NUMBER OF BLADES IN ROW 
        41
        JM        JLE       JTE 
        92        14        83
      KTIPSTART  KTIPEND 
         17         21
  FRACTIP1,     FRACTIP2 
  0.00972857       0.00972857
  FTHICK(K) 
1.000000 1.000000 1.000000 1.000000 1.000000 1.000000 1.000000 1.000000
1.000000 1.000000 1.000000 1.000000 1.000000 1.000000 1.000000 0.900000
0.500000 0.000000 0.000000 0.000000 0.000000
       BOUNDARY LAYER TRANSITION POINTS 
         0         0         0         0
  SET NEWGRID= 1 TO GENERATE A NEW GRID WITH DIFFERENT "J" POINTS AND SPACINGS.
         0
   RPMROW,    RPMHUB 
    10081.0    10081.0
       JROTHS    JROTHE    JROTTS    JROTTE 
         1         1         1         1
   PUPROW    PLEROW   PTEROW    PDROW 
   165971.8   165971.8   208864.0  208864.0
      NSECS_ROW   INSURF  
         11         0
  IF_CUSP   IFANGLES 
         0         0
 ***************************************************************
  ROW NUMBER           5  SECTION NUMBER            1
           0           0           0  IF_DESIGN etc 
   1.00000   0.00000    0
     0.000001    0.539991    0.543817    0.547378    0.550589    0.553387    0.555731    0.557609
     0.559033    0.560044    0.560706    0.561102    0.561333    0.561507    0.561682    0.561866
     0.562058    0.562256    0.562461    0.562672    0.562890    0.563115    0.563348    0.563591
     0.563845    0.564111    0.564391    0.564687    0.565001    0.565334    0.565689    0.566067
     0.566469    0.566898    0.567354    0.567839    0.568354    0.568900    0.569478    0.570087
     0.570729    0.571403    0.572109    0.572846    0.573614    0.574412    0.575239    0.576092
     0.576971    0.577873    0.578797    0.579739    0.580698    0.581671    0.582654    0.583646
     0.584642    0.585640    0.586636    0.587628    0.588613    0.589586    0.590546    0.591488
     0.592412    0.593314    0.594191    0.595043    0.595868    0.596664    0.597431    0.598168
     0.598878    0.599559    0.600216    0.600849    0.601463    0.602063    0.602653    0.603241
     0.603833    0.604439    0.604926    0.605414    0.605910    0.606435    0.607003    0.607623
     0.608300    0.609028    0.609800    0.610600
  1.000000  0.000000
     0.000001    0.065272    0.058392    0.049514    0.040417    0.032317    0.025822    0.021044
     0.017781    0.015698    0.014454    0.013758    0.013370    0.013085    0.013313    0.013251
     0.013134    0.012983    0.012814    0.012623    0.012417    0.012199    0.011961    0.011707
     0.011434    0.011132    0.010811    0.010471    0.010119    0.009761    0.009381    0.008988
     0.008582    0.008162    0.007727    0.007284    0.006821    0.006349    0.005868    0.005380
     0.004880    0.004376    0.003868    0.003359    0.002848    0.002338    0.001832    0.001329
     0.000833    0.000345   -0.000134   -0.000604   -0.001062   -0.001506   -0.001938   -0.002355
    -0.002756   -0.003142   -0.003510   -0.003862   -0.004196   -0.004512   -0.004810   -0.005090
    -0.005353   -0.005597   -0.005825   -0.006035   -0.006229   -0.006408   -0.006571   -0.006721
    -0.006857   -0.006981   -0.007095   -0.007198   -0.007293   -0.007379   -0.007459   -0.007534
    -0.007603   -0.007687   -0.008020   -0.008059   -0.008098   -0.008139   -0.008184   -0.008232
    -0.008285   -0.008343   -0.008403   -0.008466
  1.000000
     0.000001    0.065272    0.058392    0.049514    0.040417    0.032317    0.025822    0.021044
     0.017781    0.015698    0.014454    0.013758    0.013370    0.013085    0.012246    0.011750
     0.011305    0.010893    0.010517    0.010160    0.009814    0.009481    0.009144    0.008798
     0.008450    0.008092    0.007724    0.007346    0.006957    0.006557    0.006144    0.005717
     0.005278    0.004825    0.004361    0.003888    0.003405    0.002913    0.002416    0.001915
     0.001411    0.000907    0.000406   -0.000091   -0.000582   -0.001064   -0.001534   -0.001992
    -0.002436   -0.002864   -0.003275   -0.003668   -0.004041   -0.004396   -0.004730   -0.005045
    -0.005339   -0.005613   -0.005868   -0.006104   -0.006323   -0.006524   -0.006708   -0.006877
    -0.007031   -0.007172   -0.007301   -0.007418   -0.007524   -0.007620   -0.007708   -0.007788
    -0.007861   -0.007927   -0.007988   -0.008044   -0.008096   -0.008144   -0.008189   -0.008232
    -0.008274   -0.008288   -0.008020   -0.008059   -0.008098   -0.008139   -0.008184   -0.008232
    -0.008285   -0.008343   -0.008403   -0.008466
  1.000000  0.000000
     0.000001    0.000190    0.000190    0.000190    0.000190    0.000190    0.000190    0.000190
     0.000190    0.000190    0.000190    0.000190    0.000190    0.000190    0.000190    0.000190
     0.000190    0.000190    0.000190    0.000190    0.000190    0.000190    0.000190    0.000190
     0.000190    0.000190    0.000190    0.000190    0.000190    0.000190    0.000190    0.000190
     0.000190    0.000190    0.000190    0.000190    0.000190    0.000190    0.000190    0.000190
     0.000190    0.000190    0.000190    0.000190    0.000190    0.000190    0.000190    0.000190
     0.000190    0.000190    0.000190    0.000190    0.000190    0.000190    0.000190    0.000190
     0.000190    0.000190    0.000190    0.000190    0.000190    0.000190    0.000190    0.000190
     0.000190    0.000190    0.000190    0.000190    0.000190    0.000190    0.000190    0.000190
     0.000190    0.000190    0.000190    0.000190    0.000190    0.000190    0.000190    0.000190
     0.000190    0.000190    0.000190    0.000190    0.000190    0.000190    0.000190    0.000190
     0.000190    0.000190    0.000190    0.000190
 ***************************************************************
  ROW NUMBER           5  SECTION NUMBER            2
           0           0           0  IF_DESIGN etc 
   1.00000   0.00000    0
     0.000001    0.539999    0.543831    0.547398    0.550615    0.553418    0.555766    0.557647
     0.559073    0.560085    0.560748    0.561144    0.561375    0.561549    0.561723    0.561906
     0.562098    0.562296    0.562501    0.562711    0.562929    0.563153    0.563386    0.563628
     0.563882    0.564147    0.564427    0.564722    0.565036    0.565368    0.565722    0.566099
     0.566501    0.566929    0.567384    0.567868    0.568382    0.568927    0.569504    0.570112
     0.570753    0.571425    0.572130    0.572866    0.573633    0.574429    0.575254    0.576106
     0.576983    0.577884    0.578805    0.579746    0.580703    0.581674    0.582655    0.583645
     0.584639    0.585635    0.586630    0.587620    0.588603    0.589574    0.590532    0.591473
     0.592395    0.593295    0.594171    0.595021    0.595844    0.596638    0.597404    0.598140
     0.598848    0.599529    0.600184    0.600816    0.601429    0.602028    0.602617    0.603203
     0.603794    0.604399    0.604886    0.605372    0.605868    0.606393    0.606963    0.607588
     0.608270    0.609008    0.609789    0.610600
  1.000000  0.000000
     0.000001    0.065358    0.058678    0.050038    0.041158    0.033218    0.026819    0.022082
     0.018826    0.016732    0.015475    0.014767    0.014372    0.014082    0.014305    0.014239
     0.014116    0.013958    0.013780    0.013582    0.013368    0.013138    0.012889    0.012622
     0.012334    0.012018    0.011682    0.011329    0.010964    0.010589    0.010191    0.009780
     0.009354    0.008912    0.008454    0.007984    0.007494    0.006992    0.006478    0.005955
     0.005418    0.004875    0.004325    0.003771    0.003213    0.002654    0.002096    0.001539
     0.000987    0.000440   -0.000100   -0.000632   -0.001154   -0.001665   -0.002164   -0.002648
    -0.003119   -0.003574   -0.004013   -0.004435   -0.004839   -0.005226   -0.005594   -0.005942
    -0.006273   -0.006584   -0.006876   -0.007150   -0.007406   -0.007644   -0.007865   -0.008070
    -0.008261   -0.008437   -0.008600   -0.008752   -0.008894   -0.009027   -0.009152   -0.009272
    -0.009388   -0.009515   -0.009886   -0.009962   -0.010040   -0.010123   -0.010213   -0.010312
    -0.010421   -0.010539   -0.010665   -0.010795
  1.000000
     0.000001    0.065358    0.058678    0.050038    0.041158    0.033218    0.026819    0.022082
     0.018826    0.016732    0.015475    0.014767    0.014372    0.014082    0.013236    0.012732
     0.012283    0.011865    0.011482    0.011118    0.010767    0.010423    0.010073    0.009717
     0.009355    0.008984    0.008602    0.008208    0.007803    0.007385    0.006952    0.006504
     0.006042    0.005566    0.005075    0.004574    0.004060    0.003536    0.003005    0.002466
     0.001924    0.001378    0.000834    0.000291   -0.000247   -0.000779   -0.001302   -0.001815
    -0.002315   -0.002802   -0.003273   -0.003728   -0.004165   -0.004585   -0.004985   -0.005367
    -0.005729   -0.006072   -0.006396   -0.006702   -0.006989   -0.007259   -0.007512   -0.007748
    -0.007969   -0.008176   -0.008368   -0.008547   -0.008715   -0.008870   -0.009015   -0.009150
    -0.009276   -0.009394   -0.009504   -0.009608   -0.009707   -0.009801   -0.009892   -0.009981
    -0.010068   -0.010127   -0.009886   -0.009962   -0.010040   -0.010123   -0.010213   -0.010312
    -0.010421   -0.010539   -0.010665   -0.010795
  1.000000  0.000000
     0.000001    0.000196    0.000196    0.000196    0.000196    0.000196    0.000196    0.000196
     0.000196    0.000196    0.000196    0.000196    0.000196    0.000196    0.000196    0.000196
     0.000196    0.000196    0.000196    0.000196    0.000196    0.000196    0.000196    0.000196
     0.000196    0.000196    0.000196    0.000196    0.000196    0.000196    0.000196    0.000196
     0.000196    0.000196    0.000196    0.000196    0.000196    0.000196    0.000196    0.000196
     0.000196    0.000196    0.000196    0.000196    0.000196    0.000196    0.000196    0.000196
     0.000196    0.000196    0.000196    0.000196    0.000196    0.000196    0.000196    0.000196
     0.000196    0.000196    0.000196    0.000196    0.000196    0.000196    0.000196    0.000196
     0.000196    0.000196    0.000196    0.000196    0.000196    0.000196    0.000196    0.000196
     0.000196    0.000196    0.000196    0.000196    0.000196    0.000196    0.000196    0.000196
     0.000196    0.000196    0.000196    0.000196    0.000196    0.000196    0.000196    0.000196
     0.000196    0.000196    0.000196    0.000196
 ***************************************************************
  ROW NUMBER           5  SECTION NUMBER            3
           0           0           0  IF_DESIGN etc 
   1.00000   0.00000    0
     0.000001    0.540006    0.543845    0.547418    0.550641    0.553448    0.555800    0.557684
     0.559113    0.560126    0.560789    0.561186    0.561416    0.561590    0.561764    0.561947
     0.562138    0.562336    0.562540    0.562750    0.562967    0.563191    0.563424    0.563666
     0.563918    0.564183    0.564463    0.564758    0.565070    0.565402    0.565756    0.566132
     0.566533    0.566960    0.567414    0.567898    0.568411    0.568955    0.569530    0.570137
     0.570777    0.571448    0.572151    0.572886    0.573651    0.574446    0.575270    0.576120
     0.576996    0.577895    0.578815    0.579754    0.580709    0.581678    0.582658    0.583645
     0.584638    0.585632    0.586625    0.587613    0.588594    0.589564    0.590520    0.591459
     0.592379    0.593277    0.594152    0.595000    0.595822    0.596615    0.597379    0.598114
     0.598820    0.599500    0.600154    0.600785    0.601397    0.601994    0.602582    0.603167
     0.603757    0.604361    0.604847    0.605332    0.605828    0.606354    0.606926    0.607554
     0.608243    0.608988    0.609779    0.610600
  1.000000  0.000000
     0.000001    0.065442    0.058960    0.050555    0.041888    0.034107    0.027804    0.023111
     0.019862    0.017760    0.016490    0.015772    0.015371    0.015075    0.015295    0.015224
     0.015097    0.014933    0.014748    0.014543    0.014320    0.014079    0.013820    0.013542
     0.013238    0.012907    0.012557    0.012191    0.011814    0.011421    0.011007    0.010578
     0.010132    0.009669    0.009189    0.008691    0.008173    0.007642    0.007096    0.006538
     0.005964    0.005382    0.004790    0.004192    0.003586    0.002978    0.002368    0.001757
     0.001148    0.000542   -0.000059   -0.000653   -0.001240   -0.001817   -0.002383   -0.002937
    -0.003478   -0.004003   -0.004513   -0.005007   -0.005482   -0.005940   -0.006378   -0.006796
    -0.007195   -0.007574   -0.007932   -0.008270   -0.008589   -0.008888   -0.009168   -0.009430
    -0.009675   -0.009904   -0.010118   -0.010320   -0.010510   -0.010690   -0.010862   -0.011028
    -0.011191   -0.011363   -0.011771   -0.011887   -0.012004   -0.012130   -0.012266   -0.012417
    -0.012583   -0.012763   -0.012954   -0.013153
  1.000000
     0.000001    0.065442    0.058960    0.050555    0.041888    0.034107    0.027804    0.023111
     0.019862    0.017760    0.016490    0.015772    0.015371    0.015075    0.014221    0.013710
     0.013255    0.012833    0.012442    0.012071    0.011714    0.011360    0.011000    0.010633
     0.010258    0.009873    0.009477    0.009069    0.008647    0.008211    0.007758    0.007290
     0.006806    0.006305    0.005790    0.005260    0.004716    0.004160    0.003594    0.003019
     0.002438    0.001852    0.001264    0.000675    0.000089   -0.000493   -0.001069   -0.001636
    -0.002193   -0.002738   -0.003270   -0.003787   -0.004288   -0.004773   -0.005240   -0.005689
    -0.006120   -0.006532   -0.006926   -0.007301   -0.007659   -0.007998   -0.008320   -0.008625
    -0.008914   -0.009187   -0.009444   -0.009687   -0.009916   -0.010131   -0.010334   -0.010525
    -0.010705   -0.010876   -0.011037   -0.011190   -0.011336   -0.011477   -0.011614   -0.011749
    -0.011883   -0.011988   -0.011771   -0.011887   -0.012004   -0.012130   -0.012266   -0.012417
    -0.012583   -0.012763   -0.012954   -0.013153
  1.000000  0.000000
     0.000001    0.000203    0.000203    0.000203    0.000203    0.000203    0.000203    0.000203
     0.000203    0.000203    0.000203    0.000203    0.000203    0.000203    0.000203    0.000203
     0.000203    0.000203    0.000203    0.000203    0.000203    0.000203    0.000203    0.000203
     0.000203    0.000203    0.000203    0.000203    0.000203    0.000203    0.000203    0.000203
     0.000203    0.000203    0.000203    0.000203    0.000203    0.000203    0.000203    0.000203
     0.000203    0.000203    0.000203    0.000203    0.000203    0.000203    0.000203    0.000203
     0.000203    0.000203    0.000203    0.000203    0.000203    0.000203    0.000203    0.000203
     0.000203    0.000203    0.000203    0.000203    0.000203    0.000203    0.000203    0.000203
     0.000203    0.000203    0.000203    0.000203    0.000203    0.000203    0.000203    0.000203
     0.000203    0.000203    0.000203    0.000203    0.000203    0.000203    0.000203    0.000203
     0.000203    0.000203    0.000203    0.000203    0.000203    0.000203    0.000203    0.000203
     0.000203    0.000203    0.000203    0.000203
 ***************************************************************
  ROW NUMBER           5  SECTION NUMBER            4
           0           0           0  IF_DESIGN etc 
   1.00000   0.00000    0
     0.000001    0.540020    0.543873    0.547459    0.550693    0.553510    0.555870    0.557759
     0.559192    0.560208    0.560872    0.561269    0.561499    0.561672    0.561845    0.562028
     0.562218    0.562415    0.562619    0.562828    0.563045    0.563268    0.563499    0.563740
     0.563992    0.564256    0.564534    0.564828    0.565139    0.565470    0.565822    0.566197
     0.566596    0.567022    0.567475    0.567956    0.568467    0.569009    0.569582    0.570187
     0.570824    0.571493    0.572194    0.572926    0.573688    0.574480    0.575300    0.576147
     0.577020    0.577915    0.578832    0.579767    0.580719    0.581684    0.582660    0.583644
     0.584633    0.585623    0.586612    0.587597    0.588574    0.589540    0.590492    0.591428
     0.592344    0.593239    0.594111    0.594956    0.595774    0.596564    0.597325    0.598058
     0.598761    0.599438    0.600089    0.600718    0.601328    0.601923    0.602509    0.603092
     0.603680    0.604281    0.604765    0.605248    0.605743    0.606270    0.606846    0.607483
     0.608184    0.608946    0.609757    0.610600
  1.000000  0.000000
     0.000001    0.065614    0.059536    0.051608    0.043374    0.035913    0.029802    0.025193
     0.021956    0.019833    0.018533    0.017794    0.017378    0.017071    0.017281    0.017201
     0.017062    0.016883    0.016681    0.016460    0.016221    0.015958    0.015676    0.015372
     0.015036    0.014676    0.014299    0.013906    0.013502    0.013074    0.012626    0.012160
     0.011674    0.011166    0.010640    0.010087    0.009515    0.008924    0.008313    0.007684
     0.007037    0.006376    0.005700    0.005012    0.004313    0.003606    0.002892    0.002173
     0.001451    0.000728    0.000006   -0.000713   -0.001428   -0.002136   -0.002837   -0.003527
    -0.004205   -0.004871   -0.005521   -0.006155   -0.006771   -0.007368   -0.007946   -0.008501
    -0.009035   -0.009546   -0.010034   -0.010499   -0.010940   -0.011358   -0.011753   -0.012126
    -0.012478   -0.012811   -0.013125   -0.013424   -0.013707   -0.013980   -0.014242   -0.014500
    -0.014754   -0.015014   -0.015494   -0.015685   -0.015881   -0.016089   -0.016316   -0.016568
    -0.016845   -0.017146   -0.017467   -0.017801
  1.000000
     0.000001    0.065614    0.059536    0.051608    0.043374    0.035913    0.029802    0.025193
     0.021956    0.019833    0.018533    0.017794    0.017378    0.017071    0.016202    0.015678
     0.015212    0.014780    0.014375    0.013990    0.013621    0.013245    0.012861    0.012472
     0.012071    0.011658    0.011234    0.010795    0.010340    0.009867    0.009375    0.008865
     0.008335    0.007786    0.007218    0.006631    0.006026    0.005407    0.004771    0.004123
     0.003463    0.002795    0.002119    0.001438    0.000756    0.000074   -0.000607   -0.001283
    -0.001953   -0.002615   -0.003268   -0.003909   -0.004537   -0.005151   -0.005750   -0.006334
    -0.006901   -0.007450   -0.007982   -0.008496   -0.008991   -0.009468   -0.009926   -0.010366
    -0.010788   -0.011191   -0.011576   -0.011944   -0.012294   -0.012627   -0.012944   -0.013245
    -0.013531   -0.013804   -0.014064   -0.014313   -0.014553   -0.014786   -0.015013   -0.015238
    -0.015464   -0.015659   -0.015494   -0.015685   -0.015881   -0.016089   -0.016316   -0.016568
    -0.016845   -0.017146   -0.017467   -0.017801
  1.000000  0.000000
     0.000001    0.000215    0.000215    0.000215    0.000215    0.000215    0.000215    0.000215
     0.000215    0.000215    0.000215    0.000215    0.000215    0.000215    0.000215    0.000215
     0.000215    0.000215    0.000215    0.000215    0.000215    0.000215    0.000215    0.000215
     0.000215    0.000215    0.000215    0.000215    0.000215    0.000215    0.000215    0.000215
     0.000215    0.000215    0.000215    0.000215    0.000215    0.000215    0.000215    0.000215
     0.000215    0.000215    0.000215    0.000215    0.000215    0.000215    0.000215    0.000215
     0.000215    0.000215    0.000215    0.000215    0.000215    0.000215    0.000215    0.000215
     0.000215    0.000215    0.000215    0.000215    0.000215    0.000215    0.000215    0.000215
     0.000215    0.000215    0.000215    0.000215    0.000215    0.000215    0.000215    0.000215
     0.000215    0.000215    0.000215    0.000215    0.000215    0.000215    0.000215    0.000215
     0.000215    0.000215    0.000215    0.000215    0.000215    0.000215    0.000215    0.000215
     0.000215    0.000215    0.000215    0.000215
 ***************************************************************
  ROW NUMBER           5  SECTION NUMBER            5
           0           0           0  IF_DESIGN etc 
   1.00000   0.00000    0
     0.000001    0.540050    0.543931    0.547543    0.550800    0.553637    0.556013    0.557915
     0.559356    0.560377    0.561043    0.561440    0.561668    0.561840    0.562011    0.562192
     0.562380    0.562575    0.562776    0.562983    0.563197    0.563418    0.563647    0.563885
     0.564134    0.564395    0.564670    0.564961    0.565269    0.565596    0.565944    0.566315
     0.566710    0.567131    0.567579    0.568055    0.568561    0.569097    0.569664    0.570262
     0.570892    0.571554    0.572247    0.572970    0.573724    0.574508    0.575319    0.576157
     0.577020    0.577905    0.578812    0.579737    0.580678    0.581633    0.582599    0.583572
     0.584550    0.585529    0.586508    0.587482    0.588448    0.589403    0.590345    0.591271
     0.592177    0.593063    0.593924    0.594760    0.595570    0.596351    0.597104    0.597828
     0.598524    0.599194    0.599838    0.600460    0.601063    0.601651    0.602231    0.602807
     0.603389    0.603984    0.604462    0.604940    0.605433    0.605964    0.606557    0.607225
     0.607972    0.608794    0.609677    0.610600
  1.000000  0.000000
     0.000001    0.065968    0.060719    0.053766    0.046404    0.039576    0.033830    0.029361
     0.026122    0.023932    0.022560    0.021766    0.021317    0.020985    0.021161    0.021050
     0.020876    0.020662    0.020419    0.020156    0.019873    0.019559    0.019214    0.018842
     0.018447    0.018034    0.017607    0.017158    0.016690    0.016197    0.015680    0.015139
     0.014571    0.013975    0.013352    0.012697    0.012015    0.011305    0.010566    0.009801
     0.009009    0.008194    0.007355    0.006495    0.005616    0.004719    0.003807    0.002882
     0.001947    0.001003    0.000053   -0.000900   -0.001855   -0.002808   -0.003756   -0.004698
    -0.005631   -0.006553   -0.007460   -0.008351   -0.009222   -0.010073   -0.010902   -0.011705
    -0.012482   -0.013231   -0.013952   -0.014642   -0.015303   -0.015933   -0.016533   -0.017104
    -0.017646   -0.018161   -0.018652   -0.019121   -0.019571   -0.020005   -0.020427   -0.020843
    -0.021258   -0.021677   -0.022269   -0.022593   -0.022927   -0.023286   -0.023687   -0.024138
    -0.024641   -0.025195   -0.025790   -0.026411
  1.000000
     0.000001    0.065968    0.060719    0.053766    0.046404    0.039576    0.033830    0.029361
     0.026122    0.023932    0.022560    0.021766    0.021317    0.020985    0.020096    0.019555
     0.019072    0.018623    0.018200    0.017789    0.017382    0.016961    0.016533    0.016096
     0.015643    0.015177    0.014696    0.014194    0.013671    0.013126    0.012558    0.011965
     0.011346    0.010704    0.010030    0.009332    0.008609    0.007862    0.007091    0.006299
     0.005488    0.004658    0.003814    0.002955    0.002087    0.001210    0.000327   -0.000559
    -0.001446   -0.002332   -0.003214   -0.004090   -0.004959   -0.005819   -0.006667   -0.007502
    -0.008323   -0.009128   -0.009916   -0.010686   -0.011436   -0.012166   -0.012875   -0.013562
    -0.014226   -0.014867   -0.015484   -0.016077   -0.016647   -0.017192   -0.017714   -0.018213
    -0.018690   -0.019146   -0.019584   -0.020004   -0.020411   -0.020806   -0.021194   -0.021579
    -0.021967   -0.022333   -0.022269   -0.022593   -0.022927   -0.023286   -0.023687   -0.024138
    -0.024641   -0.025195   -0.025790   -0.026411
  1.000000  0.000000
     0.000001    0.000241    0.000241    0.000241    0.000241    0.000241    0.000241    0.000241
     0.000241    0.000241    0.000241    0.000241    0.000241    0.000241    0.000241    0.000241
     0.000241    0.000241    0.000241    0.000241    0.000241    0.000241    0.000241    0.000241
     0.000241    0.000241    0.000241    0.000241    0.000241    0.000241    0.000241    0.000241
     0.000241    0.000241    0.000241    0.000241    0.000241    0.000241    0.000241    0.000241
     0.000241    0.000241    0.000241    0.000241    0.000241    0.000241    0.000241    0.000241
     0.000241    0.000241    0.000241    0.000241    0.000241    0.000241    0.000241    0.000241
     0.000241    0.000241    0.000241    0.000241    0.000241    0.000241    0.000241    0.000241
     0.000241    0.000241    0.000241    0.000241    0.000241    0.000241    0.000241    0.000241
     0.000241    0.000241    0.000241    0.000241    0.000241    0.000241    0.000241    0.000241
     0.000241    0.000241    0.000241    0.000241    0.000241    0.000241    0.000241    0.000241
     0.000241    0.000241    0.000241    0.000241
 ***************************************************************
  ROW NUMBER           5  SECTION NUMBER            6
           0           0           0  IF_DESIGN etc 
   1.00000   0.00000    0
     0.000001    0.540065    0.543961    0.547586    0.550855    0.553702    0.556086    0.557994
     0.559440    0.560463    0.561130    0.561526    0.561754    0.561923    0.562093    0.562272
     0.562459    0.562653    0.562852    0.563058    0.563270    0.563489    0.563716    0.563952
     0.564199    0.564458    0.564731    0.565019    0.565325    0.565650    0.565995    0.566363
     0.566754    0.567172    0.567616    0.568088    0.568590    0.569122    0.569684    0.570277
     0.570902    0.571559    0.572246    0.572964    0.573712    0.574489    0.575294    0.576125
     0.576980    0.577859    0.578758    0.579676    0.580610    0.581557    0.582514    0.583479
     0.584449    0.585421    0.586392    0.587357    0.588316    0.589264    0.590198    0.591116
     0.592015    0.592893    0.593748    0.594577    0.595380    0.596155    0.596902    0.597620
     0.598311    0.598975    0.599614    0.600231    0.600829    0.601412    0.601987    0.602559
     0.603136    0.603726    0.604201    0.604675    0.605165    0.605702    0.606309    0.607004
     0.607791    0.608665    0.609609    0.610600
  1.000000  0.000000
     0.000001    0.066134    0.061272    0.054773    0.047815    0.041279    0.035698    0.031289
     0.028045    0.025821    0.024413    0.023593    0.023129    0.022785    0.022944    0.022819
     0.022629    0.022400    0.022140    0.021854    0.021542    0.021199    0.020822    0.020420
     0.020002    0.019566    0.019117    0.018643    0.018144    0.017622    0.017075    0.016499
     0.015893    0.015257    0.014588    0.013888    0.013156    0.012392    0.011595    0.010768
     0.009911    0.009026    0.008114    0.007176    0.006215    0.005233    0.004232    0.003214
     0.002183    0.001140    0.000088   -0.000970   -0.002031   -0.003093   -0.004152   -0.005205
    -0.006251   -0.007285   -0.008306   -0.009310   -0.010294   -0.011256   -0.012195   -0.013106
    -0.013989   -0.014843   -0.015664   -0.016454   -0.017210   -0.017932   -0.018621   -0.019278
    -0.019903   -0.020498   -0.021066   -0.021608   -0.022130   -0.022634   -0.023126   -0.023611
    -0.024095   -0.024586   -0.025225   -0.025606   -0.026001   -0.026433   -0.026922   -0.027480
    -0.028113   -0.028816   -0.029575   -0.030372
  1.000000
     0.000001    0.066134    0.061272    0.054773    0.047815    0.041279    0.035698    0.031289
     0.028045    0.025821    0.024413    0.023593    0.023129    0.022785    0.021893    0.021348
     0.020861    0.020409    0.019983    0.019561    0.019134    0.018696    0.018251    0.017792
     0.017318    0.016831    0.016324    0.015796    0.015245    0.014670    0.014069    0.013440
     0.012783    0.012101    0.011380    0.010634    0.009859    0.009054    0.008225    0.007368
     0.006489    0.005587    0.004667    0.003729    0.002776    0.001811    0.000836   -0.000145
    -0.001131   -0.002119   -0.003105   -0.004089   -0.005068   -0.006039   -0.007000   -0.007950
    -0.008886   -0.009807   -0.010711   -0.011597   -0.012462   -0.013306   -0.014128   -0.014925
    -0.015698   -0.016446   -0.017166   -0.017861   -0.018528   -0.019167   -0.019780   -0.020367
    -0.020928   -0.021465   -0.021981   -0.022477   -0.022956   -0.023423   -0.023881   -0.024337
    -0.024795   -0.025241   -0.025225   -0.025606   -0.026001   -0.026433   -0.026922   -0.027480
    -0.028113   -0.028816   -0.029575   -0.030372
  1.000000  0.000000
     0.000001    0.000254    0.000254    0.000254    0.000254    0.000254    0.000254    0.000254
     0.000254    0.000254    0.000254    0.000254    0.000254    0.000254    0.000254    0.000254
     0.000254    0.000254    0.000254    0.000254    0.000254    0.000254    0.000254    0.000254
     0.000254    0.000254    0.000254    0.000254    0.000254    0.000254    0.000254    0.000254
     0.000254    0.000254    0.000254    0.000254    0.000254    0.000254    0.000254    0.000254
     0.000254    0.000254    0.000254    0.000254    0.000254    0.000254    0.000254    0.000254
     0.000254    0.000254    0.000254    0.000254    0.000254    0.000254    0.000254    0.000254
     0.000254    0.000254    0.000254    0.000254    0.000254    0.000254    0.000254    0.000254
     0.000254    0.000254    0.000254    0.000254    0.000254    0.000254    0.000254    0.000254
     0.000254    0.000254    0.000254    0.000254    0.000254    0.000254    0.000254    0.000254
     0.000254    0.000254    0.000254    0.000254    0.000254    0.000254    0.000254    0.000254
     0.000254    0.000254    0.000254    0.000254
 ***************************************************************
  ROW NUMBER           5  SECTION NUMBER            7
           0           0           0  IF_DESIGN etc 
   1.00000   0.00000    0
     0.000001    0.540080    0.543991    0.547630    0.550911    0.553768    0.556160    0.558074
     0.559524    0.560549    0.561217    0.561612    0.561838    0.562007    0.562175    0.562352
     0.562537    0.562729    0.562927    0.563130    0.563340    0.563557    0.563782    0.564016
     0.564261    0.564518    0.564788    0.565073    0.565376    0.565698    0.566040    0.566404
     0.566792    0.567205    0.567645    0.568113    0.568610    0.569137    0.569694    0.570282
     0.570901    0.571551    0.572231    0.572943    0.573684    0.574453    0.575250    0.576074
     0.576921    0.577791    0.578682    0.579591    0.580516    0.581454    0.582403    0.583359
     0.584320    0.585282    0.586243    0.587200    0.588149    0.589088    0.590014    0.590923
     0.591814    0.592684    0.593530    0.594352    0.595147    0.595915    0.596654    0.597366
     0.598050    0.598708    0.599341    0.599952    0.600544    0.601122    0.601691    0.602258
     0.602829    0.603414    0.603884    0.604354    0.604842    0.605385    0.606010    0.606737
     0.607572    0.608508    0.609527    0.610600
  1.000000  0.000000
     0.000001    0.066284    0.061771    0.055683    0.049092    0.042822    0.037392    0.033041
     0.029794    0.027542    0.026104    0.025263    0.024787    0.024434    0.024579    0.024441
     0.024238    0.023997    0.023723    0.023414    0.023072    0.022701    0.022298    0.021872
     0.021436    0.020981    0.020511    0.020014    0.019490    0.018943    0.018367    0.017761
     0.017122    0.016449    0.015742    0.015001    0.014223    0.013410    0.012561    0.011679
     0.010762    0.009814    0.008835    0.007826    0.006791    0.005731    0.004649    0.003547
     0.002427    0.001294    0.000149   -0.001005   -0.002164   -0.003325   -0.004485   -0.005642
    -0.006791   -0.007929   -0.009053   -0.010161   -0.011249   -0.012314   -0.013354   -0.014365
    -0.015347   -0.016296   -0.017212   -0.018092   -0.018937   -0.019745   -0.020516   -0.021253
    -0.021954   -0.022624   -0.023263   -0.023874   -0.024463   -0.025032   -0.025589   -0.026138
    -0.026688   -0.027246   -0.027931   -0.028367   -0.028820   -0.029324   -0.029905   -0.030580
    -0.031356   -0.032227   -0.033174   -0.034172
  1.000000
     0.000001    0.066284    0.061771    0.055683    0.049092    0.042822    0.037392    0.033041
     0.029794    0.027542    0.026104    0.025263    0.024787    0.024434    0.023545    0.022998
     0.022511    0.022062    0.021633    0.021202    0.020761    0.020310    0.019850    0.019376
     0.018886    0.018381    0.017854    0.017305    0.016732    0.016131    0.015503    0.014845
     0.014155    0.013438    0.012677    0.011890    0.011070    0.010217    0.009335    0.008422
     0.007483    0.006516    0.005527    0.004517    0.003487    0.002442    0.001383    0.000314
    -0.000762   -0.001844   -0.002928   -0.004011   -0.005092   -0.006167   -0.007235   -0.008291
    -0.009336   -0.010365   -0.011379   -0.012373   -0.013347   -0.014298   -0.015226   -0.016129
    -0.017004   -0.017851   -0.018670   -0.019459   -0.020218   -0.020947   -0.021645   -0.022314
    -0.022955   -0.023568   -0.024157   -0.024724   -0.025272   -0.025806   -0.026330   -0.026851
    -0.027376   -0.027897   -0.027931   -0.028367   -0.028820   -0.029324   -0.029905   -0.030580
    -0.031356   -0.032227   -0.033174   -0.034172
  1.000000  0.000000
     0.000001    0.000266    0.000266    0.000266    0.000266    0.000266    0.000266    0.000266
     0.000266    0.000266    0.000266    0.000266    0.000266    0.000266    0.000266    0.000266
     0.000266    0.000266    0.000266    0.000266    0.000266    0.000266    0.000266    0.000266
     0.000266    0.000266    0.000266    0.000266    0.000266    0.000266    0.000266    0.000266
     0.000266    0.000266    0.000266    0.000266    0.000266    0.000266    0.000266    0.000266
     0.000266    0.000266    0.000266    0.000266    0.000266    0.000266    0.000266    0.000266
     0.000266    0.000266    0.000266    0.000266    0.000266    0.000266    0.000266    0.000266
     0.000266    0.000266    0.000266    0.000266    0.000266    0.000266    0.000266    0.000266
     0.000266    0.000266    0.000266    0.000266    0.000266    0.000266    0.000266    0.000266
     0.000266    0.000266    0.000266    0.000266    0.000266    0.000266    0.000266    0.000266
     0.000266    0.000266    0.000266    0.000266    0.000266    0.000266    0.000266    0.000266
     0.000266    0.000266    0.000266    0.000266
 ***************************************************************
  ROW NUMBER           5  SECTION NUMBER            8
           0           0           0  IF_DESIGN etc 
   1.00000   0.00000    0
     0.000001    0.540111    0.544051    0.547717    0.551022    0.553899    0.556308    0.558234
     0.559691    0.560721    0.561390    0.561784    0.562008    0.562173    0.562338    0.562513
     0.562694    0.562882    0.563076    0.563276    0.563482    0.563696    0.563917    0.564146
     0.564387    0.564639    0.564904    0.565184    0.565481    0.565797    0.566133    0.566491
     0.566872    0.567278    0.567710    0.568169    0.568657    0.569174    0.569721    0.570298
     0.570906    0.571544    0.572212    0.572911    0.573638    0.574394    0.575177    0.575985
     0.576817    0.577672    0.578546    0.579439    0.580347    0.581268    0.582199    0.583138
     0.584081    0.585026    0.585970    0.586910    0.587842    0.588763    0.589672    0.590565
     0.591440    0.592294    0.593125    0.593931    0.594712    0.595466    0.596192    0.596891
     0.597562    0.598208    0.598830    0.599430    0.600011    0.600579    0.601138    0.601694
     0.602255    0.602829    0.603291    0.603752    0.604237    0.604791    0.605449    0.606237
     0.607161    0.608215    0.609373    0.610600
  1.000000  0.000000
     0.000001    0.066546    0.062644    0.057274    0.051327    0.045526    0.040368    0.036125
     0.032881    0.030587    0.029101    0.028227    0.027734    0.027369    0.027476    0.027310
     0.027078    0.026804    0.026491    0.026135    0.025738    0.025317    0.024880    0.024427
     0.023963    0.023476    0.022964    0.022430    0.021867    0.021275    0.020650    0.019990
     0.019293    0.018559    0.017784    0.016969    0.016112    0.015213    0.014273    0.013292
     0.012271    0.011210    0.010113    0.008979    0.007811    0.006612    0.005384    0.004130
     0.002854    0.001557    0.000243   -0.001083   -0.002419   -0.003761   -0.005105   -0.006447
    -0.007783   -0.009111   -0.010425   -0.011722   -0.012999   -0.014252   -0.015478   -0.016673
    -0.017835   -0.018961   -0.020049   -0.021098   -0.022107   -0.023073   -0.023999   -0.024883
    -0.025728   -0.026536   -0.027308   -0.028049   -0.028763   -0.029456   -0.030134   -0.030805
    -0.031478   -0.032162   -0.032926   -0.033465   -0.034031   -0.034678   -0.035447   -0.036366
    -0.037446   -0.038676   -0.040029   -0.041462
  1.000000
     0.000001    0.066546    0.062644    0.057274    0.051327    0.045526    0.040368    0.036125
     0.032881    0.030587    0.029101    0.028227    0.027734    0.027369    0.026515    0.025978
     0.025506    0.025066    0.024628    0.024181    0.023722    0.023255    0.022774    0.022277
     0.021765    0.021232    0.020676    0.020096    0.019488    0.018849    0.018178    0.017472
     0.016731    0.015955    0.015133    0.014276    0.013380    0.012446    0.011474    0.010465
     0.009421    0.008343    0.007233    0.006096    0.004931    0.003742    0.002533    0.001306
     0.000064   -0.001189   -0.002451   -0.003718   -0.004987   -0.006256   -0.007520   -0.008777
    -0.010024   -0.011258   -0.012476   -0.013675   -0.014853   -0.016008   -0.017136   -0.018236
    -0.019306   -0.020343   -0.021347   -0.022316   -0.023250   -0.024147   -0.025008   -0.025834
    -0.026625   -0.027383   -0.028111   -0.028813   -0.029491   -0.030152   -0.030801   -0.031447
    -0.032097   -0.032759   -0.032926   -0.033465   -0.034031   -0.034678   -0.035447   -0.036366
    -0.037446   -0.038676   -0.040029   -0.041462
  1.000000  0.000000
     0.000001    0.000292    0.000292    0.000292    0.000292    0.000292    0.000292    0.000292
     0.000292    0.000292    0.000292    0.000292    0.000292    0.000292    0.000292    0.000292
     0.000292    0.000292    0.000292    0.000292    0.000292    0.000292    0.000292    0.000292
     0.000292    0.000292    0.000292    0.000292    0.000292    0.000292    0.000292    0.000292
     0.000292    0.000292    0.000292    0.000292    0.000292    0.000292    0.000292    0.000292
     0.000292    0.000292    0.000292    0.000292    0.000292    0.000292    0.000292    0.000292
     0.000292    0.000292    0.000292    0.000292    0.000292    0.000292    0.000292    0.000292
     0.000292    0.000292    0.000292    0.000292    0.000292    0.000292    0.000292    0.000292
     0.000292    0.000292    0.000292    0.000292    0.000292    0.000292    0.000292    0.000292
     0.000292    0.000292    0.000292    0.000292    0.000292    0.000292    0.000292    0.000292
     0.000292    0.000292    0.000292    0.000292    0.000292    0.000292    0.000292    0.000292
     0.000292    0.000292    0.000292    0.000292
 ***************************************************************
  ROW NUMBER           5  SECTION NUMBER            9
           0           0           0  IF_DESIGN etc 
   1.00000   0.00000    0
     0.000001    0.540126    0.544081    0.547760    0.551076    0.553964    0.556381    0.558313
     0.559774    0.560807    0.561477    0.561871    0.562094    0.562258    0.562422    0.562595
     0.562775    0.562962    0.563155    0.563354    0.563559    0.563771    0.563990    0.564219
     0.564457    0.564707    0.564971    0.565250    0.565545    0.565859    0.566192    0.566548
     0.566926    0.567330    0.567759    0.568216    0.568700    0.569214    0.569757    0.570331
     0.570935    0.571569    0.572233    0.572927    0.573650    0.574401    0.575178    0.575982
     0.576809    0.577657    0.578527    0.579413    0.580316    0.581231    0.582156    0.583089
     0.584026    0.584965    0.585903    0.586837    0.587763    0.588679    0.589582    0.590469
     0.591338    0.592186    0.593012    0.593814    0.594590    0.595339    0.596060    0.596754
     0.597422    0.598063    0.598681    0.599277    0.599855    0.600419    0.600974    0.601527
     0.602085    0.602655    0.603114    0.603572    0.604056    0.604612    0.605281    0.606086
     0.607038    0.608126    0.609327    0.610600
  1.000000  0.000000
     0.000001    0.066673    0.063070    0.058049    0.052414    0.046838    0.041808    0.037612
     0.034366    0.032048    0.030536    0.029644    0.029141    0.028769    0.028842    0.028651
     0.028393    0.028088    0.027739    0.027354    0.026935    0.026496    0.026047    0.025581
     0.025100    0.024596    0.024065    0.023511    0.022929    0.022313    0.021664    0.020978
     0.020252    0.019487    0.018679    0.017828    0.016932    0.015991    0.015007    0.013978
     0.012905    0.011791    0.010635    0.009441    0.008209    0.006943    0.005646    0.004319
     0.002967    0.001592    0.000198   -0.001211   -0.002631   -0.004059   -0.005491   -0.006922
    -0.008348   -0.009766   -0.011170   -0.012558   -0.013925   -0.015267   -0.016581   -0.017863
    -0.019111   -0.020321   -0.021492   -0.022621   -0.023708   -0.024750   -0.025749   -0.026704
    -0.027617   -0.028490   -0.029326   -0.030129   -0.030903   -0.031655   -0.032391   -0.033120
    -0.033852   -0.034596   -0.035383   -0.035971   -0.036591   -0.037305   -0.038163   -0.039197
    -0.040418   -0.041815   -0.043356   -0.044990
  1.000000
     0.000001    0.066673    0.063070    0.058049    0.052414    0.046838    0.041808    0.037612
     0.034366    0.032048    0.030536    0.029644    0.029141    0.028769    0.027951    0.027432
     0.026971    0.026530    0.026084    0.025628    0.025161    0.024684    0.024192    0.023685
     0.023160    0.022613    0.022043    0.021447    0.020822    0.020164    0.019471    0.018742
     0.017977    0.017170    0.016319    0.015428    0.014496    0.013522    0.012506    0.011450
     0.010356    0.009224    0.008056    0.006857    0.005627    0.004369    0.003087    0.001783
     0.000461   -0.000875   -0.002223   -0.003579   -0.004940   -0.006302   -0.007662   -0.009016
    -0.010361   -0.011694   -0.013012   -0.014311   -0.015588   -0.016841   -0.018067   -0.019263
    -0.020427   -0.021557   -0.022651   -0.023708   -0.024726   -0.025706   -0.026646   -0.027547
    -0.028412   -0.029240   -0.030036   -0.030803   -0.031544   -0.032267   -0.032977   -0.033683
    -0.034394   -0.035120   -0.035383   -0.035971   -0.036591   -0.037305   -0.038163   -0.039197
    -0.040418   -0.041815   -0.043356   -0.044990
  1.000000  0.000000
     0.000001    0.000305    0.000305    0.000305    0.000305    0.000305    0.000305    0.000305
     0.000305    0.000305    0.000305    0.000305    0.000305    0.000305    0.000305    0.000305
     0.000305    0.000305    0.000305    0.000305    0.000305    0.000305    0.000305    0.000305
     0.000305    0.000305    0.000305    0.000305    0.000305    0.000305    0.000305    0.000305
     0.000305    0.000305    0.000305    0.000305    0.000305    0.000305    0.000305    0.000305
     0.000305    0.000305    0.000305    0.000305    0.000305    0.000305    0.000305    0.000305
     0.000305    0.000305    0.000305    0.000305    0.000305    0.000305    0.000305    0.000305
     0.000305    0.000305    0.000305    0.000305    0.000305    0.000305    0.000305    0.000305
     0.000305    0.000305    0.000305    0.000305    0.000305    0.000305    0.000305    0.000305
     0.000305    0.000305    0.000305    0.000305    0.000305    0.000305    0.000305    0.000305
     0.000305    0.000305    0.000305    0.000305    0.000305    0.000305    0.000305    0.000305
     0.000305    0.000305    0.000305    0.000305
 ***************************************************************
  ROW NUMBER           5  SECTION NUMBER            10
           0           0           0  IF_DESIGN etc 
   1.00000   0.00000    0
     0.000001    0.540134    0.544095    0.547781    0.551104    0.553996    0.556417    0.558352
     0.559816    0.560850    0.561520    0.561915    0.562137    0.562301    0.562464    0.562637
     0.562817    0.563003    0.563196    0.563394    0.563599    0.563810    0.564029    0.564257
     0.564495    0.564744    0.565007    0.565285    0.565580    0.565893    0.566226    0.566580
     0.566958    0.567360    0.567789    0.568244    0.568727    0.569240    0.569782    0.570354
     0.570957    0.571589    0.572252    0.572944    0.573665    0.574414    0.575190    0.575991
     0.576816    0.577663    0.578530    0.579415    0.580315    0.581228    0.582151    0.583081
     0.584016    0.584953    0.585889    0.586820    0.587744    0.588657    0.589558    0.590443
     0.591310    0.592157    0.592981    0.593780    0.594554    0.595301    0.596021    0.596714
     0.597379    0.598019    0.598635    0.599230    0.599807    0.600369    0.600923    0.601475
     0.602031    0.602600    0.603057    0.603515    0.603998    0.604555    0.605227    0.606038
     0.606998    0.608098    0.609312    0.610600
  1.000000  0.000000
     0.000001    0.066739    0.063289    0.058449    0.052973    0.047511    0.042545    0.038371
     0.035121    0.032789    0.031263    0.030360    0.029851    0.029475    0.029526    0.029320
     0.029046    0.028720    0.028349    0.027948    0.027520    0.027074    0.026618    0.026144
     0.025653    0.025139    0.024599    0.024035    0.023442    0.022815    0.022152    0.021452
     0.020712    0.019930    0.019105    0.018235    0.017319    0.016357    0.015350    0.014296
     0.013198    0.012055    0.010871    0.009646    0.008382    0.007082    0.005749    0.004386
     0.002996    0.001582    0.000148   -0.001303   -0.002765   -0.004236   -0.005712   -0.007187
    -0.008658   -0.010120   -0.011569   -0.013002   -0.014414   -0.015800   -0.017158   -0.018483
    -0.019774   -0.021026   -0.022237   -0.023406   -0.024531   -0.025610   -0.026645   -0.027635
    -0.028582   -0.029487   -0.030354   -0.031187   -0.031991   -0.032772   -0.033537   -0.034294
    -0.035055   -0.035829   -0.036621   -0.037234   -0.037881   -0.038628   -0.039528   -0.040615
    -0.041903   -0.043377   -0.045005   -0.046733
  1.000000
     0.000001    0.066739    0.063289    0.058449    0.052973    0.047511    0.042545    0.038371
     0.035121    0.032789    0.031263    0.030360    0.029851    0.029475    0.028679    0.028170
     0.027716    0.027272    0.026822    0.026360    0.025889    0.025406    0.024908    0.024394
     0.023862    0.023308    0.022730    0.022125    0.021490    0.020822    0.020118    0.019377
     0.018598    0.017776    0.016909    0.016001    0.015049    0.014055    0.013017    0.011937
     0.010816    0.009657    0.008459    0.007228    0.005965    0.004672    0.003353    0.002011
     0.000649   -0.000730   -0.002121   -0.003522   -0.004929   -0.006338   -0.007745   -0.009148
    -0.010542   -0.011924   -0.013292   -0.014641   -0.015967   -0.017269   -0.018544   -0.019788
    -0.020999   -0.022175   -0.023314   -0.024414   -0.025474   -0.026494   -0.027473   -0.028413
    -0.029313   -0.030177   -0.031006   -0.031805   -0.032578   -0.033331   -0.034071   -0.034807
    -0.035548   -0.036305   -0.036621   -0.037234   -0.037881   -0.038628   -0.039528   -0.040615
    -0.041903   -0.043377   -0.045005   -0.046733
  1.000000  0.000000
     0.000001    0.000311    0.000311    0.000311    0.000311    0.000311    0.000311    0.000311
     0.000311    0.000311    0.000311    0.000311    0.000311    0.000311    0.000311    0.000311
     0.000311    0.000311    0.000311    0.000311    0.000311    0.000311    0.000311    0.000311
     0.000311    0.000311    0.000311    0.000311    0.000311    0.000311    0.000311    0.000311
     0.000311    0.000311    0.000311    0.000311    0.000311    0.000311    0.000311    0.000311
     0.000311    0.000311    0.000311    0.000311    0.000311    0.000311    0.000311    0.000311
     0.000311    0.000311    0.000311    0.000311    0.000311    0.000311    0.000311    0.000311
     0.000311    0.000311    0.000311    0.000311    0.000311    0.000311    0.000311    0.000311
     0.000311    0.000311    0.000311    0.000311    0.000311    0.000311    0.000311    0.000311
     0.000311    0.000311    0.000311    0.000311    0.000311    0.000311    0.000311    0.000311
     0.000311    0.000311    0.000311    0.000311    0.000311    0.000311    0.000311    0.000311
     0.000311    0.000311    0.000311    0.000311
 ***************************************************************
  ROW NUMBER           5  SECTION NUMBER            11
           0           0           0  IF_DESIGN etc 
   1.00000   0.00000    0
     0.000001    0.540141    0.544110    0.547802    0.551131    0.554028    0.556453    0.558391
     0.559857    0.560893    0.561564    0.561958    0.562180    0.562344    0.562507    0.562679
     0.562859    0.563045    0.563237    0.563435    0.563639    0.563849    0.564068    0.564295
     0.564533    0.564782    0.565044    0.565322    0.565616    0.565928    0.566260    0.566614
     0.566990    0.567392    0.567819    0.568274    0.568756    0.569267    0.569808    0.570379
     0.570980    0.571611    0.572273    0.572963    0.573683    0.574430    0.575204    0.576003
     0.576827    0.577672    0.578537    0.579419    0.580317    0.581228    0.582149    0.583078
     0.584011    0.584946    0.585879    0.586808    0.587730    0.588642    0.589540    0.590423
     0.591288    0.592133    0.592955    0.593753    0.594525    0.595270    0.595989    0.596680
     0.597344    0.597982    0.598597    0.599190    0.599766    0.600327    0.600880    0.601430
     0.601985    0.602553    0.603009    0.603465    0.603948    0.604506    0.605180    0.605996
     0.606964    0.608073    0.609299    0.610600
  1.000000  0.000000
     0.000001    0.066806    0.063512    0.058853    0.053539    0.048192    0.043289    0.039137
     0.035883    0.033535    0.031994    0.031081    0.030565    0.030185    0.030213    0.029991
     0.029700    0.029353    0.028959    0.028540    0.028103    0.027651    0.027187    0.026705
     0.026203    0.025680    0.025132    0.024557    0.023952    0.023313    0.022637    0.021923
     0.021168    0.020370    0.019527    0.018638    0.017702    0.016718    0.015688    0.014609
     0.013485    0.012314    0.011101    0.009844    0.008548    0.007214    0.005846    0.004446
     0.003018    0.001564    0.000090   -0.001402   -0.002907   -0.004421   -0.005940   -0.007460
    -0.008975   -0.010482   -0.011977   -0.013454   -0.014910   -0.016341   -0.017743   -0.019111
    -0.020444   -0.021738   -0.022990   -0.024198   -0.025361   -0.026478   -0.027548   -0.028573
    -0.029553   -0.030491   -0.031389   -0.032252   -0.033086   -0.033895   -0.034688   -0.035474
    -0.036263   -0.037067   -0.037865   -0.038501   -0.039175   -0.039954   -0.040895   -0.042036
    -0.043388   -0.044939   -0.046652   -0.048472
  1.000000
     0.000001    0.066806    0.063512    0.058853    0.053539    0.048192    0.043289    0.039137
     0.035883    0.033535    0.031994    0.031081    0.030565    0.030185    0.029411    0.028914
     0.028467    0.028020    0.027565    0.027098    0.026621    0.026131    0.025627    0.025107
     0.024567    0.024006    0.023420    0.022806    0.022160    0.021482    0.020767    0.020013
     0.019220    0.018382    0.017499    0.016573    0.015602    0.014587    0.013526    0.012422
     0.011275    0.010087    0.008860    0.007597    0.006301    0.004972    0.003616    0.002235
     0.000832   -0.000588   -0.002023   -0.003469   -0.004921   -0.006377   -0.007833   -0.009284
    -0.010728   -0.012159   -0.013576   -0.014975   -0.016351   -0.017702   -0.019025   -0.020317
    -0.021575   -0.022797   -0.023980   -0.025124   -0.026226   -0.027286   -0.028305   -0.029282
    -0.030218   -0.031117   -0.031979   -0.032810   -0.033615   -0.034398   -0.035169   -0.035934
    -0.036705   -0.037493   -0.037865   -0.038501   -0.039175   -0.039954   -0.040895   -0.042036
    -0.043388   -0.044939   -0.046652   -0.048472
  1.000000  0.000000
     0.000001    0.000317    0.000317    0.000317    0.000317    0.000317    0.000317    0.000317
     0.000317    0.000317    0.000317    0.000317    0.000317    0.000317    0.000317    0.000317
     0.000317    0.000317    0.000317    0.000317    0.000317    0.000317    0.000317    0.000317
     0.000317    0.000317    0.000317    0.000317    0.000317    0.000317    0.000317    0.000317
     0.000317    0.000317    0.000317    0.000317    0.000317    0.000317    0.000317    0.000317
     0.000317    0.000317    0.000317    0.000317    0.000317    0.000317    0.000317    0.000317
     0.000317    0.000317    0.000317    0.000317    0.000317    0.000317    0.000317    0.000317
     0.000317    0.000317    0.000317    0.000317    0.000317    0.000317    0.000317    0.000317
     0.000317    0.000317    0.000317    0.000317    0.000317    0.000317    0.000317    0.000317
     0.000317    0.000317    0.000317    0.000317    0.000317    0.000317    0.000317    0.000317
     0.000317    0.000317    0.000317    0.000317    0.000317    0.000317    0.000317    0.000317
     0.000317    0.000317    0.000317    0.000317
 ***************************************************************
 ************STARTING THE INPUT FOR EACH BLADE ROW**************
  BLADE ROW NUMBER =        6                                           
    NUMBER OF BLADES IN ROW 
        70
        JM        JLE       JTE 
        91        14        82
      KTIPSTART  KTIPEND 
         0         0
       BOUNDARY LAYER TRANSITION POINTS 
         0         0         0         0
  SET NEWGRID= 1 TO GENERATE A NEW GRID WITH DIFFERENT "J" POINTS AND SPACINGS.
         0
   RPMROW,    RPMHUB 
    0.0    0.0
       JROTHS    JROTHE    JROTTS    JROTTE 
         1         1         1         1
   PUPROW    PLEROW   PTEROW    PDROW 
   208864.0   208864.0   217584.3  217584.3
      NSECS_ROW   INSURF  
         11         0
  IF_CUSP   IFANGLES 
         0         0
 ***************************************************************
  ROW NUMBER           6  SECTION NUMBER            1
           0           0           0  IF_DESIGN etc 
   1.00000   0.00000    0
     0.610600    0.614469    0.618182    0.621645    0.624778    0.627521    0.629836    0.631711
     0.633157    0.634214    0.634940    0.635417    0.635737    0.636004    0.636271    0.636553
     0.636847    0.637151    0.637465    0.637789    0.638123    0.638469    0.638828    0.639201
     0.639592    0.640003    0.640436    0.640894    0.641380    0.641897    0.642448    0.643036
     0.643662    0.644330    0.645041    0.645797    0.646601    0.647453    0.648354    0.649305
     0.650306    0.651357    0.652458    0.653607    0.654803    0.656044    0.657329    0.658654
     0.660017    0.661415    0.662844    0.664301    0.665780    0.667278    0.668791    0.670313
     0.671839    0.673365    0.674886    0.676397    0.677892    0.679367    0.680817    0.682239
     0.683627    0.684979    0.686292    0.687562    0.688789    0.689971    0.691107    0.692199
     0.693248    0.694257    0.695229    0.696172    0.697091    0.697994    0.698893    0.699799
     0.700726    0.701474    0.700726    0.699831    0.698515    0.696551    0.693795    0.690195
     0.685802    0.680762    0.675300
  1.000000  0.000000
    -0.019030   -0.019296   -0.019804   -0.020183   -0.020201   -0.019790   -0.019021   -0.018053
    -0.017063   -0.016193   -0.015518   -0.015039   -0.014702   -0.014410   -0.013640   -0.013142
    -0.012707   -0.012310   -0.011943   -0.011589   -0.011228   -0.010862   -0.010492   -0.010112
    -0.009724   -0.009327   -0.008916   -0.008492   -0.008053   -0.007600   -0.007131   -0.006645
    -0.006143   -0.005626   -0.005094   -0.004550   -0.003994   -0.003428   -0.002857   -0.002279
    -0.001701   -0.001123   -0.000550    0.000015    0.000571    0.001115    0.001643    0.002153
     0.002643    0.003111    0.003556    0.003976    0.004370    0.004737    0.005079    0.005394
     0.005682    0.005944    0.006183    0.006397    0.006588    0.006758    0.006908    0.007040
     0.007154    0.007253    0.007338    0.007410    0.007470    0.007521    0.007563    0.007597
     0.007624    0.007646    0.007662    0.007674    0.007682    0.007687    0.007688    0.007686
     0.007675    0.007405    0.007405    0.007405    0.007405    0.007405    0.007405    0.007405
     0.007405    0.007405    0.007405
  1.000000
    -0.019030   -0.019296   -0.019804   -0.020183   -0.020201   -0.019790   -0.019021   -0.018053
    -0.017063   -0.016193   -0.015518   -0.015039   -0.014702   -0.014410   -0.014641   -0.014556
    -0.014410   -0.014228   -0.014019   -0.013782   -0.013519   -0.013227   -0.012911   -0.012582
    -0.012246   -0.011903   -0.011545   -0.011167   -0.010780   -0.010377   -0.009958   -0.009522
    -0.009072   -0.008600   -0.008111   -0.007609   -0.007092   -0.006566   -0.006021   -0.005469
    -0.004911   -0.004349   -0.003779   -0.003211   -0.002648   -0.002083   -0.001528   -0.000983
    -0.000444    0.000080    0.000589    0.001082    0.001559    0.002016    0.002453    0.002870
     0.003266    0.003640    0.003991    0.004321    0.004628    0.004913    0.005176    0.005418
     0.005639    0.005839    0.006021    0.006184    0.006329    0.006459    0.006573    0.006673
     0.006760    0.006837    0.006902    0.006958    0.007006    0.007046    0.007080    0.007106
     0.007131    0.007405    0.007405    0.007405    0.007405    0.007405    0.007405    0.007405
     0.007405    0.007405    0.007405
  1.000000  0.000000
     0.190000    0.190000    0.190000    0.190000    0.190000    0.190000    0.190000    0.190000
     0.190000    0.190000    0.190000    0.190000    0.190000    0.190000    0.190000    0.190000
     0.190000    0.190000    0.190000    0.190000    0.190000    0.190000    0.190000    0.190000
     0.190000    0.190000    0.190000    0.190000    0.190000    0.190000    0.190000    0.190000
     0.190000    0.190000    0.190000    0.190000    0.190000    0.190000    0.190000    0.190000
     0.190000    0.190000    0.190000    0.190000    0.190000    0.190000    0.190000    0.190000
     0.190000    0.190000    0.190000    0.190000    0.190000    0.190000    0.190000    0.190000
     0.190000    0.190000    0.190000    0.190000    0.190000    0.190000    0.190000    0.190000
     0.190000    0.190000    0.190000    0.190000    0.190000    0.190000    0.190000    0.190002
     0.190007    0.190013    0.190018    0.190023    0.190028    0.190033    0.190037    0.190042
     0.190047    0.190051    0.190047    0.190042    0.190035    0.190025    0.190010    0.190000
     0.190000    0.190000    0.190000
 ***************************************************************
  ROW NUMBER           6  SECTION NUMBER            2
           0           0           0  IF_DESIGN etc 
   1.00000   0.00000    0
     0.610600    0.614481    0.618205    0.621678    0.624820    0.627570    0.629892    0.631770
     0.633220    0.634278    0.635006    0.635482    0.635801    0.636067    0.636333    0.636613
     0.636906    0.637209    0.637522    0.637844    0.638177    0.638521    0.638878    0.639250
     0.639639    0.640048    0.640479    0.640935    0.641419    0.641934    0.642483    0.643068
     0.643691    0.644356    0.645064    0.645818    0.646618    0.647466    0.648364    0.649310
     0.650307    0.651354    0.652449    0.653593    0.654784    0.656020    0.657299    0.658619
     0.659976    0.661368    0.662791    0.664241    0.665714    0.667206    0.668712    0.670227
     0.671747    0.673267    0.674781    0.676285    0.677774    0.679242    0.680687    0.682102
     0.683484    0.684831    0.686138    0.687403    0.688624    0.689801    0.690932    0.692019
     0.693064    0.694068    0.695037    0.695975    0.696890    0.697790    0.698685    0.699587
     0.700510    0.701255    0.700510    0.699620    0.698312    0.696364    0.693630    0.690061
     0.685707    0.680712    0.675300
  1.000000  0.000000
    -0.019030   -0.019257   -0.019672   -0.019944   -0.019866   -0.019385   -0.018579   -0.017599
    -0.016615   -0.015758   -0.015097   -0.014632   -0.014304   -0.014022   -0.013274   -0.012789
    -0.012366   -0.011980   -0.011623   -0.011279   -0.010929   -0.010574   -0.010215   -0.009846
    -0.009469   -0.009083   -0.008684   -0.008272   -0.007845   -0.007405   -0.006948   -0.006476
    -0.005987   -0.005483   -0.004966   -0.004436   -0.003894   -0.003342   -0.002786   -0.002222
    -0.001659   -0.001096   -0.000537    0.000015    0.000557    0.001087    0.001602    0.002100
     0.002578    0.003035    0.003468    0.003878    0.004263    0.004621    0.004953    0.005260
     0.005541    0.005797    0.006028    0.006237    0.006423    0.006588    0.006734    0.006861
     0.006972    0.007068    0.007150    0.007220    0.007278    0.007327    0.007368    0.007400
     0.007427    0.007447    0.007463    0.007474    0.007482    0.007486    0.007487    0.007485
     0.007474    0.007205    0.007205    0.007205    0.007205    0.007205    0.007205    0.007205
     0.007205    0.007205    0.007205
  1.000000
    -0.019030   -0.019257   -0.019672   -0.019944   -0.019866   -0.019385   -0.018579   -0.017599
    -0.016615   -0.015758   -0.015097   -0.014632   -0.014304   -0.014022   -0.014256   -0.014177
    -0.014037   -0.013863   -0.013662   -0.013435   -0.013181   -0.012898   -0.012593   -0.012275
    -0.011950   -0.011618   -0.011272   -0.010905   -0.010531   -0.010141   -0.009735   -0.009312
    -0.008876   -0.008419   -0.007944   -0.007457   -0.006955   -0.006444   -0.005914   -0.005378
    -0.004835   -0.004289   -0.003733   -0.003181   -0.002632   -0.002082   -0.001540   -0.001009
    -0.000483    0.000028    0.000525    0.001007    0.001473    0.001919    0.002347    0.002755
     0.003142    0.003508    0.003852    0.004175    0.004476    0.004755    0.005013    0.005250
     0.005467    0.005664    0.005842    0.006002    0.006145    0.006272    0.006384    0.006482
     0.006568    0.006643    0.006708    0.006763    0.006810    0.006850    0.006882    0.006908
     0.006933    0.007205    0.007205    0.007205    0.007205    0.007205    0.007205    0.007205
     0.007205    0.007205    0.007205
  1.000000  0.000000
     0.196365    0.196365    0.196365    0.196365    0.196365    0.196365    0.196365    0.196365
     0.196365    0.196365    0.196365    0.196365    0.196365    0.196365    0.196365    0.196365
     0.196365    0.196365    0.196365    0.196365    0.196365    0.196365    0.196365    0.196365
     0.196365    0.196365    0.196365    0.196365    0.196365    0.196365    0.196365    0.196365
     0.196365    0.196365    0.196365    0.196365    0.196365    0.196365    0.196365    0.196365
     0.196365    0.196365    0.196365    0.196365    0.196365    0.196365    0.196365    0.196365
     0.196365    0.196365    0.196365    0.196365    0.196365    0.196365    0.196365    0.196365
     0.196365    0.196365    0.196365    0.196365    0.196365    0.196365    0.196365    0.196365
     0.196365    0.196365    0.196365    0.196365    0.196365    0.196365    0.196365    0.196367
     0.196372    0.196377    0.196383    0.196393    0.196402    0.196411    0.196421    0.196430
     0.196439    0.196447    0.196439    0.196430    0.196417    0.196397    0.196375    0.196365
     0.196365    0.196365    0.196365
 ***************************************************************
  ROW NUMBER           6  SECTION NUMBER            3
           0           0           0  IF_DESIGN etc 
   1.00000   0.00000    0
     0.610600    0.614493    0.618228    0.621711    0.624862    0.627620    0.629947    0.631831
     0.633283    0.634343    0.635071    0.635546    0.635864    0.636129    0.636394    0.636673
     0.636965    0.637266    0.637578    0.637899    0.638230    0.638573    0.638928    0.639299
     0.639686    0.640093    0.640522    0.640976    0.641458    0.641971    0.642517    0.643099
     0.643720    0.644382    0.645087    0.645837    0.646634    0.647479    0.648372    0.649315
     0.650307    0.651349    0.652440    0.653579    0.654764    0.655995    0.657268    0.658582
     0.659934    0.661319    0.662736    0.664180    0.665646    0.667131    0.668631    0.670139
     0.671653    0.673166    0.674673    0.676170    0.677652    0.679115    0.680552    0.681962
     0.683338    0.684678    0.685980    0.687239    0.688455    0.689626    0.690753    0.691835
     0.692875    0.693875    0.694840    0.695774    0.696685    0.697581    0.698472    0.699370
     0.700289    0.701031    0.700289    0.699404    0.698105    0.696172    0.693462    0.689924
     0.685610    0.680662    0.675300
  1.000000  0.000000
    -0.019030   -0.019216   -0.019538   -0.019698   -0.019521   -0.018970   -0.018125   -0.017134
    -0.016155   -0.015312   -0.014667   -0.014214   -0.013897   -0.013625   -0.012898   -0.012427
    -0.012015   -0.011641   -0.011295   -0.010962   -0.010623   -0.010279   -0.009931   -0.009573
    -0.009208   -0.008834   -0.008447   -0.008046   -0.007633   -0.007205   -0.006762   -0.006303
    -0.005828   -0.005338   -0.004835   -0.004320   -0.003793   -0.003255   -0.002714   -0.002165
    -0.001617   -0.001068   -0.000524    0.000014    0.000542    0.001058    0.001560    0.002045
     0.002511    0.002956    0.003378    0.003777    0.004152    0.004500    0.004824    0.005123
     0.005396    0.005644    0.005869    0.006072    0.006252    0.006413    0.006554    0.006678
     0.006785    0.006878    0.006957    0.007024    0.007081    0.007128    0.007167    0.007198
     0.007223    0.007243    0.007258    0.007269    0.007276    0.007280    0.007280    0.007278
     0.007267    0.007000    0.007000    0.007000    0.007000    0.007000    0.007000    0.006999
     0.006999    0.006999    0.006999
  1.000000
    -0.019030   -0.019216   -0.019538   -0.019698   -0.019521   -0.018970   -0.018125   -0.017134
    -0.016155   -0.015312   -0.014667   -0.014214   -0.013897   -0.013625   -0.013860   -0.013787
    -0.013654   -0.013489   -0.013296   -0.013078   -0.012834   -0.012561   -0.012266   -0.011960
    -0.011646   -0.011325   -0.010991   -0.010638   -0.010276   -0.009899   -0.009507   -0.009098
    -0.008676   -0.008233   -0.007774   -0.007301   -0.006815   -0.006319   -0.005806   -0.005285
    -0.004758   -0.004227   -0.003688   -0.003150   -0.002616   -0.002081   -0.001554   -0.001036
    -0.000524   -0.000026    0.000459    0.000929    0.001384    0.001820    0.002238    0.002636
     0.003015    0.003373    0.003709    0.004025    0.004320    0.004593    0.004845    0.005078
     0.005290    0.005483    0.005657    0.005814    0.005955    0.006079    0.006190    0.006286
     0.006371    0.006444    0.006508    0.006562    0.006609    0.006648    0.006680    0.006705
     0.006730    0.007000    0.007000    0.007000    0.007000    0.007000    0.007000    0.006999
     0.006999    0.006999    0.006999
  1.000000  0.000000
     0.202730    0.202730    0.202730    0.202730    0.202730    0.202730    0.202730    0.202730
     0.202730    0.202730    0.202730    0.202730    0.202730    0.202730    0.202730    0.202730
     0.202730    0.202730    0.202730    0.202730    0.202730    0.202730    0.202730    0.202730
     0.202730    0.202730    0.202730    0.202730    0.202730    0.202730    0.202730    0.202730
     0.202730    0.202730    0.202730    0.202730    0.202730    0.202730    0.202730    0.202730
     0.202730    0.202730    0.202730    0.202730    0.202730    0.202730    0.202730    0.202730
     0.202730    0.202730    0.202730    0.202730    0.202730    0.202730    0.202730    0.202730
     0.202730    0.202730    0.202730    0.202730    0.202730    0.202730    0.202730    0.202730
     0.202730    0.202730    0.202730    0.202730    0.202730    0.202730    0.202730    0.202732
     0.202737    0.202741    0.202749    0.202763    0.202776    0.202790    0.202804    0.202817
     0.202831    0.202843    0.202831    0.202818    0.202799    0.202770    0.202739    0.202730
     0.202730    0.202730    0.202730
 ***************************************************************
  ROW NUMBER           6  SECTION NUMBER            4
           0           0           0  IF_DESIGN etc 
   1.00000   0.00000    0
     0.610600    0.614516    0.618273    0.621776    0.624945    0.627718    0.630058    0.631950
     0.633409    0.634472    0.635201    0.635676    0.635992    0.636254    0.636517    0.636794
     0.637082    0.637382    0.637690    0.638009    0.638337    0.638677    0.639029    0.639396
     0.639780    0.640184    0.640609    0.641059    0.641537    0.642046    0.642587    0.643164
     0.643780    0.644436    0.645135    0.645878    0.646668    0.647505    0.648391    0.649326
     0.650309    0.651342    0.652424    0.653553    0.654728    0.655948    0.657210    0.658513
     0.659852    0.661226    0.662630    0.664061    0.665515    0.666988    0.668474    0.669970
     0.671470    0.672970    0.674464    0.675948    0.677418    0.678867    0.680292    0.681689
     0.683054    0.684383    0.685673    0.686921    0.688127    0.689288    0.690404    0.691477
     0.692508    0.693500    0.694457    0.695383    0.696286    0.697174    0.698058    0.698948
     0.699859    0.700594    0.699859    0.698983    0.697701    0.695799    0.693134    0.689658
     0.685421    0.680563    0.675300
  1.000000  0.000000
    -0.019030   -0.019138   -0.019276   -0.019221   -0.018853   -0.018166   -0.017245   -0.016231
    -0.015263   -0.014447   -0.013830   -0.013402   -0.013106   -0.012852   -0.012170   -0.011726
    -0.011336   -0.010983   -0.010659   -0.010347   -0.010029   -0.009707   -0.009380   -0.009044
    -0.008702   -0.008350   -0.007985   -0.007608   -0.007219   -0.006816   -0.006398   -0.005965
    -0.005517   -0.005055   -0.004579   -0.004092   -0.003594   -0.003085   -0.002572   -0.002053
    -0.001533   -0.001013   -0.000497    0.000013    0.000514    0.001004    0.001481    0.001941
     0.002382    0.002804    0.003205    0.003583    0.003938    0.004269    0.004575    0.004858
     0.005116    0.005350    0.005563    0.005754    0.005924    0.006074    0.006207    0.006323
     0.006423    0.006510    0.006584    0.006646    0.006699    0.006742    0.006778    0.006807
     0.006830    0.006848    0.006862    0.006871    0.006877    0.006880    0.006880    0.006878
     0.006867    0.006603    0.006603    0.006603    0.006603    0.006603    0.006603    0.006602
     0.006602    0.006602    0.006602
  1.000000
    -0.019030   -0.019138   -0.019276   -0.019221   -0.018853   -0.018166   -0.017245   -0.016231
    -0.015263   -0.014447   -0.013830   -0.013402   -0.013106   -0.012852   -0.013093   -0.013032
    -0.012913   -0.012763   -0.012587   -0.012387   -0.012162   -0.011907   -0.011633   -0.011349
    -0.011057   -0.010759   -0.010447   -0.010118   -0.009781   -0.009430   -0.009063   -0.008681
    -0.008286   -0.007871   -0.007441   -0.006999   -0.006542   -0.006076   -0.005593   -0.005103
    -0.004607   -0.004106   -0.003597   -0.003089   -0.002584   -0.002078   -0.001578   -0.001087
    -0.000601   -0.000128    0.000333    0.000780    0.001213    0.001628    0.002027    0.002408
     0.002769    0.003111    0.003433    0.003735    0.004018    0.004280    0.004522    0.004745
     0.004949    0.005134    0.005302    0.005452    0.005587    0.005708    0.005814    0.005907
     0.005988    0.006060    0.006122    0.006174    0.006219    0.006256    0.006288    0.006313
     0.006336    0.006603    0.006603    0.006603    0.006603    0.006603    0.006603    0.006602
     0.006602    0.006602    0.006602
  1.000000  0.000000
     0.215460    0.215460    0.215460    0.215460    0.215460    0.215460    0.215460    0.215460
     0.215460    0.215460    0.215460    0.215460    0.215460    0.215460    0.215460    0.215460
     0.215460    0.215460    0.215460    0.215460    0.215460    0.215460    0.215460    0.215460
     0.215460    0.215460    0.215460    0.215460    0.215460    0.215460    0.215460    0.215460
     0.215460    0.215460    0.215460    0.215460    0.215460    0.215460    0.215460    0.215460
     0.215460    0.215460    0.215460    0.215460    0.215460    0.215460    0.215460    0.215460
     0.215460    0.215460    0.215460    0.215460    0.215460    0.215460    0.215460    0.215460
     0.215460    0.215460    0.215460    0.215460    0.215460    0.215460    0.215460    0.215460
     0.215460    0.215460    0.215460    0.215460    0.215460    0.215460    0.215460    0.215461
     0.215466    0.215470    0.215480    0.215502    0.215525    0.215548    0.215570    0.215593
     0.215616    0.215635    0.215616    0.215594    0.215562    0.215515    0.215468    0.215460
     0.215460    0.215460    0.215460
 ***************************************************************
  ROW NUMBER           6  SECTION NUMBER            5
           0           0           0  IF_DESIGN etc 
   1.00000   0.00000    0
     0.610600    0.614561    0.618362    0.621906    0.625110    0.627914    0.630277    0.632188
     0.633659    0.634729    0.635459    0.635933    0.636246    0.636504    0.636763    0.637035
     0.637319    0.637614    0.637917    0.638231    0.638554    0.638888    0.639235    0.639596
     0.639974    0.640371    0.640790    0.641233    0.641704    0.642204    0.642737    0.643305
     0.643910    0.644556    0.645244    0.645976    0.646753    0.647577    0.648449    0.649369
     0.650337    0.651353    0.652418    0.653529    0.654685    0.655886    0.657128    0.658410
     0.659729    0.661081    0.662463    0.663871    0.665302    0.666751    0.668214    0.669686
     0.671163    0.672639    0.674109    0.675570    0.677016    0.678443    0.679846    0.681220
     0.682563    0.683871    0.685141    0.686369    0.687556    0.688699    0.689798    0.690853
     0.691868    0.692845    0.693786    0.694698    0.695587    0.696461    0.697330    0.698206
     0.699103    0.699827    0.699103    0.698243    0.696993    0.695143    0.692558    0.689191
     0.685091    0.680391    0.675300
  1.000000  0.000000
    -0.019030   -0.019006   -0.018835   -0.018417   -0.017725   -0.016806   -0.015757   -0.014701
    -0.013750   -0.012977   -0.012407   -0.012020   -0.011756   -0.011533   -0.010931   -0.010531
    -0.010179   -0.009860   -0.009570   -0.009292   -0.009009   -0.008722   -0.008430   -0.008130
    -0.007825   -0.007510   -0.007183   -0.006846   -0.006497   -0.006135   -0.005760   -0.005370
    -0.004967   -0.004551   -0.004121   -0.003682   -0.003232   -0.002773   -0.002308   -0.001839
    -0.001368   -0.000896   -0.000429    0.000033    0.000488    0.000932    0.001364    0.001781
     0.002181    0.002563    0.002926    0.003269    0.003589    0.003887    0.004164    0.004418
     0.004650    0.004861    0.005051    0.005221    0.005373    0.005506    0.005624    0.005726
     0.005814    0.005890    0.005954    0.006009    0.006054    0.006091    0.006121    0.006146
     0.006165    0.006180    0.006191    0.006198    0.006203    0.006204    0.006203    0.006200
     0.006189    0.005931    0.005931    0.005931    0.005931    0.005931    0.005930    0.005929
     0.005929    0.005929    0.005929
  1.000000
    -0.019030   -0.019006   -0.018835   -0.018417   -0.017725   -0.016806   -0.015757   -0.014701
    -0.013750   -0.012977   -0.012407   -0.012020   -0.011756   -0.011533   -0.011796   -0.011752
    -0.011657   -0.011532   -0.011383   -0.011211   -0.011015   -0.010792   -0.010551   -0.010303
    -0.010047   -0.009786   -0.009512   -0.009223   -0.008926   -0.008616   -0.008293   -0.007956
    -0.007607   -0.007238   -0.006857   -0.006464   -0.006058   -0.005643   -0.005211   -0.004773
    -0.004328   -0.003879   -0.003422   -0.002965   -0.002510   -0.002053   -0.001601   -0.001157
    -0.000715   -0.000285    0.000134    0.000542    0.000937    0.001317    0.001682    0.002030
     0.002362    0.002677    0.002973    0.003252    0.003513    0.003755    0.003979    0.004185
     0.004374    0.004546    0.004702    0.004843    0.004968    0.005080    0.005179    0.005266
     0.005343    0.005410    0.005468    0.005517    0.005559    0.005595    0.005624    0.005648
     0.005671    0.005931    0.005931    0.005931    0.005931    0.005931    0.005930    0.005929
     0.005929    0.005929    0.005929
  1.000000  0.000000
     0.240920    0.240920    0.240920    0.240920    0.240920    0.240920    0.240920    0.240920
     0.240920    0.240920    0.240920    0.240920    0.240920    0.240920    0.240920    0.240920
     0.240920    0.240920    0.240920    0.240920    0.240920    0.240920    0.240920    0.240920
     0.240920    0.240920    0.240920    0.240920    0.240920    0.240920    0.240920    0.240920
     0.240920    0.240920    0.240920    0.240920    0.240920    0.240920    0.240920    0.240920
     0.240920    0.240920    0.240920    0.240920    0.240920    0.240920    0.240920    0.240920
     0.240920    0.240920    0.240920    0.240920    0.240920    0.240920    0.240920    0.240920
     0.240920    0.240920    0.240920    0.240920    0.240920    0.240920    0.240920    0.240920
     0.240920    0.240920    0.240920    0.240920    0.240920    0.240920    0.240920    0.240921
     0.240924    0.240928    0.240941    0.240982    0.241023    0.241063    0.241103    0.241143
     0.241185    0.241218    0.241185    0.241145    0.241089    0.241006    0.240926    0.240920
     0.240920    0.240920    0.240920
 ***************************************************************
  ROW NUMBER           6  SECTION NUMBER            6
           0           0           0  IF_DESIGN etc 
   1.00000   0.00000    0
     0.610600    0.614584    0.618406    0.621970    0.625192    0.628010    0.630386    0.632305
     0.633782    0.634856    0.635588    0.636061    0.636372    0.636628    0.636885    0.637155
     0.637437    0.637730    0.638031    0.638342    0.638663    0.638995    0.639339    0.639698
     0.640073    0.640467    0.640883    0.641323    0.641790    0.642286    0.642815    0.643379
     0.643981    0.644622    0.645305    0.646031    0.646803    0.647621    0.648486    0.649399
     0.650360    0.651369    0.652426    0.653529    0.654677    0.655869    0.657102    0.658375
     0.659683    0.661026    0.662398    0.663796    0.665216    0.666655    0.668107    0.669568
     0.671034    0.672499    0.673959    0.675409    0.676845    0.678261    0.679653    0.681018
     0.682351    0.683649    0.684910    0.686129    0.687307    0.688442    0.689533    0.690581
     0.691588    0.692557    0.693492    0.694397    0.695279    0.696147    0.697010    0.697880
     0.698770    0.699488    0.698770    0.697918    0.696681    0.694855    0.692305    0.688986
     0.684945    0.680315    0.675300
  1.000000  0.000000
    -0.019030   -0.018951   -0.018653   -0.018086   -0.017261   -0.016246   -0.015144   -0.014072
    -0.013127   -0.012371   -0.011821   -0.011450   -0.011199   -0.010989   -0.010407   -0.010025
    -0.009687   -0.009383   -0.009106   -0.008841   -0.008572   -0.008300   -0.008022   -0.007737
    -0.007446   -0.007146   -0.006836   -0.006514   -0.006182   -0.005838   -0.005480   -0.005109
    -0.004724   -0.004327   -0.003917   -0.003497   -0.003068   -0.002630   -0.002186   -0.001737
    -0.001288   -0.000837   -0.000390    0.000052    0.000486    0.000911    0.001323    0.001722
     0.002104    0.002469    0.002815    0.003142    0.003448    0.003732    0.003995    0.004237
     0.004458    0.004658    0.004838    0.005000    0.005143    0.005269    0.005380    0.005476
     0.005559    0.005630    0.005690    0.005741    0.005783    0.005817    0.005845    0.005867
     0.005884    0.005898    0.005908    0.005915    0.005918    0.005919    0.005918    0.005914
     0.005903    0.005648    0.005648    0.005648    0.005648    0.005648    0.005647    0.005646
     0.005646    0.005646    0.005646
  1.000000
    -0.019030   -0.018951   -0.018653   -0.018086   -0.017261   -0.016246   -0.015144   -0.014072
    -0.013127   -0.012371   -0.011821   -0.011450   -0.011199   -0.010989   -0.011249   -0.011213
    -0.011127   -0.011012   -0.010873   -0.010712   -0.010528   -0.010318   -0.010091   -0.009857
    -0.009616   -0.009370   -0.009111   -0.008839   -0.008558   -0.008266   -0.007960   -0.007641
    -0.007311   -0.006962   -0.006601   -0.006229   -0.005843   -0.005449   -0.005040   -0.004623
    -0.004201   -0.003774   -0.003338   -0.002903   -0.002469   -0.002033   -0.001602   -0.001177
    -0.000756   -0.000344    0.000057    0.000448    0.000826    0.001191    0.001541    0.001876
     0.002195    0.002498    0.002783    0.003051    0.003303    0.003536    0.003752    0.003951
     0.004134    0.004300    0.004451    0.004587    0.004708    0.004817    0.004913    0.004997
     0.005071    0.005136    0.005192    0.005240    0.005281    0.005316    0.005344    0.005367
     0.005390    0.005648    0.005648    0.005648    0.005648    0.005648    0.005647    0.005646
     0.005646    0.005646    0.005646
  1.000000  0.000000
     0.253650    0.253650    0.253650    0.253650    0.253650    0.253650    0.253650    0.253650
     0.253650    0.253650    0.253650    0.253650    0.253650    0.253650    0.253650    0.253650
     0.253650    0.253650    0.253650    0.253650    0.253650    0.253650    0.253650    0.253650
     0.253650    0.253650    0.253650    0.253650    0.253650    0.253650    0.253650    0.253650
     0.253650    0.253650    0.253650    0.253650    0.253650    0.253650    0.253650    0.253650
     0.253650    0.253650    0.253650    0.253650    0.253650    0.253650    0.253650    0.253650
     0.253650    0.253650    0.253650    0.253650    0.253650    0.253650    0.253650    0.253650
     0.253650    0.253650    0.253650    0.253650    0.253650    0.253650    0.253650    0.253650
     0.253650    0.253650    0.253650    0.253650    0.253650    0.253650    0.253650    0.253651
     0.253654    0.253657    0.253672    0.253721    0.253771    0.253821    0.253869    0.253919
     0.253969    0.254010    0.253969    0.253921    0.253852    0.253751    0.253655    0.253650
     0.253650    0.253650    0.253650
 ***************************************************************
  ROW NUMBER           6  SECTION NUMBER            7
           0           0           0  IF_DESIGN etc 
   1.00000   0.00000    0
     0.610600    0.614606    0.618450    0.622033    0.625272    0.628106    0.630493    0.632422
     0.633905    0.634982    0.635715    0.636188    0.636498    0.636752    0.637007    0.637275
     0.637555    0.637846    0.638145    0.638454    0.638773    0.639102    0.639444    0.639800
     0.640173    0.640564    0.640977    0.641414    0.641877    0.642370    0.642895    0.643455
     0.644052    0.644689    0.645367    0.646088    0.646854    0.647667    0.648526    0.649432
     0.650387    0.651389    0.652438    0.653533    0.654673    0.655856    0.657081    0.658345
     0.659644    0.660977    0.662339    0.663727    0.665138    0.666566    0.668008    0.669459
     0.670914    0.672369    0.673819    0.675259    0.676684    0.678090    0.679473    0.680828
     0.682152    0.683441    0.684692    0.685903    0.687072    0.688199    0.689282    0.690323
     0.691323    0.692285    0.693214    0.694112    0.694988    0.695850    0.696706    0.697570
     0.698454    0.699167    0.698454    0.697609    0.696385    0.694582    0.692065    0.688792
     0.684808    0.680243    0.675300
  1.000000  0.000000
    -0.019030   -0.018902   -0.018488   -0.017786   -0.016841   -0.015740   -0.014591   -0.013504
    -0.012566   -0.011826   -0.011294   -0.010938   -0.010699   -0.010499   -0.009921   -0.009554
    -0.009231   -0.008939   -0.008674   -0.008422   -0.008166   -0.007906   -0.007642   -0.007370
    -0.007093   -0.006807   -0.006511   -0.006204   -0.005888   -0.005559   -0.005217   -0.004862
    -0.004495   -0.004116   -0.003724   -0.003323   -0.002912   -0.002493   -0.002069   -0.001640
    -0.001209   -0.000778   -0.000351    0.000072    0.000487    0.000894    0.001288    0.001669
     0.002035    0.002384    0.002715    0.003026    0.003319    0.003590    0.003840    0.004071
     0.004281    0.004471    0.004642    0.004795    0.004930    0.005050    0.005155    0.005245
     0.005323    0.005390    0.005446    0.005493    0.005532    0.005564    0.005589    0.005610
     0.005625    0.005637    0.005646    0.005652    0.005654    0.005655    0.005653    0.005649
     0.005638    0.005385    0.005385    0.005385    0.005385    0.005385    0.005384    0.005384
     0.005384    0.005384    0.005384
  1.000000
    -0.019030   -0.018902   -0.018488   -0.017786   -0.016841   -0.015740   -0.014591   -0.013504
    -0.012566   -0.011826   -0.011294   -0.010938   -0.010699   -0.010499   -0.010742   -0.010712
    -0.010635   -0.010529   -0.010400   -0.010250   -0.010076   -0.009878   -0.009664   -0.009443
    -0.009214   -0.008982   -0.008737   -0.008481   -0.008215   -0.007938   -0.007649   -0.007346
    -0.007033   -0.006703   -0.006360   -0.006007   -0.005641   -0.005266   -0.004878   -0.004481
    -0.004079   -0.003672   -0.003257   -0.002842   -0.002428   -0.002012   -0.001599   -0.001193
    -0.000790   -0.000396   -0.000011    0.000363    0.000726    0.001076    0.001413    0.001735
     0.002042    0.002333    0.002608    0.002867    0.003109    0.003334    0.003543    0.003735
     0.003912    0.004073    0.004219    0.004350    0.004468    0.004573    0.004666    0.004748
     0.004819    0.004882    0.004937    0.004984    0.005024    0.005057    0.005085    0.005107
     0.005130    0.005385    0.005385    0.005385    0.005385    0.005385    0.005384    0.005384
     0.005384    0.005384    0.005384
  1.000000  0.000000
     0.266380    0.266380    0.266380    0.266380    0.266380    0.266380    0.266380    0.266380
     0.266380    0.266380    0.266380    0.266380    0.266380    0.266380    0.266380    0.266380
     0.266380    0.266380    0.266380    0.266380    0.266380    0.266380    0.266380    0.266380
     0.266380    0.266380    0.266380    0.266380    0.266380    0.266380    0.266380    0.266380
     0.266380    0.266380    0.266380    0.266380    0.266380    0.266380    0.266380    0.266380
     0.266380    0.266380    0.266380    0.266380    0.266380    0.266380    0.266380    0.266380
     0.266380    0.266380    0.266380    0.266380    0.266380    0.266380    0.266380    0.266380
     0.266380    0.266380    0.266380    0.266380    0.266380    0.266380    0.266380    0.266380
     0.266380    0.266380    0.266380    0.266380    0.266380    0.266380    0.266380    0.266381
     0.266383    0.266385    0.266403    0.266461    0.266520    0.266578    0.266636    0.266694
     0.266754    0.266802    0.266754    0.266697    0.266616    0.266496    0.266384    0.266380
     0.266380    0.266380    0.266380
 ***************************************************************
  ROW NUMBER           6  SECTION NUMBER            8
           0           0           0  IF_DESIGN etc 
   1.00000   0.00000    0
     0.610600    0.614651    0.618537    0.622159    0.625433    0.628295    0.630706    0.632653
     0.634148    0.635232    0.635968    0.636440    0.636747    0.636998    0.637249    0.637514
     0.637791    0.638077    0.638372    0.638677    0.638991    0.639316    0.639653    0.640005
     0.640372    0.640758    0.641165    0.641596    0.642053    0.642540    0.643058    0.643610
     0.644199    0.644827    0.645496    0.646207    0.646963    0.647764    0.648611    0.649506
     0.650447    0.651435    0.652470    0.653550    0.654675    0.655842    0.657050    0.658297
     0.659578    0.660893    0.662237    0.663606    0.664997    0.666406    0.667828    0.669260
     0.670695    0.672130    0.673560    0.674980    0.676386    0.677773    0.679137    0.680474
     0.681779    0.683051    0.684285    0.685480    0.686633    0.687744    0.688813    0.689839
     0.690826    0.691775    0.692690    0.693576    0.694440    0.695290    0.696135    0.696987
     0.697859    0.698563    0.697859    0.697028    0.695829    0.694067    0.691614    0.688427
     0.684549    0.680108    0.675300
  1.000000  0.000000
    -0.019030   -0.018813   -0.018193   -0.017249   -0.016090   -0.014835   -0.013603   -0.012492
    -0.011566   -0.010856   -0.010355   -0.010026   -0.009808   -0.009628   -0.009041   -0.008702
    -0.008403   -0.008134   -0.007891   -0.007660   -0.007427   -0.007191   -0.006950   -0.006702
    -0.006450   -0.006189   -0.005919   -0.005639   -0.005350   -0.005049   -0.004736   -0.004412
    -0.004076   -0.003729   -0.003370   -0.003002   -0.002626   -0.002242   -0.001852   -0.001459
    -0.001063   -0.000668   -0.000276    0.000113    0.000494    0.000867    0.001229    0.001578
     0.001913    0.002232    0.002535    0.002820    0.003086    0.003333    0.003562    0.003771
     0.003961    0.004133    0.004288    0.004425    0.004547    0.004654    0.004747    0.004827
     0.004896    0.004954    0.005003    0.005044    0.005077    0.005105    0.005126    0.005143
     0.005155    0.005165    0.005172    0.005175    0.005177    0.005176    0.005173    0.005169
     0.005158    0.004909    0.004909    0.004909    0.004909    0.004909    0.004908    0.004908
     0.004908    0.004908    0.004908
  1.000000
    -0.019030   -0.018813   -0.018193   -0.017249   -0.016090   -0.014835   -0.013603   -0.012492
    -0.011566   -0.010856   -0.010355   -0.010026   -0.009808   -0.009628   -0.009823   -0.009806
    -0.009744   -0.009655   -0.009543   -0.009411   -0.009257   -0.009079   -0.008887   -0.008690
    -0.008486   -0.008276   -0.008058   -0.007830   -0.007589   -0.007341   -0.007081   -0.006809
    -0.006525   -0.006231   -0.005920   -0.005601   -0.005270   -0.004929   -0.004579   -0.004219
    -0.003853   -0.003483   -0.003106   -0.002727   -0.002347   -0.001968   -0.001591   -0.001217
    -0.000849   -0.000487   -0.000132    0.000213    0.000548    0.000872    0.001183    0.001482
     0.001766    0.002037    0.002293    0.002534    0.002760    0.002970    0.003165    0.003345
     0.003511    0.003662    0.003799    0.003922    0.004033    0.004132    0.004220    0.004297
     0.004364    0.004423    0.004475    0.004519    0.004557    0.004589    0.004616    0.004637
     0.004659    0.004909    0.004909    0.004909    0.004909    0.004909    0.004908    0.004908
     0.004908    0.004908    0.004908
  1.000000  0.000000
     0.291840    0.291840    0.291840    0.291840    0.291840    0.291840    0.291840    0.291840
     0.291840    0.291840    0.291840    0.291840    0.291840    0.291840    0.291840    0.291840
     0.291840    0.291840    0.291840    0.291840    0.291840    0.291840    0.291840    0.291840
     0.291840    0.291840    0.291840    0.291840    0.291840    0.291840    0.291840    0.291840
     0.291840    0.291840    0.291840    0.291840    0.291840    0.291840    0.291840    0.291840
     0.291840    0.291840    0.291840    0.291840    0.291840    0.291840    0.291840    0.291840
     0.291840    0.291840    0.291840    0.291840    0.291840    0.291840    0.291840    0.291840
     0.291840    0.291840    0.291840    0.291840    0.291840    0.291840    0.291840    0.291840
     0.291840    0.291840    0.291840    0.291840    0.291840    0.291840    0.291840    0.291840
     0.291842    0.291843    0.291865    0.291941    0.292018    0.292093    0.292169    0.292245
     0.292322    0.292385    0.292322    0.292248    0.292142    0.291987    0.291842    0.291840
     0.291840    0.291840    0.291840
 ***************************************************************
  ROW NUMBER           6  SECTION NUMBER            9
           0           0           0  IF_DESIGN etc 
   1.00000   0.00000    0
     0.610600    0.614673    0.618580    0.622221    0.625512    0.628389    0.630812    0.632768
     0.634269    0.635357    0.636094    0.636566    0.636872    0.637121    0.637371    0.637634
     0.637908    0.638193    0.638486    0.638789    0.639101    0.639424    0.639759    0.640108
     0.640473    0.640856    0.641261    0.641689    0.642143    0.642626    0.643141    0.643690
     0.644275    0.644899    0.645563    0.646270    0.647021    0.647816    0.648658    0.649547
     0.650482    0.651464    0.652492    0.653565    0.654682    0.655842    0.657042    0.658280
     0.659554    0.660860    0.662195    0.663555    0.664937    0.666337    0.667750    0.669172
     0.670598    0.672023    0.673444    0.674855    0.676252    0.677630    0.678985    0.680312
     0.681610    0.682873    0.684099    0.685286    0.686432    0.687536    0.688597    0.689617
     0.690597    0.691539    0.692449    0.693329    0.694188    0.695032    0.695871    0.696718
     0.697584    0.698283    0.697584    0.696759    0.695572    0.693830    0.691406    0.688258
     0.684430    0.680046    0.675300
  1.000000  0.000000
    -0.019030   -0.018773   -0.018061   -0.017009   -0.015752   -0.014429   -0.013159   -0.012036
    -0.011115   -0.010417   -0.009930   -0.009613   -0.009404   -0.009233   -0.008655   -0.008328
    -0.008040   -0.007781   -0.007546   -0.007325   -0.007102   -0.006876   -0.006645   -0.006408
    -0.006166   -0.005916   -0.005657   -0.005389   -0.005111   -0.004823   -0.004523   -0.004212
    -0.003889   -0.003556   -0.003212   -0.002858   -0.002497   -0.002128   -0.001754   -0.001376
    -0.000996   -0.000616   -0.000240    0.000133    0.000500    0.000858    0.001205    0.001541
     0.001862    0.002168    0.002458    0.002731    0.002987    0.003223    0.003441    0.003641
     0.003823    0.003987    0.004134    0.004265    0.004380    0.004481    0.004569    0.004645
     0.004710    0.004764    0.004810    0.004848    0.004879    0.004904    0.004924    0.004939
     0.004950    0.004959    0.004964    0.004967    0.004968    0.004967    0.004964    0.004959
     0.004948    0.004702    0.004702    0.004702    0.004702    0.004702    0.004701    0.004701
     0.004701    0.004701    0.004701
  1.000000
    -0.019030   -0.018773   -0.018061   -0.017009   -0.015752   -0.014429   -0.013159   -0.012036
    -0.011115   -0.010417   -0.009930   -0.009613   -0.009404   -0.009233   -0.009421   -0.009409
    -0.009354   -0.009272   -0.009168   -0.009043   -0.008897   -0.008728   -0.008546   -0.008359
    -0.008165   -0.007965   -0.007759   -0.007543   -0.007313   -0.007077   -0.006829   -0.006571
    -0.006300   -0.006020   -0.005724   -0.005420   -0.005104   -0.004779   -0.004445   -0.004101
    -0.003751   -0.003397   -0.003036   -0.002673   -0.002309   -0.001946   -0.001584   -0.001225
    -0.000871   -0.000523   -0.000182    0.000150    0.000473    0.000784    0.001085    0.001373
     0.001648    0.001910    0.002157    0.002390    0.002609    0.002812    0.003001    0.003176
     0.003337    0.003483    0.003616    0.003736    0.003844    0.003940    0.004025    0.004100
     0.004166    0.004224    0.004274    0.004317    0.004354    0.004385    0.004411    0.004432
     0.004453    0.004702    0.004702    0.004702    0.004702    0.004702    0.004701    0.004701
     0.004701    0.004701    0.004701
  1.000000  0.000000
     0.304570    0.304570    0.304570    0.304570    0.304570    0.304570    0.304570    0.304570
     0.304570    0.304570    0.304570    0.304570    0.304570    0.304570    0.304570    0.304570
     0.304570    0.304570    0.304570    0.304570    0.304570    0.304570    0.304570    0.304570
     0.304570    0.304570    0.304570    0.304570    0.304570    0.304570    0.304570    0.304570
     0.304570    0.304570    0.304570    0.304570    0.304570    0.304570    0.304570    0.304570
     0.304570    0.304570    0.304570    0.304570    0.304570    0.304570    0.304570    0.304570
     0.304570    0.304570    0.304570    0.304570    0.304570    0.304570    0.304570    0.304570
     0.304570    0.304570    0.304570    0.304570    0.304570    0.304570    0.304570    0.304570
     0.304570    0.304570    0.304570    0.304570    0.304570    0.304570    0.304570    0.304570
     0.304571    0.304572    0.304596    0.304680    0.304766    0.304851    0.304935    0.305020
     0.305107    0.305177    0.305107    0.305024    0.304906    0.304732    0.304571    0.304570
     0.304570    0.304570    0.304570
 ***************************************************************
  ROW NUMBER           6  SECTION NUMBER            10
           0           0           0  IF_DESIGN etc 
   1.00000   0.00000    0
     0.610600    0.614684    0.618601    0.622252    0.625552    0.628436    0.630865    0.632825
     0.634330    0.635419    0.636157    0.636628    0.636934    0.637182    0.637431    0.637693
     0.637967    0.638250    0.638543    0.638845    0.639156    0.639478    0.639812    0.640160
     0.640523    0.640906    0.641309    0.641736    0.642188    0.642670    0.643183    0.643730
     0.644313    0.644935    0.645597    0.646302    0.647050    0.647844    0.648683    0.649568
     0.650501    0.651479    0.652504    0.653574    0.654688    0.655843    0.657040    0.658274
     0.659543    0.660845    0.662176    0.663532    0.664910    0.666305    0.667713    0.669130
     0.670552    0.671973    0.673389    0.674796    0.676188    0.677561    0.678912    0.680236
     0.681529    0.682788    0.684010    0.685193    0.686335    0.687436    0.688494    0.689511
     0.690487    0.691427    0.692333    0.693211    0.694066    0.694908    0.695745    0.696588
     0.697452    0.698148    0.697452    0.696630    0.695448    0.693715    0.691306    0.688177
     0.684372    0.680016    0.675300
  1.000000  0.000000
    -0.019030   -0.018755   -0.017998   -0.016894   -0.015592   -0.014235   -0.012947   -0.011817
    -0.010899   -0.010207   -0.009726   -0.009414   -0.009209   -0.009042   -0.008474   -0.008153
    -0.007870   -0.007615   -0.007385   -0.007168   -0.006949   -0.006728   -0.006502   -0.006269
    -0.006033   -0.005787   -0.005533   -0.005271   -0.004999   -0.004716   -0.004422   -0.004117
    -0.003801   -0.003474   -0.003137   -0.002790   -0.002436   -0.002074   -0.001707   -0.001336
    -0.000964   -0.000591   -0.000222    0.000144    0.000503    0.000854    0.001195    0.001524
     0.001839    0.002139    0.002423    0.002691    0.002941    0.003172    0.003385    0.003581
     0.003759    0.003919    0.004062    0.004190    0.004302    0.004401    0.004486    0.004560
     0.004623    0.004676    0.004720    0.004757    0.004787    0.004811    0.004830    0.004844
     0.004855    0.004863    0.004868    0.004870    0.004871    0.004869    0.004866    0.004862
     0.004850    0.004605    0.004605    0.004605    0.004605    0.004605    0.004605    0.004605
     0.004605    0.004605    0.004605
  1.000000
    -0.019030   -0.018755   -0.017998   -0.016894   -0.015592   -0.014235   -0.012947   -0.011817
    -0.010899   -0.010207   -0.009726   -0.009414   -0.009209   -0.009042   -0.009234   -0.009224
    -0.009172   -0.009093   -0.008992   -0.008871   -0.008729   -0.008564   -0.008387   -0.008204
    -0.008015   -0.007820   -0.007618   -0.007407   -0.007184   -0.006953   -0.006711   -0.006458
    -0.006194   -0.005921   -0.005632   -0.005334   -0.005026   -0.004707   -0.004381   -0.004044
    -0.003702   -0.003355   -0.003002   -0.002647   -0.002290   -0.001934   -0.001580   -0.001228
    -0.000881   -0.000539   -0.000205    0.000121    0.000438    0.000744    0.001040    0.001323
     0.001593    0.001851    0.002094    0.002323    0.002539    0.002739    0.002925    0.003097
     0.003256    0.003400    0.003531    0.003649    0.003756    0.003850    0.003935    0.004009
     0.004074    0.004131    0.004180    0.004223    0.004259    0.004290    0.004316    0.004336
     0.004357    0.004605    0.004605    0.004605    0.004605    0.004605    0.004605    0.004605
     0.004605    0.004605    0.004605
  1.000000  0.000000
     0.310935    0.310935    0.310935    0.310935    0.310935    0.310935    0.310935    0.310935
     0.310935    0.310935    0.310935    0.310935    0.310935    0.310935    0.310935    0.310935
     0.310935    0.310935    0.310935    0.310935    0.310935    0.310935    0.310935    0.310935
     0.310935    0.310935    0.310935    0.310935    0.310935    0.310935    0.310935    0.310935
     0.310935    0.310935    0.310935    0.310935    0.310935    0.310935    0.310935    0.310935
     0.310935    0.310935    0.310935    0.310935    0.310935    0.310935    0.310935    0.310935
     0.310935    0.310935    0.310935    0.310935    0.310935    0.310935    0.310935    0.310935
     0.310935    0.310935    0.310935    0.310935    0.310935    0.310935    0.310935    0.310935
     0.310935    0.310935    0.310935    0.310935    0.310935    0.310935    0.310935    0.310935
     0.310936    0.310936    0.310961    0.311050    0.311141    0.311230    0.311318    0.311408
     0.311499    0.311573    0.311499    0.311412    0.311287    0.311105    0.310936    0.310935
     0.310935    0.310935    0.310935
 ***************************************************************
  ROW NUMBER           6  SECTION NUMBER            11
           0           0           0  IF_DESIGN etc 
   1.00000   0.00000    0
     0.610600    0.614695    0.618623    0.622283    0.625591    0.628483    0.630918    0.632883
     0.634390    0.635481    0.636220    0.636691    0.636996    0.637244    0.637492    0.637753
     0.638026    0.638308    0.638600    0.638901    0.639211    0.639532    0.639865    0.640211
     0.640574    0.640955    0.641357    0.641782    0.642234    0.642714    0.643225    0.643771
     0.644352    0.644972    0.645632    0.646334    0.647080    0.647871    0.648708    0.649590
     0.650520    0.651495    0.652517    0.653583    0.654693    0.655845    0.657038    0.658268
     0.659533    0.660831    0.662158    0.663509    0.664883    0.666273    0.667677    0.669090
     0.670507    0.671924    0.673335    0.674737    0.676125    0.677494    0.678841    0.680160
     0.681449    0.682704    0.683922    0.685102    0.686240    0.687337    0.688392    0.689405
     0.690379    0.691315    0.692219    0.693093    0.693946    0.694785    0.695619    0.696460
     0.697321    0.698015    0.697321    0.696502    0.695326    0.693603    0.691207    0.688097
     0.684316    0.679987    0.675300
  1.000000  0.000000
    -0.019030   -0.018736   -0.017936   -0.016781   -0.015433   -0.014044   -0.012737   -0.011602
    -0.010685   -0.009998   -0.009524   -0.009216   -0.009016   -0.008852   -0.008297   -0.007981
    -0.007703   -0.007452   -0.007226   -0.007014   -0.006799   -0.006583   -0.006361   -0.006134
    -0.005901   -0.005661   -0.005412   -0.005155   -0.004888   -0.004611   -0.004323   -0.004024
    -0.003714   -0.003393   -0.003062   -0.002722   -0.002375   -0.002020   -0.001660   -0.001297
    -0.000931   -0.000566   -0.000204    0.000155    0.000507    0.000852    0.001186    0.001508
     0.001817    0.002111    0.002389    0.002651    0.002896    0.003122    0.003331    0.003522
     0.003696    0.003852    0.003992    0.004117    0.004226    0.004322    0.004406    0.004477
     0.004538    0.004589    0.004632    0.004668    0.004696    0.004720    0.004738    0.004751
     0.004762    0.004769    0.004773    0.004775    0.004776    0.004774    0.004771    0.004766
     0.004755    0.004510    0.004510    0.004510    0.004510    0.004510    0.004510    0.004510
     0.004510    0.004510    0.004510
  1.000000
    -0.019030   -0.018736   -0.017936   -0.016781   -0.015433   -0.014044   -0.012737   -0.011602
    -0.010685   -0.009998   -0.009524   -0.009216   -0.009016   -0.008852   -0.009050   -0.009042
    -0.008993   -0.008917   -0.008820   -0.008702   -0.008563   -0.008403   -0.008230   -0.008052
    -0.007867   -0.007677   -0.007480   -0.007274   -0.007056   -0.006831   -0.006595   -0.006348
    -0.006090   -0.005823   -0.005541   -0.005250   -0.004948   -0.004637   -0.004318   -0.003989
    -0.003654   -0.003314   -0.002969   -0.002621   -0.002272   -0.001923   -0.001575   -0.001230
    -0.000890   -0.000555   -0.000227    0.000094    0.000405    0.000706    0.000996    0.001274
     0.001540    0.001793    0.002032    0.002258    0.002470    0.002667    0.002851    0.003020
     0.003176    0.003319    0.003448    0.003564    0.003669    0.003763    0.003846    0.003919
     0.003983    0.004039    0.004088    0.004130    0.004166    0.004197    0.004222    0.004243
     0.004264    0.004510    0.004510    0.004510    0.004510    0.004510    0.004510    0.004510
     0.004510    0.004510    0.004510
  1.000000  0.000000
     0.317300    0.317300    0.317300    0.317300    0.317300    0.317300    0.317300    0.317300
     0.317300    0.317300    0.317300    0.317300    0.317300    0.317300    0.317300    0.317300
     0.317300    0.317300    0.317300    0.317300    0.317300    0.317300    0.317300    0.317300
     0.317300    0.317300    0.317300    0.317300    0.317300    0.317300    0.317300    0.317300
     0.317300    0.317300    0.317300    0.317300    0.317300    0.317300    0.317300    0.317300
     0.317300    0.317300    0.317300    0.317300    0.317300    0.317300    0.317300    0.317300
     0.317300    0.317300    0.317300    0.317300    0.317300    0.317300    0.317300    0.317300
     0.317300    0.317300    0.317300    0.317300    0.317300    0.317300    0.317300    0.317300
     0.317300    0.317300    0.317300    0.317300    0.317300    0.317300    0.317300    0.317300
     0.317300    0.317301    0.317327    0.317420    0.317515    0.317609    0.317702    0.317795
     0.317891    0.317968    0.317891    0.317800    0.317669    0.317478    0.317301    0.317300
     0.317300    0.317300    0.317300
  STARTING INLET BOUNDARY CONDITION DATA .
  NUMBER OF POINTS FOR INLET BOUNDARY CONDITIONS 
        21
  SPACING OF INLET BOUNDARY CONDITION POINTS 
1.000000 1.834853 3.013899 4.635972 6.783609 9.472655 12.576484 15.752408
18.438934 20.000000 20.000000 18.438934 15.752408 12.576484 9.472655 6.783609
4.635972 3.013899 1.834853 1.000000
   INLET STAGNATION PRESSURES 
101325.000000 101325.000000 101325.000000 101325.000000 101325.000000 101325.000000 101325.000000 101325.000000
101325.000000 101325.000000 101325.000000 101325.000000 101325.000000 101325.000000 101325.000000 101325.000000
101325.000000 101325.000000 101325.000000 101325.000000 101325.000000
   INLET STAGNATION TEMPERATURES 
293.150000 293.150000 293.150000 293.150000 293.150000 293.150000 293.150000 293.150000
293.150000 293.150000 293.150000 293.150000 293.150000 293.150000 293.150000 293.150000
293.150000 293.150000 293.150000 293.150000 293.150000
   INLET ABSOLUTE TANGENTIAL VELOCITY 
0.000000 0.000000 0.000000 0.000000 0.000000 0.000000 0.000000 0.000000
0.000000 0.000000 0.000000 0.000000 0.000000 0.000000 0.000000 0.000000
0.000000 0.000000 0.000000 0.000000 0.000000
   INLET MERIDIONAL VELOCITY 
142.379900 142.379900 142.379900 142.379900 142.379900 142.379900 142.379900 142.379900
142.379900 142.379900 142.379900 142.379900 142.379900 142.379900 142.379900 142.379900
142.379900 142.379900 142.379900 142.379900 142.379900
   INLET MERIDIONAL YAW ANGLE 
0.000000 0.000000 0.000000 0.000000 0.000000 0.000000 0.000000 0.000000
0.000000 0.000000 0.000000 0.000000 0.000000 0.000000 0.000000 0.000000
0.000000 0.000000 0.000000 0.000000 0.000000
   INLET PITCH ANGLE 
0.000000 0.000000 0.000000 0.000000 0.000000 0.000000 0.000000 0.000000
0.000000 0.000000 0.000000 0.000000 0.000000 0.000000 0.000000 0.000000
0.000000 0.000000 0.000000 0.000000 0.000000
   PDOWN_HUB   PDOWN_TIP 
  169242.0  169242.0
 MIXING LENGTH LIMITS ON ALL BLADE ROWS
  0.030000  0.030000  0.030000  0.030000  0.030000  0.020000
  0.030000  0.030000  0.030000  0.030000  0.030000  0.020000
  0.030000  0.030000  0.030000  0.030000  0.030000  0.020000
  0.030000  0.030000  0.030000  0.030000  0.030000  0.020000
  0.030000  0.030000  0.030000  0.030000  0.030000  0.020000
  0.030000  0.030000  0.030000  0.030000  0.030000  0.020000
  FACTOR TO INCREASE THE TURBULENT VISCOSITY OVER THE FIRST NMIXUP STEPS 
   2.00000 1000
NBLEED
0
NBLEED
0
NBLEED
0
NBLEED
0
NBLEED
0
NBLEED
1
1	37	10	50	12	37	5.0
