 DATA SET FOR "multall" . GENERATED BY "stagen" .                       
    CP   and   GAMMA 
 1004.5    1.4
       ITIMST 
         3
     CFL,    DAMP,    MACHLIM,    F_PDOWN 
  0.320000 9.000000  2.000000  0.000000
  IF_RESTART 
         0
  NSTEPS_MAX, CONLIM
      120000  0.006000
   SFX,      SFT,      FAC_4TH,     NCHANGE 
  0.005000  0.005000  0.800000      1000
       NUMBER OF BLADE ROWS 
         6
        IM        KM 
        37        37
  FP(I),I=1,IMM1 
 1.000000 1.385743 1.856644 2.428309 3.117521 3.941360 4.915740 6.053166 
 7.359609 8.830507 10.446177 12.167338 13.931915 15.654741 17.231756 18.549715 
 19.500851 20.000000 20.000000 19.500851 18.549715 17.231756 15.654741 13.931915 
 12.167338 10.446177 8.830507 7.359609 6.053166 4.915740 3.941360 3.117521 
 2.428309 1.856644 1.385743 1.000000 
  FR(K),K=1,KMM1 
 1.000000 1.385743 1.856644 2.428309 3.117521 3.941360 4.915740 6.053166 
 7.359609 8.830507 10.446177 12.167338 13.931915 15.654741 17.231756 18.549715 
 19.500851 20.000000 20.000000 19.500851 18.549715 17.231756 15.654741 13.931915 
 12.167338 10.446177 8.830507 7.359609 6.053166 4.915740 3.941360 3.117521 
 2.428309 1.856644 1.385743 1.000000 
        IR        JR        KR        IRBB      JRBB      KRBB 
         3         3         3         9         9         9
   FBLK1,     FBLK2,     FBLK3  
  0.400000  0.200000  0.100000
       IFMIX 
         1
   RFMIX,    FEXTRAP,   FSMTHB,    FANGLE 
  0.020000  0.800000  1.000000  0.800000
      IFCOOL    IFBLEED    IF_ROUGH 
         0         1         0
       NSECS_IN 
         11
       IN_PRESS  IN_VTAN   IN_VR    IN_FLOW  IF_REPEAT  RFIN 
         0         0         1         0         0   0.50000
  IPOUT  SFEXIT  NSFEXIT 
    1  0.000000    0
  PLATE_LOSS  THROTTLE_EXIT 
  0.000000  0.000000
        ILOS      NLOS      IBOUND 
        10         5         0
   REYNO,     RF_VIS,   FTRANS, TURBVIS_LIM, PRANDTL, YPLUSWALL
  800000.0     0.500     0.000  3000.000       1.0     0.000
   YPLAM      YPTURB 
  5.000000 25.000000
      ISHIFT    NEXTRAP_LE  NEXTRAP_TE 
         2        10        10
  (NSTG(N),N=1,NROWS) 
1 1 2 2 3 3
  5  TIME STEPS FOR PRINTOUT 
      9000      9000      9000      9000      9000
  MARKER FOR VARIABLES TO BE SENT TO THE OUTPUT FILE.
 0 0 0 0 0 0 0 0 0 0 0 0 0 0 0 0 0 0 0 0
  STREAM SURFACES ON WHICH RESULTS ARE TO BE SENT TO   THE OUTPUT FILE 
0   0   0   0   0   0   0   0   0   0   0   0   0   0   0   0   0   0   0   0   0   0   0   0   0   0   0   0   0   0   0   0   0   0   0   0   0  
 ***************************************************************
 ************STARTING THE INPUT FOR EACH BLADE ROW**************
  BLADE ROW NUMBER =        1                                           
    NUMBER OF BLADES IN ROW 
        20
        JM        JLE       JTE 
        127        19        114
      KTIPSTART  KTIPEND 
         33         37
  FRACTIP1,     FRACTIP2 
  0.00602188       0.00602188
  FTHICK(K) 
1.000000 1.000000 1.000000 1.000000 1.000000 1.000000 1.000000 1.000000
1.000000 1.000000 1.000000 1.000000 1.000000 1.000000 1.000000 1.000000
1.000000 1.000000 1.000000 1.000000 1.000000 1.000000 1.000000 1.000000
1.000000 1.000000 1.000000 1.000000 1.000000 1.000000 1.000000 0.900000
0.500000 0.000000 0.000000 0.000000 0.000000
       BOUNDARY LAYER TRANSITION POINTS 
         0         0         0         0
  SET NEWGRID= 1 TO GENERATE A NEW GRID WITH DIFFERENT "J" POINTS AND SPACINGS.
         0
   RPMROW,    RPMHUB 
    10081.0    10081.0
       JROTHS    JROTHE    JROTTS    JROTTE 
         1         1         1         1
   PUPROW    PLEROW   PTEROW    PDROW 
   89634.1   89634.1   119359.7  119359.7
      NSECS_ROW   INSURF  
         11         0
  IF_CUSP   IFANGLES 
         0         0
 ***************************************************************
  ROW NUMBER           1  SECTION NUMBER            1
           0           0           0  IF_DESIGN etc 
   1.00000   0.00000    0
    -0.202500   -0.172738   -0.143649   -0.115661   -0.089166   -0.064511   -0.041990   -0.021828
    -0.004181    0.010873    0.023333    0.033278    0.040863    0.046316    0.049928    0.052047
     0.053066    0.053410    0.053528    0.053646    0.053768    0.053895    0.054026    0.054160
     0.054297    0.054438    0.054581    0.054728    0.054878    0.055032    0.055189    0.055352
     0.055519    0.055692    0.055871    0.056056    0.056249    0.056449    0.056659    0.056877
     0.057106    0.057344    0.057594    0.057856    0.058130    0.058417    0.058718    0.059032
     0.059360    0.059704    0.060062    0.060436    0.060825    0.061230    0.061651    0.062087
     0.062540    0.063009    0.063493    0.063993    0.064508    0.065038    0.065583    0.066142
     0.066714    0.067300    0.067898    0.068507    0.069128    0.069759    0.070399    0.071047
     0.071703    0.072365    0.073033    0.073705    0.074381    0.075059    0.075737    0.076416
     0.077094    0.077769    0.078441    0.079108    0.079770    0.080425    0.081072    0.081710
     0.082339    0.082957    0.083563    0.084158    0.084739    0.085307    0.085862    0.086402
     0.086928    0.087439    0.087937    0.088420    0.088889    0.089345    0.089789    0.090222
     0.090645    0.091059    0.091466    0.091869    0.092269    0.092668    0.093071    0.093480
     0.093898    0.094195    0.094493    0.094914    0.095703    0.097078    0.099227    0.102291
     0.106358    0.111459    0.117563    0.124582    0.132374    0.140754    0.149500
  1.000000  0.000000
     0.085483    0.087826    0.093017    0.098482    0.102134    0.102595    0.099277    0.092344
     0.082554    0.071038    0.059052    0.047755    0.038041    0.030446    0.025124    0.021892
     0.020309    0.019769    0.019584    0.019832    0.019836    0.019795    0.019725    0.019639
     0.019537    0.019426    0.019302    0.019171    0.019027    0.018878    0.018714    0.018544
     0.018356    0.018160    0.017943    0.017715    0.017468    0.017209    0.016942    0.016663
     0.016374    0.016072    0.015756    0.015428    0.015086    0.014729    0.014358    0.013971
     0.013569    0.013150    0.012716    0.012265    0.011798    0.011315    0.010815    0.010299
     0.009767    0.009219    0.008656    0.008078    0.007485    0.006878    0.006258    0.005624
     0.004979    0.004322    0.003654    0.002977    0.002290    0.001596    0.000895    0.000187
    -0.000525   -0.001241   -0.001959   -0.002679   -0.003399   -0.004119   -0.004836   -0.005549
    -0.006258   -0.006962   -0.007658   -0.008346   -0.009024   -0.009692   -0.010349   -0.010993
    -0.011624   -0.012240   -0.012842   -0.013428   -0.013998   -0.014552   -0.015089   -0.015609
    -0.016112   -0.016598   -0.017068   -0.017522   -0.017959   -0.018382   -0.018792   -0.019188
    -0.019572   -0.019947   -0.020313   -0.020672   -0.021027   -0.021379   -0.021732   -0.022087
    -0.022485   -0.023029   -0.023275   -0.023626   -0.024280   -0.025421   -0.027205   -0.029747
    -0.033123   -0.037356   -0.042422   -0.048247   -0.054714   -0.061669   -0.068927
  1.000000
     0.085483    0.087826    0.093017    0.098482    0.102134    0.102595    0.099277    0.092344
     0.082554    0.071038    0.059052    0.047755    0.038041    0.030446    0.025124    0.021892
     0.020309    0.019769    0.019584    0.018905    0.018515    0.018171    0.017846    0.017543
     0.017253    0.016971    0.016706    0.016444    0.016188    0.015931    0.015670    0.015403
     0.015130    0.014850    0.014564    0.014268    0.013965    0.013651    0.013327    0.012992
     0.012645    0.012287    0.011915    0.011530    0.011132    0.010720    0.010296    0.009855
     0.009399    0.008930    0.008447    0.007950    0.007440    0.006917    0.006382    0.005834
     0.005274    0.004704    0.004125    0.003536    0.002938    0.002333    0.001720    0.001102
     0.000478   -0.000150   -0.000781   -0.001415   -0.002050   -0.002687   -0.003323   -0.003959
    -0.004593   -0.005225   -0.005854   -0.006479   -0.007099   -0.007715   -0.008325   -0.008928
    -0.009525   -0.010114   -0.010695   -0.011267   -0.011830   -0.012383   -0.012926   -0.013459
    -0.013981   -0.014491   -0.014990   -0.015476   -0.015951   -0.016413   -0.016863   -0.017301
    -0.017725   -0.018138   -0.018538   -0.018927   -0.019304   -0.019671   -0.020028   -0.020375
    -0.020715   -0.021047   -0.021374   -0.021698   -0.022019   -0.022341   -0.022665   -0.022978
    -0.023178   -0.023029   -0.023275   -0.023626   -0.024280   -0.025421   -0.027205   -0.029747
    -0.033123   -0.037356   -0.042422   -0.048247   -0.054714   -0.061669   -0.068927
  1.000000  0.000000
     0.116256    0.113132    0.110079    0.107141    0.104360    0.101772    0.099408    0.097291
     0.095439    0.095000    0.095000    0.095000    0.095000    0.095000    0.095000    0.095000
     0.095000    0.095000    0.095000    0.095000    0.095000    0.095000    0.095000    0.095000
     0.095000    0.095000    0.095000    0.095000    0.095000    0.095000    0.095000    0.095000
     0.095000    0.095000    0.095000    0.095000    0.095000    0.095000    0.095000    0.095000
     0.095000    0.095000    0.095000    0.095000    0.095000    0.095000    0.095000    0.095000
     0.095000    0.095000    0.095000    0.095000    0.095000    0.095000    0.095000    0.095000
     0.095000    0.095000    0.095000    0.095000    0.095000    0.095000    0.095000    0.095000
     0.095000    0.095000    0.095000    0.095000    0.095000    0.095000    0.095000    0.095000
     0.095000    0.095000    0.095000    0.095000    0.095000    0.095000    0.095000    0.095000
     0.095000    0.095000    0.095000    0.095000    0.095000    0.095000    0.095000    0.095000
     0.095000    0.095000    0.095000    0.095000    0.095000    0.095000    0.095000    0.095000
     0.095000    0.095000    0.095000    0.095000    0.095000    0.095000    0.095000    0.095000
     0.095000    0.095000    0.095000    0.095000    0.095000    0.095000    0.095000    0.095000
     0.095000    0.095000    0.095000    0.095000    0.095000    0.095000    0.095000    0.095000
     0.095000    0.095000    0.095000    0.095000    0.095000    0.095000    0.095000
 ***************************************************************
  ROW NUMBER           1  SECTION NUMBER            2
           0           0           0  IF_DESIGN etc 
   1.00000   0.00000    0
    -0.202500   -0.172734   -0.143643   -0.115651   -0.089154   -0.064497   -0.041973   -0.021809
    -0.004159    0.010896    0.023358    0.033304    0.040891    0.046345    0.049958    0.052078
     0.053097    0.053442    0.053561    0.053679    0.053802    0.053930    0.054061    0.054196
     0.054334    0.054475    0.054620    0.054767    0.054918    0.055072    0.055231    0.055394
     0.055562    0.055736    0.055916    0.056102    0.056296    0.056498    0.056708    0.056928
     0.057158    0.057398    0.057649    0.057912    0.058188    0.058476    0.058778    0.059094
     0.059425    0.059770    0.060130    0.060506    0.060897    0.061304    0.061727    0.062167
     0.062622    0.063093    0.063580    0.064082    0.064600    0.065133    0.065681    0.066243
     0.066819    0.067407    0.068008    0.068621    0.069245    0.069879    0.070523    0.071175
     0.071834    0.072500    0.073172    0.073847    0.074527    0.075208    0.075891    0.076573
     0.077254    0.077933    0.078609    0.079280    0.079945    0.080603    0.081254    0.081896
     0.082528    0.083149    0.083759    0.084357    0.084941    0.085513    0.086070    0.086613
     0.087142    0.087656    0.088156    0.088642    0.089114    0.089572    0.090019    0.090454
     0.090879    0.091295    0.091705    0.092110    0.092512    0.092914    0.093318    0.093729
     0.094150    0.094449    0.094748    0.095170    0.095958    0.097329    0.099470    0.102520
     0.106569    0.111646    0.117720    0.124705    0.132459    0.140797    0.149500
  1.000000  0.000000
     0.085483    0.087935    0.093380    0.099142    0.103046    0.103654    0.100349    0.093292
     0.083264    0.071432    0.059096    0.047458    0.037445    0.029611    0.024121    0.020785
     0.019151    0.018592    0.018400    0.018637    0.018633    0.018583    0.018505    0.018410
     0.018301    0.018181    0.018050    0.017911    0.017760    0.017603    0.017431    0.017254
     0.017059    0.016855    0.016633    0.016399    0.016150    0.015890    0.015622    0.015344
     0.015055    0.014755    0.014441    0.014118    0.013781    0.013432    0.013068    0.012693
     0.012302    0.011897    0.011479    0.011046    0.010599    0.010139    0.009663    0.009175
     0.008673    0.008159    0.007632    0.007093    0.006542    0.005980    0.005408    0.004825
     0.004234    0.003634    0.003026    0.002412    0.001791    0.001165    0.000535   -0.000099
    -0.000735   -0.001372   -0.002011   -0.002648   -0.003284   -0.003918   -0.004548   -0.005174
    -0.005794   -0.006407   -0.007013   -0.007611   -0.008199   -0.008776   -0.009343   -0.009898
    -0.010440   -0.010969   -0.011484   -0.011985   -0.012471   -0.012943   -0.013399   -0.013840
    -0.014266   -0.014678   -0.015074   -0.015456   -0.015825   -0.016180   -0.016523   -0.016855
    -0.017177   -0.017489   -0.017794   -0.018093   -0.018388   -0.018680   -0.018972   -0.019265
    -0.019601   -0.020088   -0.020291   -0.020578   -0.021114   -0.022050   -0.023512   -0.025596
    -0.028362   -0.031831   -0.035983   -0.040757   -0.046057   -0.051756   -0.057705
  1.000000
     0.085483    0.087935    0.093380    0.099142    0.103046    0.103654    0.100349    0.093292
     0.083264    0.071432    0.059096    0.047458    0.037445    0.029611    0.024121    0.020785
     0.019151    0.018592    0.018400    0.017718    0.017328    0.016984    0.016659    0.016355
     0.016066    0.015785    0.015521    0.015260    0.015005    0.014748    0.014487    0.014221
     0.013951    0.013673    0.013390    0.013098    0.012800    0.012491    0.012174    0.011847
     0.011508    0.011159    0.010798    0.010425    0.010040    0.009643    0.009235    0.008812
     0.008375    0.007928    0.007469    0.006997    0.006515    0.006021    0.005518    0.005004
     0.004481    0.003949    0.003411    0.002865    0.002312    0.001755    0.001193    0.000627
     0.000059   -0.000512   -0.001083   -0.001656   -0.002228   -0.002798   -0.003367   -0.003933
    -0.004496   -0.005055   -0.005610   -0.006159   -0.006703   -0.007241   -0.007771   -0.008295
    -0.008811   -0.009319   -0.009818   -0.010309   -0.010790   -0.011262   -0.011724   -0.012176
    -0.012617   -0.013048   -0.013469   -0.013878   -0.014276   -0.014663   -0.015040   -0.015405
    -0.015759   -0.016102   -0.016435   -0.016757   -0.017070   -0.017373   -0.017668   -0.017955
    -0.018235   -0.018509   -0.018778   -0.019044   -0.019308   -0.019572   -0.019838   -0.020094
    -0.020250   -0.020088   -0.020291   -0.020578   -0.021114   -0.022050   -0.023512   -0.025596
    -0.028362   -0.031831   -0.035983   -0.040757   -0.046057   -0.051756   -0.057705
  1.000000  0.000000
     0.128265    0.125357    0.122516    0.119781    0.117193    0.114784    0.112584    0.110614
     0.108890    0.108480    0.108480    0.108480    0.108480    0.108480    0.108480    0.108480
     0.108480    0.108480    0.108480    0.108480    0.108480    0.108480    0.108480    0.108480
     0.108480    0.108480    0.108480    0.108480    0.108480    0.108480    0.108480    0.108480
     0.108480    0.108480    0.108480    0.108480    0.108480    0.108480    0.108480    0.108480
     0.108480    0.108480    0.108480    0.108480    0.108480    0.108480    0.108480    0.108480
     0.108480    0.108480    0.108480    0.108480    0.108480    0.108480    0.108480    0.108480
     0.108480    0.108480    0.108480    0.108480    0.108480    0.108480    0.108480    0.108480
     0.108480    0.108480    0.108480    0.108480    0.108480    0.108480    0.108480    0.108480
     0.108480    0.108480    0.108480    0.108480    0.108480    0.108480    0.108480    0.108480
     0.108480    0.108480    0.108480    0.108480    0.108480    0.108480    0.108480    0.108480
     0.108480    0.108480    0.108480    0.108480    0.108480    0.108480    0.108480    0.108480
     0.108480    0.108480    0.108480    0.108480    0.108480    0.108480    0.108480    0.108480
     0.108480    0.108480    0.108480    0.108480    0.108480    0.108480    0.108480    0.108480
     0.108480    0.108480    0.108480    0.108480    0.108480    0.108480    0.108480    0.108480
     0.108480    0.108480    0.108480    0.108480    0.108480    0.108480    0.108480
 ***************************************************************
  ROW NUMBER           1  SECTION NUMBER            3
           0           0           0  IF_DESIGN etc 
   1.00000   0.00000    0
    -0.202500   -0.172732   -0.143637   -0.115643   -0.089142   -0.064483   -0.041957   -0.021790
    -0.004139    0.010918    0.023382    0.033330    0.040918    0.046373    0.049987    0.052108
     0.053128    0.053474    0.053593    0.053712    0.053836    0.053965    0.054097    0.054233
     0.054372    0.054514    0.054659    0.054807    0.054959    0.055115    0.055274    0.055439
     0.055608    0.055783    0.055964    0.056151    0.056347    0.056550    0.056761    0.056983
     0.057214    0.057455    0.057708    0.057973    0.058251    0.058541    0.058845    0.059163
     0.059495    0.059843    0.060205    0.060584    0.060977    0.061387    0.061813    0.062255
     0.062713    0.063188    0.063678    0.064184    0.064705    0.065242    0.065793    0.066358
     0.066938    0.067530    0.068135    0.068752    0.069380    0.070019    0.070666    0.071323
     0.071986    0.072657    0.073332    0.074013    0.074696    0.075382    0.076069    0.076756
     0.077442    0.078125    0.078805    0.079481    0.080150    0.080813    0.081468    0.082114
     0.082750    0.083375    0.083989    0.084591    0.085179    0.085754    0.086315    0.086862
     0.087394    0.087912    0.088415    0.088904    0.089379    0.089841    0.090290    0.090728
     0.091156    0.091575    0.091987    0.092394    0.092799    0.093204    0.093611    0.094025
     0.094448    0.094749    0.095050    0.095474    0.096260    0.097626    0.099757    0.102792
     0.106819    0.111867    0.117907    0.124851    0.132560    0.140849    0.149500
  1.000000  0.000000
     0.085483    0.088017    0.093649    0.099617    0.103677    0.104342    0.100976    0.093741
     0.083440    0.071276    0.058587    0.046613    0.036307    0.028244    0.022591    0.019157
     0.017473    0.016897    0.016698    0.016922    0.016910    0.016851    0.016765    0.016661
     0.016545    0.016417    0.016279    0.016131    0.015974    0.015810    0.015633    0.015449
     0.015249    0.015039    0.014813    0.014575    0.014326    0.014067    0.013803    0.013529
     0.013244    0.012949    0.012643    0.012329    0.012004    0.011667    0.011319    0.010962
     0.010591    0.010208    0.009815    0.009410    0.008994    0.008569    0.008131    0.007683
     0.007227    0.006761    0.006287    0.005803    0.005312    0.004814    0.004310    0.003799
     0.003283    0.002763    0.002239    0.001712    0.001182    0.000651    0.000118   -0.000414
    -0.000946   -0.001477   -0.002005   -0.002531   -0.003053   -0.003570   -0.004082   -0.004588
    -0.005088   -0.005580   -0.006064   -0.006539   -0.007005   -0.007460   -0.007905   -0.008340
    -0.008762   -0.009173   -0.009572   -0.009958   -0.010332   -0.010693   -0.011041   -0.011376
    -0.011699   -0.012009   -0.012307   -0.012594   -0.012869   -0.013133   -0.013388   -0.013633
    -0.013870   -0.014100   -0.014323   -0.014541   -0.014755   -0.014966   -0.015177   -0.015388
    -0.015640   -0.016055   -0.016198   -0.016400   -0.016779   -0.017440   -0.018473   -0.019945
    -0.021899   -0.024350   -0.027283   -0.030655   -0.034400   -0.038426   -0.042628
  1.000000
     0.085483    0.088017    0.093649    0.099617    0.103677    0.104342    0.100976    0.093741
     0.083440    0.071276    0.058587    0.046613    0.036307    0.028244    0.022591    0.019157
     0.017473    0.016897    0.016698    0.016015    0.015625    0.015282    0.014960    0.014657
     0.014370    0.014093    0.013830    0.013574    0.013321    0.013067    0.012810    0.012549
     0.012283    0.012012    0.011736    0.011452    0.011162    0.010864    0.010558    0.010244
     0.009919    0.009586    0.009243    0.008889    0.008525    0.008151    0.007768    0.007373
     0.006967    0.006551    0.006127    0.005693    0.005251    0.004801    0.004343    0.003879
     0.003408    0.002931    0.002451    0.001966    0.001479    0.000989    0.000498    0.000006
    -0.000486   -0.000977   -0.001466   -0.001952   -0.002436   -0.002915   -0.003391   -0.003861
    -0.004326   -0.004785   -0.005237   -0.005683   -0.006121   -0.006552   -0.006974   -0.007389
    -0.007795   -0.008192   -0.008581   -0.008960   -0.009330   -0.009691   -0.010043   -0.010385
    -0.010718   -0.011041   -0.011355   -0.011660   -0.011955   -0.012240   -0.012517   -0.012784
    -0.013042   -0.013292   -0.013533   -0.013766   -0.013991   -0.014209   -0.014420   -0.014626
    -0.014825   -0.015020   -0.015211   -0.015400   -0.015587   -0.015773   -0.015960   -0.016140
    -0.016235   -0.016055   -0.016198   -0.016400   -0.016779   -0.017440   -0.018473   -0.019945
    -0.021899   -0.024350   -0.027283   -0.030655   -0.034400   -0.038426   -0.042628
  1.000000  0.000000
     0.140274    0.137583    0.134952    0.132421    0.130025    0.127796    0.125759    0.123936
     0.122340    0.121960    0.121960    0.121960    0.121960    0.121960    0.121960    0.121960
     0.121960    0.121960    0.121960    0.121960    0.121960    0.121960    0.121960    0.121960
     0.121960    0.121960    0.121960    0.121960    0.121960    0.121960    0.121960    0.121960
     0.121960    0.121960    0.121960    0.121960    0.121960    0.121960    0.121960    0.121960
     0.121960    0.121960    0.121960    0.121960    0.121960    0.121960    0.121960    0.121960
     0.121960    0.121960    0.121960    0.121960    0.121960    0.121960    0.121960    0.121960
     0.121960    0.121960    0.121960    0.121960    0.121960    0.121960    0.121960    0.121960
     0.121960    0.121960    0.121960    0.121960    0.121960    0.121960    0.121960    0.121960
     0.121960    0.121960    0.121960    0.121960    0.121960    0.121960    0.121960    0.121960
     0.121960    0.121960    0.121960    0.121960    0.121960    0.121960    0.121960    0.121960
     0.121960    0.121960    0.121960    0.121960    0.121960    0.121960    0.121960    0.121960
     0.121960    0.121960    0.121960    0.121960    0.121960    0.121960    0.121960    0.121960
     0.121960    0.121960    0.121960    0.121960    0.121960    0.121960    0.121960    0.121960
     0.121960    0.121960    0.121960    0.121960    0.121960    0.121960    0.121960    0.121960
     0.121960    0.121960    0.121960    0.121960    0.121960    0.121960    0.121960
 ***************************************************************
  ROW NUMBER           1  SECTION NUMBER            4
           0           0           0  IF_DESIGN etc 
   1.00000   0.00000    0
    -0.202500   -0.172725   -0.143625   -0.115625   -0.089119   -0.064454   -0.041923   -0.021752
    -0.004097    0.010964    0.023431    0.033382    0.040973    0.046430    0.050046    0.052169
     0.053190    0.053538    0.053658    0.053779    0.053904    0.054034    0.054168    0.054306
     0.054446    0.054590    0.054737    0.054887    0.055041    0.055198    0.055360    0.055526
     0.055697    0.055874    0.056057    0.056247    0.056444    0.056650    0.056864    0.057088
     0.057322    0.057566    0.057822    0.058090    0.058371    0.058665    0.058973    0.059294
     0.059631    0.059982    0.060349    0.060732    0.061130    0.061545    0.061976    0.062423
     0.062887    0.063367    0.063863    0.064375    0.064902    0.065445    0.066003    0.066575
     0.067162    0.067761    0.068373    0.068998    0.069633    0.070279    0.070934    0.071599
     0.072270    0.072948    0.073632    0.074321    0.075013    0.075707    0.076402    0.077097
     0.077791    0.078482    0.079170    0.079854    0.080531    0.081202    0.081864    0.082518
     0.083162    0.083795    0.084416    0.085025    0.085620    0.086202    0.086770    0.087323
     0.087862    0.088385    0.088894    0.089389    0.089870    0.090337    0.090792    0.091235
     0.091668    0.092092    0.092509    0.092921    0.093331    0.093740    0.094152    0.094571
     0.094999    0.095304    0.095608    0.096034    0.096818    0.098176    0.100288    0.103295
     0.107281    0.112277    0.118252    0.125122    0.132746    0.140944    0.149500
  1.000000  0.000000
     0.085483    0.088211    0.094290    0.100767    0.105243    0.106121    0.102710    0.095175
     0.084364    0.071550    0.058158    0.045503    0.034603    0.026069    0.020084    0.016446
     0.014661    0.014049    0.013836    0.014036    0.014007    0.013931    0.013829    0.013707
     0.013576    0.013431    0.013279    0.013115    0.012944    0.012764    0.012575    0.012376
     0.012165    0.011940    0.011704    0.011458    0.011206    0.010946    0.010686    0.010417
     0.010135    0.009847    0.009551    0.009251    0.008943    0.008625    0.008300    0.007973
     0.007631    0.007284    0.006931    0.006572    0.006207    0.005840    0.005463    0.005083
     0.004701    0.004316    0.003931    0.003539    0.003150    0.002760    0.002371    0.001982
     0.001595    0.001210    0.000829    0.000450    0.000076   -0.000294   -0.000658   -0.001017
    -0.001370   -0.001717   -0.002056   -0.002388   -0.002713   -0.003030   -0.003338   -0.003638
    -0.003930   -0.004212   -0.004485   -0.004749   -0.005004   -0.005248   -0.005484   -0.005710
    -0.005925   -0.006132   -0.006329   -0.006516   -0.006695   -0.006864   -0.007024   -0.007176
    -0.007319   -0.007455   -0.007582   -0.007703   -0.007816   -0.007923   -0.008024   -0.008119
    -0.008210   -0.008295   -0.008377   -0.008454   -0.008528   -0.008600   -0.008669   -0.008737
    -0.008845   -0.009131   -0.009171   -0.009227   -0.009332   -0.009515   -0.009801   -0.010209
    -0.010750   -0.011429   -0.012241   -0.013175   -0.014212   -0.015327   -0.016491
  1.000000
     0.085483    0.088211    0.094290    0.100767    0.105243    0.106121    0.102710    0.095175
     0.084364    0.071550    0.058158    0.045503    0.034603    0.026069    0.020084    0.016446
     0.014661    0.014049    0.013836    0.013149    0.012759    0.012417    0.012098    0.011794
     0.011511    0.011239    0.010978    0.010727    0.010477    0.010226    0.009973    0.009716
     0.009458    0.009195    0.008929    0.008657    0.008381    0.008098    0.007809    0.007516
     0.007213    0.006905    0.006590    0.006267    0.005935    0.005600    0.005257    0.004907
     0.004551    0.004189    0.003822    0.003451    0.003076    0.002698    0.002317    0.001935
     0.001552    0.001168    0.000785    0.000405    0.000027   -0.000348   -0.000719   -0.001085
    -0.001447   -0.001801   -0.002149   -0.002489   -0.002822   -0.003146   -0.003462   -0.003768
    -0.004065   -0.004352   -0.004629   -0.004896   -0.005153   -0.005400   -0.005637   -0.005863
    -0.006080   -0.006287   -0.006484   -0.006673   -0.006851   -0.007021   -0.007183   -0.007336
    -0.007481   -0.007619   -0.007749   -0.007872   -0.007989   -0.008099   -0.008203   -0.008301
    -0.008394   -0.008481   -0.008564   -0.008643   -0.008717   -0.008787   -0.008854   -0.008918
    -0.008979   -0.009037   -0.009093   -0.009147   -0.009200   -0.009252   -0.009303   -0.009351
    -0.009343   -0.009131   -0.009171   -0.009227   -0.009332   -0.009515   -0.009801   -0.010209
    -0.010750   -0.011429   -0.012241   -0.013175   -0.014212   -0.015327   -0.016491
  1.000000  0.000000
     0.164291    0.162033    0.159825    0.157702    0.155691    0.153820    0.152111    0.150581
     0.149242    0.148920    0.148920    0.148920    0.148920    0.148920    0.148920    0.148920
     0.148920    0.148920    0.148920    0.148920    0.148920    0.148920    0.148920    0.148920
     0.148920    0.148920    0.148920    0.148920    0.148920    0.148920    0.148920    0.148920
     0.148920    0.148920    0.148920    0.148920    0.148920    0.148920    0.148920    0.148920
     0.148920    0.148920    0.148920    0.148920    0.148920    0.148920    0.148920    0.148920
     0.148920    0.148920    0.148920    0.148920    0.148920    0.148920    0.148920    0.148920
     0.148920    0.148920    0.148920    0.148920    0.148920    0.148920    0.148920    0.148920
     0.148920    0.148920    0.148920    0.148920    0.148920    0.148920    0.148920    0.148920
     0.148920    0.148920    0.148920    0.148920    0.148920    0.148920    0.148920    0.148920
     0.148920    0.148920    0.148920    0.148920    0.148920    0.148920    0.148920    0.148920
     0.148920    0.148920    0.148920    0.148920    0.148920    0.148920    0.148920    0.148920
     0.148920    0.148920    0.148920    0.148920    0.148920    0.148920    0.148920    0.148920
     0.148920    0.148920    0.148920    0.148920    0.148920    0.148920    0.148920    0.148920
     0.148920    0.148920    0.148920    0.148920    0.148920    0.148920    0.148920    0.148920
     0.148920    0.148920    0.148920    0.148920    0.148920    0.148920    0.148920
 ***************************************************************
  ROW NUMBER           1  SECTION NUMBER            5
           0           0           0  IF_DESIGN etc 
   1.00000   0.00000    0
    -0.202500   -0.172711   -0.143595   -0.115581   -0.089062   -0.064385   -0.041842   -0.021661
    -0.003996    0.011073    0.023546    0.033502    0.041097    0.046558    0.050176    0.052300
     0.053323    0.053671    0.053792    0.053913    0.054040    0.054170    0.054305    0.054443
     0.054584    0.054728    0.054876    0.055027    0.055181    0.055340    0.055502    0.055669
     0.055841    0.056019    0.056203    0.056394    0.056593    0.056799    0.057014    0.057239
     0.057474    0.057720    0.057978    0.058247    0.058529    0.058824    0.059134    0.059457
     0.059795    0.060148    0.060517    0.060902    0.061302    0.061719    0.062152    0.062602
     0.063068    0.063550    0.064049    0.064563    0.065094    0.065639    0.066200    0.066775
     0.067364    0.067967    0.068582    0.069210    0.069849    0.070498    0.071156    0.071824
     0.072499    0.073181    0.073868    0.074560    0.075255    0.075953    0.076652    0.077350
     0.078048    0.078743    0.079434    0.080121    0.080802    0.081476    0.082142    0.082799
     0.083446    0.084082    0.084707    0.085318    0.085917    0.086502    0.087072    0.087629
     0.088170    0.088696    0.089208    0.089705    0.090188    0.090658    0.091115    0.091560
     0.091995    0.092422    0.092841    0.093255    0.093667    0.094078    0.094493    0.094913
     0.095344    0.095650    0.095956    0.096383    0.097165    0.098516    0.100617    0.103605
     0.107566    0.112529    0.118465    0.125288    0.132861    0.141003    0.149500
  1.000000  0.000000
     0.085483    0.088928    0.096745    0.105379    0.111913    0.114373    0.111856    0.104472
     0.093149    0.079331    0.064661    0.050666    0.038538    0.029006    0.022304    0.018225
     0.016221    0.015533    0.015293    0.015465    0.015410    0.015305    0.015173    0.015020
     0.014858    0.014676    0.014490    0.014294    0.014087    0.013868    0.013636    0.013390
     0.013133    0.012864    0.012588    0.012304    0.012018    0.011721    0.011422    0.011113
     0.010792    0.010464    0.010128    0.009786    0.009435    0.009074    0.008704    0.008331
     0.007944    0.007550    0.007150    0.006743    0.006330    0.005914    0.005489    0.005061
     0.004631    0.004198    0.003765    0.003326    0.002890    0.002453    0.002019    0.001586
     0.001155    0.000728    0.000305   -0.000114   -0.000527   -0.000934   -0.001336   -0.001729
    -0.002116   -0.002496   -0.002866   -0.003229   -0.003582   -0.003926   -0.004261   -0.004586
    -0.004901   -0.005206   -0.005501   -0.005785   -0.006059   -0.006322   -0.006575   -0.006818
    -0.007050   -0.007271   -0.007483   -0.007684   -0.007875   -0.008057   -0.008229   -0.008392
    -0.008547   -0.008692   -0.008830   -0.008960   -0.009082   -0.009198   -0.009307   -0.009411
    -0.009509   -0.009602   -0.009690   -0.009775   -0.009857   -0.009935   -0.010012   -0.010086
    -0.010191   -0.010461   -0.010507   -0.010570   -0.010684   -0.010881   -0.011185   -0.011617
    -0.012188   -0.012905   -0.013761   -0.014744   -0.015836   -0.017010   -0.018235
  1.000000
     0.085483    0.088928    0.096745    0.105379    0.111913    0.114373    0.111856    0.104472
     0.093149    0.079331    0.064661    0.050666    0.038538    0.029006    0.022304    0.018225
     0.016221    0.015533    0.015293    0.014580    0.014170    0.013810    0.013473    0.013149
     0.012850    0.012564    0.012283    0.012008    0.011731    0.011451    0.011170    0.010884
     0.010598    0.010303    0.010008    0.009705    0.009398    0.009083    0.008761    0.008434
     0.008097    0.007754    0.007404    0.007043    0.006676    0.006303    0.005921    0.005530
     0.005133    0.004731    0.004322    0.003909    0.003491    0.003071    0.002647    0.002222
     0.001795    0.001368    0.000941    0.000518    0.000096   -0.000323   -0.000737   -0.001146
    -0.001550   -0.001945   -0.002335   -0.002716   -0.003090   -0.003454   -0.003809   -0.004153
    -0.004488   -0.004812   -0.005126   -0.005429   -0.005721   -0.006002   -0.006272   -0.006531
    -0.006780   -0.007017   -0.007245   -0.007462   -0.007669   -0.007866   -0.008054   -0.008233
    -0.008402   -0.008564   -0.008716   -0.008861   -0.008999   -0.009129   -0.009252   -0.009368
    -0.009479   -0.009583   -0.009682   -0.009775   -0.009864   -0.009948   -0.010028   -0.010105
    -0.010177   -0.010247   -0.010315   -0.010380   -0.010443   -0.010505   -0.010566   -0.010630
    -0.010650   -0.010461   -0.010507   -0.010570   -0.010684   -0.010881   -0.011185   -0.011617
    -0.012188   -0.012905   -0.013761   -0.014744   -0.015836   -0.017010   -0.018235
  1.000000  0.000000
     0.212326    0.210933    0.209572    0.208262    0.207022    0.205868    0.204814    0.203871
     0.203045    0.202840    0.202840    0.202840    0.202840    0.202840    0.202840    0.202840
     0.202840    0.202840    0.202840    0.202840    0.202840    0.202840    0.202840    0.202840
     0.202840    0.202840    0.202840    0.202840    0.202840    0.202840    0.202840    0.202840
     0.202840    0.202840    0.202840    0.202840    0.202840    0.202840    0.202840    0.202840
     0.202840    0.202840    0.202840    0.202840    0.202840    0.202840    0.202840    0.202840
     0.202840    0.202840    0.202840    0.202840    0.202840    0.202840    0.202840    0.202840
     0.202840    0.202840    0.202840    0.202840    0.202840    0.202840    0.202840    0.202840
     0.202840    0.202840    0.202840    0.202840    0.202840    0.202840    0.202840    0.202840
     0.202840    0.202840    0.202840    0.202840    0.202840    0.202840    0.202840    0.202840
     0.202840    0.202840    0.202840    0.202840    0.202840    0.202840    0.202840    0.202840
     0.202840    0.202840    0.202840    0.202840    0.202840    0.202840    0.202840    0.202840
     0.202840    0.202840    0.202840    0.202840    0.202840    0.202840    0.202840    0.202840
     0.202840    0.202840    0.202840    0.202840    0.202840    0.202840    0.202840    0.202840
     0.202840    0.202840    0.202840    0.202840    0.202840    0.202840    0.202840    0.202840
     0.202840    0.202840    0.202840    0.202840    0.202840    0.202840    0.202840
 ***************************************************************
  ROW NUMBER           1  SECTION NUMBER            6
           0           0           0  IF_DESIGN etc 
   1.00000   0.00000    0
    -0.202500   -0.172702   -0.143578   -0.115555   -0.089028   -0.064344   -0.041795   -0.021608
    -0.003938    0.011135    0.023611    0.033570    0.041167    0.046628    0.050247    0.052371
     0.053393    0.053740    0.053860    0.053981    0.054106    0.054236    0.054369    0.054506
     0.054647    0.054790    0.054937    0.055086    0.055240    0.055397    0.055558    0.055724
     0.055895    0.056071    0.056254    0.056444    0.056641    0.056846    0.057060    0.057283
     0.057516    0.057760    0.058016    0.058283    0.058563    0.058857    0.059163    0.059485
     0.059820    0.060171    0.060537    0.060919    0.061317    0.061731    0.062161    0.062607
     0.063070    0.063549    0.064044    0.064554    0.065081    0.065623    0.066179    0.066750
     0.067335    0.067934    0.068545    0.069167    0.069802    0.070446    0.071100    0.071763
     0.072433    0.073110    0.073792    0.074479    0.075170    0.075862    0.076556    0.077250
     0.077942    0.078632    0.079319    0.080001    0.080677    0.081346    0.082007    0.082659
     0.083302    0.083933    0.084553    0.085161    0.085755    0.086335    0.086902    0.087454
     0.087992    0.088514    0.089022    0.089516    0.089996    0.090462    0.090916    0.091358
     0.091790    0.092213    0.092629    0.093040    0.093449    0.093858    0.094269    0.094687
     0.095114    0.095418    0.095722    0.096147    0.096929    0.098284    0.100392    0.103392
     0.107370    0.112355    0.118318    0.125173    0.132782    0.140962    0.149500
  1.000000  0.000000
     0.085483    0.089386    0.098329    0.108395    0.116355    0.119999    0.118282    0.111269
     0.099921    0.085768    0.070574    0.055982    0.043285    0.033280    0.026234    0.021941
     0.019833    0.019110    0.018859    0.019027    0.018963    0.018850    0.018706    0.018542
     0.018366    0.018170    0.017966    0.017753    0.017525    0.017283    0.017025    0.016750
     0.016466    0.016171    0.015870    0.015560    0.015246    0.014920    0.014585    0.014240
     0.013882    0.013516    0.013138    0.012748    0.012348    0.011935    0.011509    0.011073
     0.010623    0.010161    0.009689    0.009205    0.008711    0.008207    0.007692    0.007168
     0.006637    0.006098    0.005553    0.004999    0.004442    0.003879    0.003314    0.002745
     0.002173    0.001601    0.001028    0.000455   -0.000117   -0.000687   -0.001254   -0.001818
    -0.002378   -0.002933   -0.003482   -0.004026   -0.004563   -0.005091   -0.005612   -0.006125
    -0.006628   -0.007121   -0.007604   -0.008076   -0.008536   -0.008985   -0.009422   -0.009847
    -0.010259   -0.010658   -0.011044   -0.011417   -0.011776   -0.012123   -0.012456   -0.012777
    -0.013084   -0.013380   -0.013663   -0.013934   -0.014195   -0.014445   -0.014685   -0.014916
    -0.015138   -0.015354   -0.015563   -0.015767   -0.015967   -0.016164   -0.016361   -0.016557
    -0.016774   -0.017138   -0.017272   -0.017460   -0.017805   -0.018403   -0.019334   -0.020657
    -0.022413   -0.024613   -0.027244   -0.030269   -0.033626   -0.037236   -0.041004
  1.000000
     0.085483    0.089386    0.098329    0.108395    0.116355    0.119999    0.118282    0.111269
     0.099921    0.085768    0.070574    0.055982    0.043285    0.033280    0.026234    0.021941
     0.019833    0.019110    0.018859    0.018128    0.017702    0.017325    0.016973    0.016634
     0.016322    0.016020    0.015721    0.015423    0.015122    0.014816    0.014509    0.014195
     0.013879    0.013554    0.013227    0.012888    0.012545    0.012192    0.011830    0.011459
     0.011076    0.010685    0.010282    0.009867    0.009441    0.009008    0.008561    0.008099
     0.007630    0.007151    0.006661    0.006163    0.005656    0.005142    0.004620    0.004092
     0.003558    0.003020    0.002477    0.001932    0.001386    0.000838    0.000290   -0.000256
    -0.000802   -0.001343   -0.001883   -0.002417   -0.002947   -0.003471   -0.003989   -0.004499
    -0.005003   -0.005498   -0.005985   -0.006463   -0.006931   -0.007390   -0.007840   -0.008279
    -0.008708   -0.009126   -0.009534   -0.009931   -0.010317   -0.010692   -0.011056   -0.011410
    -0.011752   -0.012084   -0.012405   -0.012715   -0.013014   -0.013303   -0.013582   -0.013851
    -0.014110   -0.014359   -0.014599   -0.014831   -0.015054   -0.015269   -0.015476   -0.015678
    -0.015873   -0.016063   -0.016248   -0.016431   -0.016611   -0.016790   -0.016970   -0.017153
    -0.017283   -0.017138   -0.017272   -0.017460   -0.017805   -0.018403   -0.019334   -0.020657
    -0.022413   -0.024613   -0.027244   -0.030269   -0.033626   -0.037236   -0.041004
  1.000000  0.000000
     0.236344    0.235384    0.234445    0.233542    0.232688    0.231892    0.231166    0.230515
     0.229946    0.229800    0.229800    0.229800    0.229800    0.229800    0.229800    0.229800
     0.229800    0.229800    0.229800    0.229800    0.229800    0.229800    0.229800    0.229800
     0.229800    0.229800    0.229800    0.229800    0.229800    0.229800    0.229800    0.229800
     0.229800    0.229800    0.229800    0.229800    0.229800    0.229800    0.229800    0.229800
     0.229800    0.229800    0.229800    0.229800    0.229800    0.229800    0.229800    0.229800
     0.229800    0.229800    0.229800    0.229800    0.229800    0.229800    0.229800    0.229800
     0.229800    0.229800    0.229800    0.229800    0.229800    0.229800    0.229800    0.229800
     0.229800    0.229800    0.229800    0.229800    0.229800    0.229800    0.229800    0.229800
     0.229800    0.229800    0.229800    0.229800    0.229800    0.229800    0.229800    0.229800
     0.229800    0.229800    0.229800    0.229800    0.229800    0.229800    0.229800    0.229800
     0.229800    0.229800    0.229800    0.229800    0.229800    0.229800    0.229800    0.229800
     0.229800    0.229800    0.229800    0.229800    0.229800    0.229800    0.229800    0.229800
     0.229800    0.229800    0.229800    0.229800    0.229800    0.229800    0.229800    0.229800
     0.229800    0.229800    0.229800    0.229800    0.229800    0.229800    0.229800    0.229800
     0.229800    0.229800    0.229800    0.229800    0.229800    0.229800    0.229800
 ***************************************************************
  ROW NUMBER           1  SECTION NUMBER            7
           0           0           0  IF_DESIGN etc 
   1.00000   0.00000    0
    -0.202500   -0.172692   -0.143559   -0.115528   -0.088992   -0.064301   -0.041744   -0.021551
    -0.003877    0.011200    0.023680    0.033641    0.041239    0.046701    0.050319    0.052442
     0.053463    0.053810    0.053929    0.054048    0.054172    0.054300    0.054432    0.054567
     0.054706    0.054848    0.054993    0.055141    0.055293    0.055448    0.055608    0.055772
     0.055941    0.056115    0.056296    0.056483    0.056678    0.056881    0.057092    0.057313
     0.057544    0.057785    0.058038    0.058302    0.058579    0.058869    0.059173    0.059490
     0.059822    0.060169    0.060531    0.060909    0.061302    0.061711    0.062137    0.062578
     0.063036    0.063509    0.063999    0.064504    0.065024    0.065560    0.066110    0.066675
     0.067254    0.067845    0.068449    0.069065    0.069693    0.070330    0.070977    0.071632
     0.072295    0.072964    0.073639    0.074318    0.075001    0.075686    0.076372    0.077058
     0.077742    0.078425    0.079104    0.079778    0.080447    0.081108    0.081762    0.082407
     0.083042    0.083667    0.084280    0.084881    0.085468    0.086042    0.086603    0.087149
     0.087680    0.088197    0.088699    0.089187    0.089662    0.090123    0.090572    0.091009
     0.091436    0.091855    0.092266    0.092673    0.093077    0.093481    0.093888    0.094301
     0.094723    0.095024    0.095324    0.095747    0.096530    0.097891    0.100011    0.103032
     0.107038    0.112061    0.118070    0.124978    0.132648    0.140894    0.149500
  1.000000  0.000000
     0.085483    0.089828    0.099861    0.111322    0.120680    0.125499    0.124599    0.117995
     0.106678    0.092261    0.076615    0.061495    0.048289    0.037857    0.030501    0.026016
     0.023814    0.023060    0.022801    0.022968    0.022898    0.022778    0.022626    0.022454
     0.022267    0.022059    0.021840    0.021608    0.021358    0.021094    0.020810    0.020510
     0.020200    0.019883    0.019557    0.019223    0.018881    0.018525    0.018155    0.017775
     0.017380    0.016974    0.016552    0.016115    0.015664    0.015196    0.014711    0.014210
     0.013694    0.013160    0.012611    0.012045    0.011463    0.010866    0.010253    0.009625
     0.008984    0.008329    0.007662    0.006982    0.006291    0.005590    0.004879    0.004160
     0.003432    0.002698    0.001958    0.001213    0.000464   -0.000288   -0.001042   -0.001797
    -0.002551   -0.003305   -0.004055   -0.004803   -0.005547   -0.006284   -0.007016   -0.007740
    -0.008456   -0.009162   -0.009858   -0.010543   -0.011215   -0.011875   -0.012521   -0.013153
    -0.013769   -0.014370   -0.014955   -0.015523   -0.016074   -0.016609   -0.017126   -0.017625
    -0.018108   -0.018573   -0.019022   -0.019455   -0.019873   -0.020276   -0.020665   -0.021041
    -0.021406   -0.021761   -0.022108   -0.022448   -0.022783   -0.023116   -0.023449   -0.023784
    -0.024133   -0.024608   -0.024843   -0.025173   -0.025786   -0.026850   -0.028509   -0.030872
    -0.034007   -0.037936   -0.042638   -0.048043   -0.054043   -0.060495   -0.067229
  1.000000
     0.085483    0.089828    0.099861    0.111322    0.120680    0.125499    0.124599    0.117995
     0.106678    0.092261    0.076615    0.061495    0.048289    0.037857    0.030501    0.026016
     0.023814    0.023060    0.022801    0.022052    0.021612    0.021219    0.020853    0.020504
     0.020179    0.019863    0.019546    0.019225    0.018901    0.018571    0.018239    0.017897
     0.017552    0.017197    0.016836    0.016463    0.016084    0.015691    0.015288    0.014873
     0.014442    0.014001    0.013544    0.013072    0.012587    0.012089    0.011573    0.011038
     0.010491    0.009929    0.009353    0.008763    0.008160    0.007544    0.006915    0.006276
     0.005625    0.004964    0.004294    0.003616    0.002932    0.002241    0.001545    0.000845
     0.000142   -0.000562   -0.001269   -0.001975   -0.002680   -0.003383   -0.004085   -0.004782
    -0.005475   -0.006163   -0.006845   -0.007521   -0.008190   -0.008850   -0.009502   -0.010145
    -0.010779   -0.011402   -0.012014   -0.012615   -0.013204   -0.013782   -0.014346   -0.014899
    -0.015437   -0.015963   -0.016475   -0.016973   -0.017457   -0.017927   -0.018382   -0.018824
    -0.019252   -0.019667   -0.020068   -0.020456   -0.020831   -0.021195   -0.021549   -0.021892
    -0.022226   -0.022553   -0.022873   -0.023189   -0.023503   -0.023815   -0.024130   -0.024448
    -0.024704   -0.024608   -0.024843   -0.025173   -0.025786   -0.026850   -0.028509   -0.030872
    -0.034007   -0.037936   -0.042638   -0.048043   -0.054043   -0.060495   -0.067229
  1.000000  0.000000
     0.260361    0.259834    0.259319    0.258823    0.258353    0.257916    0.257517    0.257160
     0.256848    0.256760    0.256760    0.256760    0.256760    0.256760    0.256760    0.256760
     0.256760    0.256760    0.256760    0.256760    0.256760    0.256760    0.256760    0.256760
     0.256760    0.256760    0.256760    0.256760    0.256760    0.256760    0.256760    0.256760
     0.256760    0.256760    0.256760    0.256760    0.256760    0.256760    0.256760    0.256760
     0.256760    0.256760    0.256760    0.256760    0.256760    0.256760    0.256760    0.256760
     0.256760    0.256760    0.256760    0.256760    0.256760    0.256760    0.256760    0.256760
     0.256760    0.256760    0.256760    0.256760    0.256760    0.256760    0.256760    0.256760
     0.256760    0.256760    0.256760    0.256760    0.256760    0.256760    0.256760    0.256760
     0.256760    0.256760    0.256760    0.256760    0.256760    0.256760    0.256760    0.256760
     0.256760    0.256760    0.256760    0.256760    0.256760    0.256760    0.256760    0.256760
     0.256760    0.256760    0.256760    0.256760    0.256760    0.256760    0.256760    0.256760
     0.256760    0.256760    0.256760    0.256760    0.256760    0.256760    0.256760    0.256760
     0.256760    0.256760    0.256760    0.256760    0.256760    0.256760    0.256760    0.256760
     0.256760    0.256760    0.256760    0.256760    0.256760    0.256760    0.256760    0.256760
     0.256760    0.256760    0.256760    0.256760    0.256760    0.256760    0.256760
 ***************************************************************
  ROW NUMBER           1  SECTION NUMBER            8
           0           0           0  IF_DESIGN etc 
   1.00000   0.00000    0
    -0.202500   -0.172673   -0.143522   -0.115473   -0.088921   -0.064213   -0.041644   -0.021439
    -0.003754    0.011331    0.023817    0.033782    0.041383    0.046846    0.050464    0.052586
     0.053605    0.053948    0.054064    0.054180    0.054301    0.054426    0.054555    0.054687
     0.054823    0.054961    0.055102    0.055247    0.055395    0.055546    0.055702    0.055862
     0.056027    0.056197    0.056373    0.056556    0.056746    0.056944    0.057150    0.057366
     0.057591    0.057826    0.058073    0.058331    0.058601    0.058884    0.059180    0.059490
     0.059814    0.060152    0.060505    0.060874    0.061258    0.061657    0.062072    0.062502
     0.062949    0.063411    0.063888    0.064381    0.064889    0.065411    0.065948    0.066499
     0.067064    0.067641    0.068230    0.068831    0.069443    0.070065    0.070696    0.071335
     0.071982    0.072635    0.073293    0.073956    0.074622    0.075290    0.075959    0.076628
     0.077296    0.077962    0.078625    0.079282    0.079935    0.080580    0.081218    0.081847
     0.082467    0.083076    0.083674    0.084260    0.084834    0.085394    0.085940    0.086473
     0.086992    0.087496    0.087986    0.088462    0.088925    0.089375    0.089812    0.090239
     0.090656    0.091064    0.091466    0.091862    0.092257    0.092651    0.093048    0.093450
     0.093863    0.094156    0.094449    0.094867    0.095652    0.097025    0.099173    0.102238
     0.106308    0.111413    0.117524    0.124551    0.132353    0.140743    0.149500
  1.000000  0.000000
     0.085483    0.090572    0.102434    0.116223    0.127897    0.134638    0.135036    0.129033
     0.117673    0.102712    0.086214    0.070126    0.055995    0.044796    0.036884    0.032057
     0.029689    0.028883    0.028609    0.028768    0.028687    0.028553    0.028387    0.028199
     0.027993    0.027765    0.027516    0.027244    0.026949    0.026642    0.026319    0.025984
     0.025638    0.025288    0.024926    0.024553    0.024165    0.023764    0.023344    0.022911
     0.022461    0.021995    0.021508    0.021000    0.020474    0.019926    0.019355    0.018761
     0.018146    0.017508    0.016846    0.016161    0.015452    0.014720    0.013966    0.013189
     0.012389    0.011568    0.010726    0.009864    0.008982    0.008082    0.007164    0.006229
     0.005279    0.004313    0.003336    0.002345    0.001344    0.000334   -0.000684   -0.001709
    -0.002739   -0.003772   -0.004808   -0.005844   -0.006879   -0.007911   -0.008939   -0.009961
    -0.010975   -0.011981   -0.012976   -0.013960   -0.014929   -0.015884   -0.016823   -0.017744
    -0.018647   -0.019530   -0.020392   -0.021233   -0.022052   -0.022848   -0.023621   -0.024371
    -0.025098   -0.025801   -0.026482   -0.027140   -0.027777   -0.028393   -0.028991   -0.029570
    -0.030134   -0.030684   -0.031222   -0.031752   -0.032277   -0.032799   -0.033322   -0.033851
    -0.034387   -0.035019   -0.035395   -0.035929   -0.036931   -0.038680   -0.041416   -0.045317
    -0.050498   -0.056996   -0.064772   -0.073715   -0.083643   -0.094320   -0.105463
  1.000000
     0.085483    0.090572    0.102434    0.116223    0.127897    0.134638    0.135036    0.129033
     0.117673    0.102712    0.086214    0.070126    0.055995    0.044796    0.036884    0.032057
     0.029689    0.028883    0.028609    0.027845    0.027391    0.026985    0.026606    0.026252
     0.025914    0.025576    0.025234    0.024884    0.024530    0.024168    0.023800    0.023424
     0.023039    0.022645    0.022240    0.021822    0.021392    0.020948    0.020488    0.020013
     0.019519    0.019008    0.018479    0.017929    0.017360    0.016774    0.016162    0.015526
     0.014872    0.014196    0.013499    0.012780    0.012041    0.011282    0.010503    0.009705
     0.008888    0.008053    0.007202    0.006335    0.005453    0.004557    0.003649    0.002730
     0.001799    0.000861   -0.000086   -0.001039   -0.001998   -0.002960   -0.003926   -0.004893
    -0.005861   -0.006828   -0.007792   -0.008754   -0.009711   -0.010663   -0.011607   -0.012544
    -0.013472   -0.014390   -0.015297   -0.016192   -0.017073   -0.017941   -0.018793   -0.019630
    -0.020451   -0.021253   -0.022038   -0.022805   -0.023552   -0.024280   -0.024988   -0.025676
    -0.026345   -0.026993   -0.027623   -0.028233   -0.028825   -0.029400   -0.029959   -0.030503
    -0.031033   -0.031553   -0.032063   -0.032567   -0.033068   -0.033568   -0.034071   -0.034581
    -0.035030   -0.035019   -0.035395   -0.035929   -0.036931   -0.038680   -0.041416   -0.045317
    -0.050498   -0.056996   -0.064772   -0.073715   -0.083643   -0.094320   -0.105463
  1.000000  0.000000
     0.308396    0.308734    0.309065    0.309383    0.309684    0.309965    0.310221    0.310450
     0.310650    0.310680    0.310680    0.310680    0.310680    0.310680    0.310680    0.310680
     0.310680    0.310680    0.310680    0.310680    0.310680    0.310680    0.310680    0.310680
     0.310680    0.310680    0.310680    0.310680    0.310680    0.310680    0.310680    0.310680
     0.310680    0.310680    0.310680    0.310680    0.310680    0.310680    0.310680    0.310680
     0.310680    0.310680    0.310680    0.310680    0.310680    0.310680    0.310680    0.310680
     0.310680    0.310680    0.310680    0.310680    0.310680    0.310680    0.310680    0.310680
     0.310680    0.310680    0.310680    0.310680    0.310680    0.310680    0.310680    0.310680
     0.310680    0.310680    0.310680    0.310680    0.310680    0.310680    0.310680    0.310680
     0.310680    0.310680    0.310680    0.310680    0.310680    0.310680    0.310680    0.310680
     0.310680    0.310680    0.310680    0.310680    0.310680    0.310680    0.310680    0.310680
     0.310680    0.310680    0.310680    0.310680    0.310680    0.310680    0.310680    0.310680
     0.310680    0.310680    0.310680    0.310680    0.310680    0.310680    0.310680    0.310680
     0.310680    0.310680    0.310680    0.310680    0.310680    0.310680    0.310680    0.310680
     0.310680    0.310680    0.310680    0.310680    0.310680    0.310680    0.310680    0.310680
     0.310680    0.310680    0.310680    0.310680    0.310680    0.310680    0.310680
 ***************************************************************
  ROW NUMBER           1  SECTION NUMBER            9
           0           0           0  IF_DESIGN etc 
   1.00000   0.00000    0
    -0.202500   -0.172664   -0.143504   -0.115446   -0.088886   -0.064171   -0.041595   -0.021384
    -0.003695    0.011394    0.023883    0.033851    0.041453    0.046917    0.050535    0.052656
     0.053674    0.054017    0.054132    0.054247    0.054366    0.054490    0.054618    0.054749
     0.054883    0.055020    0.055160    0.055303    0.055449    0.055599    0.055753    0.055912
     0.056075    0.056243    0.056418    0.056599    0.056787    0.056983    0.057187    0.057401
     0.057623    0.057857    0.058101    0.058356    0.058624    0.058904    0.059197    0.059503
     0.059824    0.060159    0.060509    0.060874    0.061253    0.061649    0.062059    0.062486
     0.062928    0.063385    0.063858    0.064346    0.064848    0.065366    0.065898    0.066443
     0.067002    0.067573    0.068157    0.068752    0.069357    0.069973    0.070598    0.071230
     0.071871    0.072517    0.073169    0.073825    0.074484    0.075146    0.075808    0.076471
     0.077132    0.077791    0.078447    0.079098    0.079744    0.080383    0.081015    0.081638
     0.082251    0.082855    0.083447    0.084027    0.084594    0.085149    0.085690    0.086217
     0.086731    0.087230    0.087715    0.088187    0.088645    0.089090    0.089523    0.089946
     0.090358    0.090763    0.091160    0.091553    0.091943    0.092334    0.092726    0.093125
     0.093533    0.093824    0.094114    0.094530    0.095315    0.096693    0.098852    0.101934
     0.106028    0.111165    0.117314    0.124386    0.132240    0.140685    0.149500
  1.000000  0.000000
     0.085483    0.090928    0.103659    0.118539    0.131277    0.138868    0.139797    0.133973
     0.122473    0.107134    0.090114    0.073460    0.058804    0.047175    0.038953    0.033935
     0.031475    0.030640    0.030358    0.030504    0.030412    0.030265    0.030087    0.029885
     0.029662    0.029419    0.029151    0.028856    0.028539    0.028212    0.027872    0.027524
     0.027165    0.026801    0.026423    0.026032    0.025626    0.025207    0.024770    0.024318
     0.023847    0.023358    0.022849    0.022317    0.021764    0.021189    0.020590    0.019967
     0.019320    0.018648    0.017951    0.017229    0.016482    0.015710    0.014913    0.014092
     0.013246    0.012377    0.011485    0.010572    0.009636    0.008680    0.007705    0.006711
     0.005700    0.004673    0.003631    0.002575    0.001508    0.000430   -0.000657   -0.001752
    -0.002853   -0.003958   -0.005066   -0.006175   -0.007283   -0.008389   -0.009491   -0.010587
    -0.011676   -0.012755   -0.013824   -0.014880   -0.015922   -0.016949   -0.017959   -0.018950
    -0.019922   -0.020873   -0.021802   -0.022709   -0.023591   -0.024451   -0.025285   -0.026095
    -0.026880   -0.027640   -0.028376   -0.029088   -0.029777   -0.030444   -0.031091   -0.031719
    -0.032330   -0.032927   -0.033511   -0.034086   -0.034655   -0.035222   -0.035791   -0.036366
    -0.036950   -0.037611   -0.038021   -0.038607   -0.039712   -0.041648   -0.044680   -0.049008
    -0.054758   -0.061971   -0.070605   -0.080535   -0.091561   -0.103419   -0.115795
  1.000000
     0.085483    0.090928    0.103659    0.118539    0.131277    0.138868    0.139797    0.133973
     0.122473    0.107134    0.090114    0.073460    0.058804    0.047175    0.038953    0.033935
     0.031475    0.030640    0.030358    0.029599    0.029145    0.028739    0.028362    0.028009
     0.027667    0.027320    0.026969    0.026610    0.026246    0.025875    0.025495    0.025109
     0.024712    0.024307    0.023888    0.023458    0.023012    0.022554    0.022078    0.021585
     0.021074    0.020544    0.019994    0.019423    0.018830    0.018219    0.017579    0.016917
     0.016233    0.015526    0.014795    0.014042    0.013265    0.012467    0.011646    0.010804
     0.009941    0.009058    0.008157    0.007238    0.006302    0.005349    0.004382    0.003402
     0.002409    0.001406    0.000393   -0.000628   -0.001657   -0.002691   -0.003729   -0.004770
    -0.005813   -0.006856   -0.007898   -0.008937   -0.009972   -0.011003   -0.012026   -0.013042
    -0.014050   -0.015046   -0.016032   -0.017005   -0.017964   -0.018909   -0.019837   -0.020749
    -0.021643   -0.022518   -0.023374   -0.024210   -0.025025   -0.025820   -0.026592   -0.027344
    -0.028074   -0.028782   -0.029469   -0.030136   -0.030783   -0.031410   -0.032021   -0.032615
    -0.033194   -0.033762   -0.034319   -0.034870   -0.035416   -0.035962   -0.036512   -0.037068
    -0.037580   -0.037611   -0.038021   -0.038607   -0.039712   -0.041648   -0.044680   -0.049008
    -0.054758   -0.061971   -0.070605   -0.080535   -0.091561   -0.103419   -0.115795
  1.000000  0.000000
     0.332414    0.333185    0.333938    0.334664    0.335350    0.335989    0.336572    0.337095
     0.337552    0.337640    0.337640    0.337640    0.337640    0.337640    0.337640    0.337640
     0.337640    0.337640    0.337640    0.337640    0.337640    0.337640    0.337640    0.337640
     0.337640    0.337640    0.337640    0.337640    0.337640    0.337640    0.337640    0.337640
     0.337640    0.337640    0.337640    0.337640    0.337640    0.337640    0.337640    0.337640
     0.337640    0.337640    0.337640    0.337640    0.337640    0.337640    0.337640    0.337640
     0.337640    0.337640    0.337640    0.337640    0.337640    0.337640    0.337640    0.337640
     0.337640    0.337640    0.337640    0.337640    0.337640    0.337640    0.337640    0.337640
     0.337640    0.337640    0.337640    0.337640    0.337640    0.337640    0.337640    0.337640
     0.337640    0.337640    0.337640    0.337640    0.337640    0.337640    0.337640    0.337640
     0.337640    0.337640    0.337640    0.337640    0.337640    0.337640    0.337640    0.337640
     0.337640    0.337640    0.337640    0.337640    0.337640    0.337640    0.337640    0.337640
     0.337640    0.337640    0.337640    0.337640    0.337640    0.337640    0.337640    0.337640
     0.337640    0.337640    0.337640    0.337640    0.337640    0.337640    0.337640    0.337640
     0.337640    0.337640    0.337640    0.337640    0.337640    0.337640    0.337640    0.337640
     0.337640    0.337640    0.337640    0.337640    0.337640    0.337640    0.337640
 ***************************************************************
  ROW NUMBER           1  SECTION NUMBER            10
           0           0           0  IF_DESIGN etc 
   1.00000   0.00000    0
    -0.202500   -0.172659   -0.143495   -0.115433   -0.088869   -0.064151   -0.041571   -0.021358
    -0.003666    0.011426    0.023916    0.033885    0.041488    0.046952    0.050571    0.052692
     0.053709    0.054051    0.054166    0.054280    0.054399    0.054523    0.054650    0.054780
     0.054914    0.055050    0.055189    0.055332    0.055478    0.055627    0.055781    0.055938
     0.056101    0.056269    0.056443    0.056623    0.056810    0.057005    0.057209    0.057421
     0.057643    0.057875    0.058118    0.058373    0.058639    0.058918    0.059210    0.059515
     0.059835    0.060168    0.060517    0.060880    0.061258    0.061652    0.062061    0.062485
     0.062925    0.063381    0.063852    0.064338    0.064838    0.065354    0.065883    0.066426
     0.066983    0.067552    0.068133    0.068726    0.069329    0.069942    0.070564    0.071194
     0.071832    0.072476    0.073125    0.073778    0.074435    0.075093    0.075753    0.076413
     0.077072    0.077728    0.078381    0.079030    0.079673    0.080309    0.080938    0.081559
     0.082170    0.082771    0.083360    0.083938    0.084503    0.085056    0.085594    0.086120
     0.086631    0.087128    0.087611    0.088081    0.088537    0.088980    0.089412    0.089833
     0.090244    0.090646    0.091042    0.091433    0.091822    0.092210    0.092602    0.092999
     0.093405    0.093694    0.093984    0.094399    0.095184    0.096564    0.098727    0.101815
     0.105919    0.111068    0.117232    0.124322    0.132195    0.140662    0.149500
  1.000000  0.000000
     0.085483    0.091127    0.104345    0.119834    0.133162    0.141221    0.142433    0.136693
     0.125097    0.109528    0.092197    0.075211    0.060247    0.048367    0.039964    0.034836
     0.032322    0.031469    0.031183    0.031318    0.031219    0.031064    0.030877    0.030664
     0.030431    0.030176    0.029896    0.029589    0.029261    0.028923    0.028576    0.028220
     0.027854    0.027481    0.027095    0.026694    0.026278    0.025850    0.025403    0.024941
     0.024459    0.023959    0.023437    0.022893    0.022327    0.021738    0.021125    0.020487
     0.019824    0.019136    0.018422    0.017682    0.016916    0.016124    0.015307    0.014465
     0.013598    0.012707    0.011792    0.010854    0.009893    0.008912    0.007911    0.006890
     0.005852    0.004796    0.003726    0.002641    0.001544    0.000436   -0.000681   -0.001807
    -0.002939   -0.004075   -0.005215   -0.006355   -0.007495   -0.008633   -0.009767   -0.010894
    -0.012015   -0.013126   -0.014225   -0.015313   -0.016385   -0.017442   -0.018482   -0.019503
    -0.020504   -0.021483   -0.022440   -0.023375   -0.024284   -0.025170   -0.026030   -0.026865
    -0.027674   -0.028458   -0.029217   -0.029952   -0.030662   -0.031351   -0.032019   -0.032667
    -0.033298   -0.033913   -0.034517   -0.035110   -0.035698   -0.036284   -0.036872   -0.037466
    -0.038071   -0.038739   -0.039163   -0.039771   -0.040921   -0.042940   -0.046102   -0.050619
    -0.056620   -0.064149   -0.073163   -0.083531   -0.095043   -0.107423   -0.120346
  1.000000
     0.085483    0.091127    0.104345    0.119834    0.133162    0.141221    0.142433    0.136693
     0.125097    0.109528    0.092197    0.075211    0.060247    0.048367    0.039964    0.034836
     0.032322    0.031469    0.031183    0.030428    0.029976    0.029571    0.029195    0.028841
     0.028496    0.028143    0.027787    0.027424    0.027054    0.026678    0.026293    0.025901
     0.025497    0.025086    0.024660    0.024223    0.023771    0.023305    0.022820    0.022319
     0.021800    0.021259    0.020700    0.020118    0.019514    0.018891    0.018238    0.017563
     0.016865    0.016143    0.015397    0.014627    0.013833    0.013016    0.012176    0.011314
     0.010430    0.009525    0.008601    0.007658    0.006697    0.005718    0.004725    0.003717
     0.002696    0.001664    0.000620   -0.000432   -0.001492   -0.002558   -0.003629   -0.004703
    -0.005780   -0.006856   -0.007933   -0.009007   -0.010077   -0.011142   -0.012201   -0.013252
    -0.014295   -0.015326   -0.016347   -0.017354   -0.018347   -0.019326   -0.020287   -0.021232
    -0.022158   -0.023065   -0.023952   -0.024818   -0.025663   -0.026486   -0.027287   -0.028066
    -0.028822   -0.029556   -0.030269   -0.030959   -0.031630   -0.032280   -0.032912   -0.033528
    -0.034128   -0.034716   -0.035294   -0.035864   -0.036430   -0.036995   -0.037564   -0.038141
    -0.038683   -0.038739   -0.039163   -0.039771   -0.040921   -0.042940   -0.046102   -0.050619
    -0.056620   -0.064149   -0.073163   -0.083531   -0.095043   -0.107423   -0.120346
  1.000000  0.000000
     0.344422    0.345410    0.346375    0.347304    0.348183    0.349001    0.349748    0.350417
     0.351003    0.351120    0.351120    0.351120    0.351120    0.351120    0.351120    0.351120
     0.351120    0.351120    0.351120    0.351120    0.351120    0.351120    0.351120    0.351120
     0.351120    0.351120    0.351120    0.351120    0.351120    0.351120    0.351120    0.351120
     0.351120    0.351120    0.351120    0.351120    0.351120    0.351120    0.351120    0.351120
     0.351120    0.351120    0.351120    0.351120    0.351120    0.351120    0.351120    0.351120
     0.351120    0.351120    0.351120    0.351120    0.351120    0.351120    0.351120    0.351120
     0.351120    0.351120    0.351120    0.351120    0.351120    0.351120    0.351120    0.351120
     0.351120    0.351120    0.351120    0.351120    0.351120    0.351120    0.351120    0.351120
     0.351120    0.351120    0.351120    0.351120    0.351120    0.351120    0.351120    0.351120
     0.351120    0.351120    0.351120    0.351120    0.351120    0.351120    0.351120    0.351120
     0.351120    0.351120    0.351120    0.351120    0.351120    0.351120    0.351120    0.351120
     0.351120    0.351120    0.351120    0.351120    0.351120    0.351120    0.351120    0.351120
     0.351120    0.351120    0.351120    0.351120    0.351120    0.351120    0.351120    0.351120
     0.351120    0.351120    0.351120    0.351120    0.351120    0.351120    0.351120    0.351120
     0.351120    0.351120    0.351120    0.351120    0.351120    0.351120    0.351120
 ***************************************************************
  ROW NUMBER           1  SECTION NUMBER            11
           0           0           0  IF_DESIGN etc 
   1.00000   0.00000    0
    -0.202500   -0.172655   -0.143486   -0.115420   -0.088852   -0.064130   -0.041547   -0.021331
    -0.003637    0.011457    0.023949    0.033919    0.041523    0.046987    0.050606    0.052727
     0.053744    0.054086    0.054200    0.054314    0.054433    0.054556    0.054682    0.054812
     0.054945    0.055081    0.055220    0.055362    0.055507    0.055656    0.055809    0.055966
     0.056128    0.056295    0.056469    0.056648    0.056835    0.057029    0.057232    0.057444
     0.057665    0.057896    0.058138    0.058392    0.058657    0.058935    0.059226    0.059530
     0.059849    0.060181    0.060528    0.060890    0.061267    0.061659    0.062067    0.062490
     0.062928    0.063382    0.063851    0.064335    0.064834    0.065348    0.065875    0.066417
     0.066971    0.067538    0.068117    0.068708    0.069309    0.069920    0.070540    0.071168
     0.071803    0.072444    0.073091    0.073742    0.074396    0.075053    0.075710    0.076368
     0.077024    0.077678    0.078329    0.078975    0.079616    0.080250    0.080877    0.081495
     0.082104    0.082703    0.083290    0.083866    0.084429    0.084979    0.085516    0.086040
     0.086549    0.087044    0.087526    0.087994    0.088448    0.088890    0.089320    0.089739
     0.090149    0.090550    0.090944    0.091334    0.091722    0.092109    0.092499    0.092894
     0.093299    0.093587    0.093875    0.094290    0.095076    0.096457    0.098623    0.101717
     0.105828    0.110987    0.117164    0.124269    0.132159    0.140644    0.149500
  1.000000  0.000000
     0.085483    0.091351    0.105115    0.121287    0.135276    0.143859    0.145390    0.139744
     0.128040    0.112212    0.094534    0.077174    0.061865    0.049703    0.041097    0.035845
     0.033269    0.032397    0.032104    0.032228    0.032119    0.031954    0.031756    0.031531
     0.031283    0.031014    0.030721    0.030401    0.030063    0.029714    0.029358    0.028994
     0.028619    0.028236    0.027840    0.027429    0.027002    0.026563    0.026105    0.025631
     0.025137    0.024623    0.024088    0.023530    0.022949    0.022345    0.021715    0.021060
     0.020379    0.019672    0.018939    0.018179    0.017392    0.016578    0.015738    0.014872
     0.013981    0.013064    0.012123    0.011158    0.010169    0.009160    0.008129    0.007078
     0.006009    0.004921    0.003819    0.002701    0.001571    0.000429   -0.000723   -0.001883
    -0.003050   -0.004222   -0.005397   -0.006573   -0.007749   -0.008923   -0.010092   -0.011256
    -0.012412   -0.013558   -0.014693   -0.015816   -0.016923   -0.018015   -0.019088   -0.020142
    -0.021176   -0.022188   -0.023177   -0.024143   -0.025083   -0.025998   -0.026887   -0.027750
    -0.028587   -0.029398   -0.030183   -0.030943   -0.031679   -0.032391   -0.033082   -0.033753
    -0.034407   -0.035044   -0.035669   -0.036284   -0.036894   -0.037500   -0.038109   -0.038725
    -0.039353   -0.040029   -0.040469   -0.041101   -0.042301   -0.044411   -0.047718   -0.052442
    -0.058720   -0.066598   -0.076031   -0.086880   -0.098927   -0.111883   -0.125407
  1.000000
     0.085483    0.091351    0.105115    0.121287    0.135276    0.143859    0.145390    0.139744
     0.128040    0.112212    0.094534    0.077174    0.061865    0.049703    0.041097    0.035845
     0.033269    0.032397    0.032104    0.031356    0.030905    0.030502    0.030126    0.029770
     0.029419    0.029061    0.028699    0.028329    0.027953    0.027570    0.027178    0.026780
     0.026369    0.025950    0.025516    0.025071    0.024610    0.024134    0.023641    0.023130
     0.022600    0.022048    0.021476    0.020883    0.020266    0.019628    0.018961    0.018271
     0.017557    0.016817    0.016053    0.015264    0.014450    0.013612    0.012751    0.011865
     0.010957    0.010027    0.009077    0.008107    0.007117    0.006110    0.005087    0.004048
     0.002995    0.001929    0.000852   -0.000234   -0.001330   -0.002431   -0.003539   -0.004650
    -0.005764   -0.006879   -0.007994   -0.009107   -0.010216   -0.011321   -0.012419   -0.013509
    -0.014591   -0.015662   -0.016721   -0.017767   -0.018798   -0.019814   -0.020813   -0.021795
    -0.022757   -0.023699   -0.024621   -0.025522   -0.026400   -0.027255   -0.028088   -0.028897
    -0.029684   -0.030446   -0.031187   -0.031905   -0.032601   -0.033277   -0.033935   -0.034574
    -0.035198   -0.035809   -0.036409   -0.037002   -0.037590   -0.038177   -0.038769   -0.039368
    -0.039942   -0.040029   -0.040469   -0.041101   -0.042301   -0.044411   -0.047718   -0.052442
    -0.058720   -0.066598   -0.076031   -0.086880   -0.098927   -0.111883   -0.125407
  1.000000  0.000000
     0.356431    0.357635    0.358812    0.359944    0.361016    0.362013    0.362924    0.363740
     0.364453    0.364600    0.364600    0.364600    0.364600    0.364600    0.364600    0.364600
     0.364600    0.364600    0.364600    0.364600    0.364600    0.364600    0.364600    0.364600
     0.364600    0.364600    0.364600    0.364600    0.364600    0.364600    0.364600    0.364600
     0.364600    0.364600    0.364600    0.364600    0.364600    0.364600    0.364600    0.364600
     0.364600    0.364600    0.364600    0.364600    0.364600    0.364600    0.364600    0.364600
     0.364600    0.364600    0.364600    0.364600    0.364600    0.364600    0.364600    0.364600
     0.364600    0.364600    0.364600    0.364600    0.364600    0.364600    0.364600    0.364600
     0.364600    0.364600    0.364600    0.364600    0.364600    0.364600    0.364600    0.364600
     0.364600    0.364600    0.364600    0.364600    0.364600    0.364600    0.364600    0.364600
     0.364600    0.364600    0.364600    0.364600    0.364600    0.364600    0.364600    0.364600
     0.364600    0.364600    0.364600    0.364600    0.364600    0.364600    0.364600    0.364600
     0.364600    0.364600    0.364600    0.364600    0.364600    0.364600    0.364600    0.364600
     0.364600    0.364600    0.364600    0.364600    0.364600    0.364600    0.364600    0.364600
     0.364600    0.364600    0.364600    0.364600    0.364600    0.364600    0.364600    0.364600
     0.364600    0.364600    0.364600    0.364600    0.364600    0.364600    0.364600
 ***************************************************************
 ************STARTING THE INPUT FOR EACH BLADE ROW**************
  BLADE ROW NUMBER =        2                                           
    NUMBER OF BLADES IN ROW 
        52
        JM        JLE       JTE 
        129        19        115
      KTIPSTART  KTIPEND 
         0         0
       BOUNDARY LAYER TRANSITION POINTS 
         0         0         0         0
  SET NEWGRID= 1 TO GENERATE A NEW GRID WITH DIFFERENT "J" POINTS AND SPACINGS.
         0
   RPMROW,    RPMHUB 
    0.0    0.0
       JROTHS    JROTHE    JROTTS    JROTTE 
         1         1         1         1
   PUPROW    PLEROW   PTEROW    PDROW 
   119359.7   119359.7   123679.4  123679.4
      NSECS_ROW   INSURF  
         11         0
  IF_CUSP   IFANGLES 
         0         0
 ***************************************************************
  ROW NUMBER           2  SECTION NUMBER            1
           0           0           0  IF_DESIGN etc 
   1.00000   0.00000    0
     0.149500    0.155209    0.160793    0.166172    0.171273    0.176031    0.180393    0.184314
     0.187768    0.190739    0.193227    0.195247    0.196827    0.198011    0.198852    0.199415
     0.199773    0.200005    0.200195    0.200385    0.200584    0.200789    0.201000    0.201216
     0.201438    0.201664    0.201895    0.202132    0.202374    0.202622    0.202876    0.203137
     0.203406    0.203684    0.203971    0.204269    0.204579    0.204900    0.205236    0.205585
     0.205951    0.206333    0.206732    0.207150    0.207588    0.208046    0.208525    0.209026
     0.209550    0.210097    0.210668    0.211263    0.211884    0.212529    0.213200    0.213896
     0.214617    0.215364    0.216137    0.216934    0.217756    0.218602    0.219472    0.220365
     0.221279    0.222216    0.223172    0.224148    0.225142    0.226153    0.227179    0.228220
     0.229273    0.230338    0.231412    0.232495    0.233583    0.234677    0.235773    0.236870
     0.237967    0.239061    0.240151    0.241234    0.242310    0.243376    0.244431    0.245473
     0.246500    0.247511    0.248506    0.249481    0.250437    0.251372    0.252286    0.253177
     0.254046    0.254892    0.255714    0.256514    0.257291    0.258047    0.258782    0.259497
     0.260194    0.260876    0.261544    0.262202    0.262852    0.263498    0.264144    0.264795
     0.265456    0.266132    0.266610    0.267089    0.267564    0.268033    0.268489    0.268930
     0.269351    0.269752    0.270129    0.270485    0.270819    0.271134    0.271433    0.271720
     0.272000
  1.000000  0.000000
    -0.019333   -0.020282   -0.022585   -0.025452   -0.028203   -0.030335   -0.031555   -0.031779
    -0.031096   -0.029723   -0.027935   -0.026011   -0.024189   -0.022632   -0.021421   -0.020562
    -0.019994   -0.019616   -0.019301   -0.018418   -0.017891   -0.017421   -0.016984   -0.016577
    -0.016198   -0.015830   -0.015470   -0.015103   -0.014742   -0.014372   -0.014004   -0.013629
    -0.013252   -0.012870   -0.012482   -0.012087   -0.011686   -0.011276   -0.010861   -0.010432
    -0.010000   -0.009556   -0.009101   -0.008640   -0.008168   -0.007686   -0.007196   -0.006699
    -0.006194   -0.005682   -0.005164   -0.004640   -0.004113   -0.003583   -0.003051   -0.002518
    -0.001986   -0.001455   -0.000927   -0.000405    0.000111    0.000622    0.001126    0.001617
     0.002100    0.002573    0.003031    0.003479    0.003910    0.004329    0.004731    0.005119
     0.005489    0.005845    0.006182    0.006504    0.006809    0.007097    0.007369    0.007624
     0.007863    0.008087    0.008295    0.008489    0.008669    0.008834    0.008987    0.009127
     0.009255    0.009372    0.009479    0.009575    0.009662    0.009740    0.009811    0.009873
     0.009929    0.009978    0.010022    0.010060    0.010093    0.010122    0.010146    0.010167
     0.010185    0.010199    0.010211    0.010220    0.010227    0.010231    0.010233    0.010234
     0.010231    0.010190    0.009940    0.009940    0.009940    0.009940    0.009940    0.009940
     0.009940    0.009940    0.009940    0.009940    0.009940    0.009940    0.009940    0.009940
     0.009940
  1.000000
    -0.019333   -0.020282   -0.022585   -0.025452   -0.028203   -0.030335   -0.031555   -0.031779
    -0.031096   -0.029723   -0.027935   -0.026011   -0.024189   -0.022632   -0.021421   -0.020562
    -0.019994   -0.019616   -0.019301   -0.019524   -0.019437   -0.019293   -0.019110   -0.018905
    -0.018683   -0.018439   -0.018181   -0.017911   -0.017619   -0.017313   -0.016988   -0.016650
    -0.016302   -0.015952   -0.015594   -0.015234   -0.014869   -0.014489   -0.014092   -0.013696
    -0.013287   -0.012873   -0.012446   -0.012007   -0.011563   -0.011111   -0.010647   -0.010163
    -0.009678   -0.009185   -0.008684   -0.008176   -0.007666   -0.007144   -0.006617   -0.006088
    -0.005558   -0.005029   -0.004499   -0.003964   -0.003434   -0.002909   -0.002389   -0.001868
    -0.001357   -0.000852   -0.000358    0.000133    0.000611    0.001080    0.001538    0.001983
     0.002418    0.002839    0.003248    0.003644    0.004025    0.004393    0.004747    0.005086
     0.005410    0.005721    0.006017    0.006299    0.006566    0.006820    0.007058    0.007284
     0.007496    0.007695    0.007881    0.008054    0.008216    0.008365    0.008504    0.008631
     0.008748    0.008856    0.008954    0.009044    0.009126    0.009200    0.009266    0.009327
     0.009381    0.009429    0.009472    0.009511    0.009544    0.009573    0.009599    0.009620
     0.009637    0.009687    0.009940    0.009940    0.009940    0.009940    0.009940    0.009940
     0.009940    0.009940    0.009940    0.009940    0.009940    0.009940    0.009940    0.009940
     0.009940
  1.000000  0.000000
     0.095000    0.095000    0.095000    0.095000    0.095000    0.095000    0.095000    0.095000
     0.095000    0.095000    0.095000    0.095000    0.095000    0.095000    0.095000    0.095000
     0.095000    0.095000    0.095000    0.095000    0.095000    0.095000    0.095000    0.095000
     0.095000    0.095000    0.095000    0.095000    0.095000    0.095000    0.095000    0.095000
     0.095000    0.095000    0.095000    0.095000    0.095000    0.095000    0.095000    0.095000
     0.095000    0.095000    0.095000    0.095000    0.095000    0.095000    0.095000    0.095000
     0.095000    0.095000    0.095000    0.095000    0.095000    0.095000    0.095000    0.095000
     0.095000    0.095000    0.095000    0.095000    0.095000    0.095000    0.095000    0.095000
     0.095000    0.095000    0.095000    0.095000    0.095000    0.095000    0.095000    0.095000
     0.095000    0.095000    0.095000    0.095000    0.095000    0.095000    0.095000    0.095000
     0.095000    0.095000    0.095000    0.095000    0.095000    0.095000    0.095000    0.095000
     0.095000    0.095000    0.095000    0.095000    0.095000    0.095000    0.095000    0.095000
     0.095000    0.095000    0.095000    0.095000    0.095000    0.095000    0.095000    0.095000
     0.095000    0.095000    0.095000    0.095000    0.095000    0.095000    0.095000    0.095000
     0.095000    0.095000    0.095000    0.095000    0.095000    0.095000    0.095000    0.095000
     0.095000    0.095000    0.095000    0.095000    0.095000    0.095000    0.095000    0.095000
     0.095000
 ***************************************************************
  ROW NUMBER           2  SECTION NUMBER            2
           0           0           0  IF_DESIGN etc 
   1.00000   0.00000    0
     0.149500    0.155217    0.160808    0.166194    0.171301    0.176065    0.180432    0.184359
     0.187816    0.190790    0.193281    0.195302    0.196884    0.198068    0.198908    0.199471
     0.199828    0.200059    0.200248    0.200437    0.200634    0.200838    0.201047    0.201262
     0.201483    0.201708    0.201938    0.202173    0.202413    0.202660    0.202912    0.203172
     0.203439    0.203715    0.204001    0.204297    0.204604    0.204924    0.205257    0.205605
     0.205968    0.206348    0.206745    0.207160    0.207595    0.208050    0.208527    0.209025
     0.209545    0.210089    0.210656    0.211248    0.211865    0.212506    0.213173    0.213864
     0.214582    0.215324    0.216092    0.216884    0.217701    0.218542    0.219406    0.220293
     0.221203    0.222133    0.223084    0.224053    0.225041    0.226046    0.227066    0.228100
     0.229147    0.230206    0.231273    0.232349    0.233431    0.234518    0.235607    0.236698
     0.237788    0.238875    0.239958    0.241035    0.242104    0.243164    0.244212    0.245247
     0.246268    0.247274    0.248262    0.249231    0.250181    0.251111    0.252019    0.252905
     0.253768    0.254608    0.255426    0.256221    0.256993    0.257744    0.258474    0.259185
     0.259879    0.260556    0.261220    0.261874    0.262520    0.263162    0.263804    0.264451
     0.265108    0.265780    0.266255    0.266731    0.267204    0.267673    0.268133    0.268582
     0.269018    0.269439    0.269844    0.270234    0.270609    0.270970    0.271321    0.271663
     0.272000
  1.000000  0.000000
    -0.019333   -0.020215   -0.022352   -0.025003   -0.027532   -0.029470   -0.030546   -0.030683
    -0.029971   -0.028615   -0.026877   -0.025020   -0.023268   -0.021775   -0.020617   -0.019796
    -0.019254   -0.018895   -0.018596   -0.017753   -0.017248   -0.016798   -0.016379   -0.015990
    -0.015627   -0.015275   -0.014931   -0.014580   -0.014234   -0.013880   -0.013528   -0.013169
    -0.012808   -0.012441   -0.012069   -0.011691   -0.011306   -0.010912   -0.010513   -0.010102
    -0.009686   -0.009259   -0.008821   -0.008378   -0.007923   -0.007459   -0.006987   -0.006508
    -0.006021   -0.005527   -0.005027   -0.004522   -0.004012   -0.003500   -0.002986   -0.002471
    -0.001957   -0.001444   -0.000933   -0.000427    0.000072    0.000566    0.001054    0.001530
     0.001998    0.002455    0.002899    0.003333    0.003751    0.004157    0.004546    0.004922
     0.005281    0.005625    0.005952    0.006263    0.006559    0.006837    0.007101    0.007348
     0.007579    0.007796    0.007997    0.008185    0.008358    0.008518    0.008666    0.008801
     0.008925    0.009038    0.009141    0.009234    0.009318    0.009393    0.009461    0.009521
     0.009574    0.009622    0.009663    0.009700    0.009732    0.009759    0.009782    0.009802
     0.009819    0.009833    0.009844    0.009853    0.009859    0.009863    0.009865    0.009865
     0.009863    0.009822    0.009574    0.009574    0.009574    0.009574    0.009574    0.009574
     0.009574    0.009574    0.009574    0.009574    0.009574    0.009574    0.009574    0.009574
     0.009574
  1.000000
    -0.019333   -0.020215   -0.022352   -0.025003   -0.027532   -0.029470   -0.030546   -0.030683
    -0.029971   -0.028615   -0.026877   -0.025020   -0.023268   -0.021775   -0.020617   -0.019796
    -0.019254   -0.018895   -0.018596   -0.018818   -0.018740   -0.018605   -0.018433   -0.018240
    -0.018030   -0.017800   -0.017556   -0.017299   -0.017022   -0.016730   -0.016421   -0.016099
    -0.015767   -0.015434   -0.015092   -0.014749   -0.014400   -0.014037   -0.013658   -0.013279
    -0.012889   -0.012492   -0.012084   -0.011664   -0.011238   -0.010805   -0.010360   -0.009895
    -0.009430   -0.008957   -0.008476   -0.007987   -0.007497   -0.006993   -0.006486   -0.005977
    -0.005466   -0.004956   -0.004444   -0.003928   -0.003417   -0.002909   -0.002408   -0.001904
    -0.001409   -0.000921   -0.000443    0.000033    0.000496    0.000951    0.001395    0.001827
     0.002248    0.002657    0.003054    0.003438    0.003809    0.004166    0.004510    0.004840
     0.005155    0.005457    0.005746    0.006019    0.006280    0.006527    0.006759    0.006979
     0.007185    0.007379    0.007561    0.007729    0.007887    0.008032    0.008168    0.008292
     0.008407    0.008512    0.008608    0.008695    0.008775    0.008847    0.008912    0.008971
     0.009024    0.009071    0.009114    0.009151    0.009184    0.009213    0.009237    0.009258
     0.009275    0.009324    0.009574    0.009574    0.009574    0.009574    0.009574    0.009574
     0.009574    0.009574    0.009574    0.009574    0.009574    0.009574    0.009574    0.009574
     0.009574
  1.000000  0.000000
     0.108480    0.108480    0.108480    0.108480    0.108480    0.108480    0.108480    0.108480
     0.108480    0.108480    0.108480    0.108480    0.108480    0.108480    0.108480    0.108480
     0.108480    0.108480    0.108480    0.108480    0.108480    0.108480    0.108480    0.108480
     0.108480    0.108480    0.108480    0.108480    0.108480    0.108480    0.108480    0.108480
     0.108480    0.108480    0.108480    0.108480    0.108480    0.108480    0.108480    0.108480
     0.108480    0.108480    0.108480    0.108480    0.108480    0.108480    0.108480    0.108480
     0.108480    0.108480    0.108480    0.108480    0.108480    0.108480    0.108480    0.108480
     0.108480    0.108480    0.108480    0.108480    0.108480    0.108480    0.108480    0.108480
     0.108480    0.108480    0.108480    0.108480    0.108480    0.108480    0.108480    0.108480
     0.108480    0.108480    0.108480    0.108480    0.108480    0.108480    0.108480    0.108480
     0.108480    0.108480    0.108480    0.108480    0.108480    0.108480    0.108480    0.108480
     0.108480    0.108480    0.108480    0.108480    0.108480    0.108480    0.108480    0.108480
     0.108480    0.108480    0.108480    0.108480    0.108480    0.108480    0.108480    0.108480
     0.108480    0.108480    0.108480    0.108480    0.108480    0.108480    0.108480    0.108480
     0.108480    0.108480    0.108480    0.108480    0.108480    0.108480    0.108480    0.108480
     0.108480    0.108480    0.108480    0.108480    0.108480    0.108480    0.108480    0.108480
     0.108480
 ***************************************************************
  ROW NUMBER           2  SECTION NUMBER            3
           0           0           0  IF_DESIGN etc 
   1.00000   0.00000    0
     0.149500    0.155224    0.160823    0.166216    0.171330    0.176100    0.180472    0.184403
     0.187865    0.190842    0.193335    0.195358    0.196940    0.198125    0.198965    0.199527
     0.199883    0.200113    0.200301    0.200489    0.200684    0.200887    0.201095    0.201309
     0.201528    0.201751    0.201980    0.202213    0.202452    0.202697    0.202948    0.203206
     0.203472    0.203746    0.204030    0.204324    0.204629    0.204947    0.205278    0.205623
     0.205984    0.206361    0.206756    0.207169    0.207601    0.208053    0.208526    0.209021
     0.209538    0.210078    0.210642    0.211230    0.211843    0.212480    0.213142    0.213830
     0.214542    0.215280    0.216042    0.216830    0.217641    0.218477    0.219336    0.220217
     0.221121    0.222045    0.222990    0.223953    0.224935    0.225933    0.226946    0.227974
     0.229014    0.230066    0.231127    0.232195    0.233271    0.234350    0.235433    0.236516
     0.237599    0.238679    0.239755    0.240825    0.241888    0.242940    0.243982    0.245011
     0.246025    0.247024    0.248006    0.248969    0.249913    0.250836    0.251738    0.252619
     0.253476    0.254312    0.255124    0.255914    0.256681    0.257427    0.258153    0.258859
     0.259548    0.260221    0.260881    0.261530    0.262172    0.262810    0.263448    0.264091
     0.264743    0.265411    0.265883    0.266356    0.266827    0.267296    0.267760    0.268218
     0.268669    0.269111    0.269545    0.269971    0.270389    0.270799    0.271203    0.271603
     0.272000
  1.000000  0.000000
    -0.019333   -0.020145   -0.022106   -0.024528   -0.026823   -0.028557   -0.029480   -0.029527
    -0.028785   -0.027448   -0.025763   -0.023978   -0.022302   -0.020877   -0.019774   -0.018993
    -0.018480   -0.018140   -0.017858   -0.017056   -0.016575   -0.016146   -0.015747   -0.015377
    -0.015031   -0.014695   -0.014368   -0.014035   -0.013705   -0.013368   -0.013032   -0.012690
    -0.012346   -0.011996   -0.011640   -0.011279   -0.010911   -0.010535   -0.010153   -0.009759
    -0.009361   -0.008952   -0.008532   -0.008107   -0.007671   -0.007225   -0.006772   -0.006312
    -0.005844   -0.005369   -0.004888   -0.004402   -0.003911   -0.003418   -0.002923   -0.002427
    -0.001931   -0.001436   -0.000943   -0.000455    0.000027    0.000504    0.000975    0.001435
     0.001887    0.002329    0.002758    0.003177    0.003581    0.003973    0.004350    0.004713
     0.005060    0.005392    0.005708    0.006009    0.006295    0.006564    0.006818    0.007057
     0.007280    0.007490    0.007684    0.007865    0.008032    0.008186    0.008329    0.008459
     0.008578    0.008687    0.008786    0.008875    0.008956    0.009028    0.009093    0.009151
     0.009202    0.009248    0.009287    0.009322    0.009353    0.009379    0.009401    0.009420
     0.009436    0.009449    0.009460    0.009468    0.009473    0.009477    0.009479    0.009479
     0.009476    0.009436    0.009191    0.009191    0.009191    0.009191    0.009191    0.009191
     0.009191    0.009191    0.009191    0.009191    0.009191    0.009191    0.009191    0.009191
     0.009191
  1.000000
    -0.019333   -0.020145   -0.022106   -0.024528   -0.026823   -0.028557   -0.029480   -0.029527
    -0.028785   -0.027448   -0.025763   -0.023978   -0.022302   -0.020877   -0.019774   -0.018993
    -0.018480   -0.018140   -0.017858   -0.018079   -0.018009   -0.017885   -0.017724   -0.017544
    -0.017347   -0.017131   -0.016901   -0.016659   -0.016397   -0.016120   -0.015828   -0.015522
    -0.015208   -0.014892   -0.014568   -0.014243   -0.013911   -0.013566   -0.013206   -0.012846
    -0.012475   -0.012097   -0.011708   -0.011308   -0.010901   -0.010488   -0.010063   -0.009620
    -0.009174   -0.008722   -0.008261   -0.007793   -0.007323   -0.006840   -0.006354   -0.005865
    -0.005374   -0.004884   -0.004391   -0.003895   -0.003403   -0.002914   -0.002430   -0.001944
    -0.001467   -0.000996   -0.000534   -0.000075    0.000373    0.000812    0.001242    0.001660
     0.002068    0.002464    0.002849    0.003221    0.003580    0.003926    0.004260    0.004580
     0.004886    0.005180    0.005460    0.005726    0.005979    0.006219    0.006445    0.006658
     0.006859    0.007048    0.007224    0.007388    0.007542    0.007683    0.007815    0.007936
     0.008048    0.008151    0.008244    0.008329    0.008407    0.008477    0.008541    0.008598
     0.008650    0.008696    0.008737    0.008774    0.008806    0.008834    0.008858    0.008878
     0.008895    0.008944    0.009191    0.009191    0.009191    0.009191    0.009191    0.009191
     0.009191    0.009191    0.009191    0.009191    0.009191    0.009191    0.009191    0.009191
     0.009191
  1.000000  0.000000
     0.121960    0.121960    0.121960    0.121960    0.121960    0.121960    0.121960    0.121960
     0.121960    0.121960    0.121960    0.121960    0.121960    0.121960    0.121960    0.121960
     0.121960    0.121960    0.121960    0.121960    0.121960    0.121960    0.121960    0.121960
     0.121960    0.121960    0.121960    0.121960    0.121960    0.121960    0.121960    0.121960
     0.121960    0.121960    0.121960    0.121960    0.121960    0.121960    0.121960    0.121960
     0.121960    0.121960    0.121960    0.121960    0.121960    0.121960    0.121960    0.121960
     0.121960    0.121960    0.121960    0.121960    0.121960    0.121960    0.121960    0.121960
     0.121960    0.121960    0.121960    0.121960    0.121960    0.121960    0.121960    0.121960
     0.121960    0.121960    0.121960    0.121960    0.121960    0.121960    0.121960    0.121960
     0.121960    0.121960    0.121960    0.121960    0.121960    0.121960    0.121960    0.121960
     0.121960    0.121960    0.121960    0.121960    0.121960    0.121960    0.121960    0.121960
     0.121960    0.121960    0.121960    0.121960    0.121960    0.121960    0.121960    0.121960
     0.121960    0.121960    0.121960    0.121960    0.121960    0.121960    0.121960    0.121960
     0.121960    0.121960    0.121960    0.121960    0.121960    0.121960    0.121960    0.121960
     0.121960    0.121960    0.121960    0.121960    0.121960    0.121960    0.121960    0.121960
     0.121960    0.121960    0.121960    0.121960    0.121960    0.121960    0.121960    0.121960
     0.121960
 ***************************************************************
  ROW NUMBER           2  SECTION NUMBER            4
           0           0           0  IF_DESIGN etc 
   1.00000   0.00000    0
     0.149500    0.155239    0.160852    0.166259    0.171386    0.176168    0.180551    0.184491
     0.187961    0.190945    0.193442    0.195469    0.197053    0.198238    0.199078    0.199639
     0.199993    0.200221    0.200406    0.200592    0.200785    0.200985    0.201191    0.201402
     0.201618    0.201838    0.202064    0.202295    0.202530    0.202772    0.203020    0.203275
     0.203537    0.203808    0.204088    0.204378    0.204680    0.204994    0.205320    0.205661
     0.206018    0.206390    0.206780    0.207187    0.207614    0.208060    0.208527    0.209016
     0.209527    0.210060    0.210617    0.211197    0.211802    0.212431    0.213085    0.213763
     0.214467    0.215195    0.215948    0.216726    0.217527    0.218352    0.219200    0.220070
     0.220962    0.221875    0.222807    0.223758    0.224727    0.225713    0.226714    0.227728
     0.228755    0.229793    0.230841    0.231896    0.232958    0.234023    0.235092    0.236162
     0.237231    0.238298    0.239360    0.240416    0.241465    0.242504    0.243533    0.244549
     0.245550    0.246536    0.247506    0.248457    0.249389    0.250300    0.251191    0.252060
     0.252907    0.253731    0.254533    0.255313    0.256071    0.256807    0.257524    0.258221
     0.258901    0.259566    0.260217    0.260858    0.261492    0.262122    0.262752    0.263387
     0.264031    0.264690    0.265156    0.265623    0.266090    0.266558    0.267030    0.267506
     0.267986    0.268471    0.268961    0.269457    0.269958    0.270464    0.270974    0.271486
     0.272000
  1.000000  0.000000
    -0.019333   -0.020008   -0.021626   -0.023605   -0.025443   -0.026778   -0.027405   -0.027276
    -0.026474   -0.025173   -0.023592   -0.021945   -0.020414   -0.019122   -0.018126   -0.017425
    -0.016966   -0.016663   -0.016414   -0.015693   -0.015259   -0.014871   -0.014509   -0.014177
    -0.013864   -0.013560   -0.013266   -0.012966   -0.012668   -0.012365   -0.012060   -0.011752
    -0.011439   -0.011122   -0.010799   -0.010471   -0.010136   -0.009794   -0.009445   -0.009086
    -0.008722   -0.008348   -0.007964   -0.007574   -0.007174   -0.006764   -0.006349   -0.005925
    -0.005494   -0.005056   -0.004612   -0.004163   -0.003710   -0.003253   -0.002795   -0.002335
    -0.001875   -0.001416   -0.000959   -0.000505   -0.000057    0.000387    0.000824    0.001253
     0.001674    0.002086    0.002485    0.002875    0.003252    0.003617    0.003968    0.004307
     0.004630    0.004940    0.005235    0.005515    0.005781    0.006031    0.006268    0.006490
     0.006698    0.006892    0.007073    0.007240    0.007396    0.007539    0.007671    0.007791
     0.007901    0.008001    0.008093    0.008175    0.008249    0.008316    0.008375    0.008428
     0.008475    0.008517    0.008553    0.008585    0.008612    0.008636    0.008656    0.008673
     0.008687    0.008699    0.008708    0.008715    0.008720    0.008723    0.008724    0.008724
     0.008721    0.008681    0.008442    0.008442    0.008442    0.008442    0.008442    0.008442
     0.008442    0.008442    0.008442    0.008442    0.008442    0.008442    0.008442    0.008442
     0.008442
  1.000000
    -0.019333   -0.020008   -0.021626   -0.023605   -0.025443   -0.026778   -0.027405   -0.027276
    -0.026474   -0.025173   -0.023592   -0.021945   -0.020414   -0.019122   -0.018126   -0.017425
    -0.016966   -0.016663   -0.016414   -0.016634   -0.016581   -0.016477   -0.016339   -0.016182
    -0.016011   -0.015823   -0.015620   -0.015406   -0.015175   -0.014928   -0.014667   -0.014394
    -0.014113   -0.013832   -0.013542   -0.013252   -0.012953   -0.012643   -0.012320   -0.011997
    -0.011663   -0.011321   -0.010970   -0.010609   -0.010240   -0.009866   -0.009478   -0.009076
    -0.008671   -0.008258   -0.007837   -0.007410   -0.006980   -0.006536   -0.006091   -0.005642
    -0.005191   -0.004739   -0.004284   -0.003826   -0.003371   -0.002919   -0.002471   -0.002020
    -0.001577   -0.001139   -0.000710   -0.000282    0.000136    0.000545    0.000946    0.001337
     0.001719    0.002089    0.002449    0.002798    0.003135    0.003460    0.003773    0.004074
     0.004362    0.004638    0.004902    0.005153    0.005391    0.005617    0.005831    0.006033
     0.006222    0.006400    0.006567    0.006723    0.006868    0.007002    0.007127    0.007242
     0.007347    0.007445    0.007533    0.007614    0.007688    0.007755    0.007815    0.007870
     0.007919    0.007963    0.008002    0.008037    0.008068    0.008095    0.008118    0.008137
     0.008153    0.008200    0.008442    0.008442    0.008442    0.008442    0.008442    0.008442
     0.008442    0.008442    0.008442    0.008442    0.008442    0.008442    0.008442    0.008442
     0.008442
  1.000000  0.000000
     0.148920    0.148920    0.148920    0.148920    0.148920    0.148920    0.148920    0.148920
     0.148920    0.148920    0.148920    0.148920    0.148920    0.148920    0.148920    0.148920
     0.148920    0.148920    0.148920    0.148920    0.148920    0.148920    0.148920    0.148920
     0.148920    0.148920    0.148920    0.148920    0.148920    0.148920    0.148920    0.148920
     0.148920    0.148920    0.148920    0.148920    0.148920    0.148920    0.148920    0.148920
     0.148920    0.148920    0.148920    0.148920    0.148920    0.148920    0.148920    0.148920
     0.148920    0.148920    0.148920    0.148920    0.148920    0.148920    0.148920    0.148920
     0.148920    0.148920    0.148920    0.148920    0.148920    0.148920    0.148920    0.148920
     0.148920    0.148920    0.148920    0.148920    0.148920    0.148920    0.148920    0.148920
     0.148920    0.148920    0.148920    0.148920    0.148920    0.148920    0.148920    0.148920
     0.148920    0.148920    0.148920    0.148920    0.148920    0.148920    0.148920    0.148920
     0.148920    0.148920    0.148920    0.148920    0.148920    0.148920    0.148920    0.148920
     0.148920    0.148920    0.148920    0.148920    0.148920    0.148920    0.148920    0.148920
     0.148920    0.148920    0.148920    0.148920    0.148920    0.148920    0.148920    0.148920
     0.148920    0.148920    0.148920    0.148920    0.148920    0.148920    0.148920    0.148920
     0.148920    0.148920    0.148920    0.148920    0.148920    0.148920    0.148920    0.148920
     0.148920
 ***************************************************************
  ROW NUMBER           2  SECTION NUMBER            5
           0           0           0  IF_DESIGN etc 
   1.00000   0.00000    0
     0.149500    0.155268    0.160909    0.166343    0.171496    0.176301    0.180705    0.184664
     0.188148    0.191145    0.193652    0.195686    0.197274    0.198461    0.199301    0.199860
     0.200211    0.200435    0.200617    0.200798    0.200987    0.201183    0.201384    0.201590
     0.201802    0.202018    0.202238    0.202464    0.202695    0.202931    0.203174    0.203423
     0.203680    0.203945    0.204219    0.204503    0.204798    0.205105    0.205424    0.205758
     0.206107    0.206471    0.206852    0.207251    0.207668    0.208105    0.208562    0.209040
     0.209539    0.210061    0.210606    0.211174    0.211765    0.212381    0.213021    0.213685
     0.214373    0.215085    0.215822    0.216583    0.217367    0.218174    0.219003    0.219855
     0.220727    0.221620    0.222532    0.223463    0.224411    0.225375    0.226354    0.227347
     0.228352    0.229367    0.230392    0.231425    0.232463    0.233506    0.234552    0.235598
     0.236644    0.237688    0.238727    0.239761    0.240787    0.241803    0.242809    0.243803
     0.244783    0.245748    0.246696    0.247627    0.248538    0.249430    0.250302    0.251152
     0.251981    0.252787    0.253572    0.254335    0.255076    0.255797    0.256498    0.257180
     0.257845    0.258495    0.259133    0.259760    0.260380    0.260996    0.261612    0.262233
     0.262864    0.263508    0.263965    0.264421    0.264880    0.265349    0.265833    0.266337
     0.266865    0.267420    0.268003    0.268614    0.269252    0.269914    0.270596    0.271293
     0.272000
  1.000000  0.000000
    -0.019333   -0.019793   -0.020875   -0.022154   -0.023274   -0.023978   -0.024133   -0.023719
    -0.022814   -0.021561   -0.020130   -0.018691   -0.017381   -0.016289   -0.015457   -0.014876
    -0.014498   -0.014253   -0.014052   -0.013466   -0.013100   -0.012774   -0.012472   -0.012195
    -0.011931   -0.011677   -0.011434   -0.011185   -0.010937   -0.010685   -0.010430   -0.010172
    -0.009909   -0.009644   -0.009372   -0.009097   -0.008813   -0.008525   -0.008229   -0.007926
    -0.007617   -0.007297   -0.006972   -0.006639   -0.006296   -0.005945   -0.005589   -0.005226
    -0.004854   -0.004477   -0.004094   -0.003705   -0.003313   -0.002918   -0.002520   -0.002121
    -0.001721   -0.001322   -0.000924   -0.000527   -0.000136    0.000251    0.000633    0.001009
     0.001377    0.001737    0.002087    0.002429    0.002759    0.003079    0.003386    0.003683
     0.003966    0.004237    0.004494    0.004740    0.004971    0.005190    0.005397    0.005590
     0.005770    0.005939    0.006096    0.006241    0.006375    0.006499    0.006613    0.006716
     0.006811    0.006896    0.006974    0.007044    0.007107    0.007164    0.007214    0.007258
     0.007298    0.007333    0.007363    0.007389    0.007412    0.007431    0.007447    0.007461
     0.007472    0.007481    0.007488    0.007493    0.007497    0.007498    0.007499    0.007497
     0.007494    0.007456    0.007225    0.007225    0.007225    0.007225    0.007225    0.007225
     0.007225    0.007225    0.007225    0.007225    0.007225    0.007225    0.007225    0.007225
     0.007225
  1.000000
    -0.019333   -0.019793   -0.020875   -0.022154   -0.023274   -0.023978   -0.024133   -0.023719
    -0.022814   -0.021561   -0.020130   -0.018691   -0.017381   -0.016289   -0.015457   -0.014876
    -0.014498   -0.014253   -0.014052   -0.014286   -0.014258   -0.014184   -0.014082   -0.013961
    -0.013828   -0.013683   -0.013521   -0.013350   -0.013166   -0.012964   -0.012751   -0.012529
    -0.012301   -0.012072   -0.011835   -0.011598   -0.011352   -0.011096   -0.010831   -0.010565
    -0.010289   -0.010005   -0.009715   -0.009414   -0.009106   -0.008794   -0.008468   -0.008132
    -0.007790   -0.007441   -0.007086   -0.006723   -0.006359   -0.005980   -0.005601   -0.005218
    -0.004832   -0.004444   -0.004051   -0.003657   -0.003265   -0.002873   -0.002485   -0.002093
    -0.001707   -0.001326   -0.000951   -0.000576   -0.000210    0.000149    0.000502    0.000846
     0.001183    0.001511    0.001829    0.002138    0.002437    0.002726    0.003004    0.003273
     0.003529    0.003776    0.004012    0.004236    0.004450    0.004653    0.004844    0.005026
     0.005196    0.005357    0.005507    0.005647    0.005778    0.005900    0.006013    0.006117
     0.006212    0.006301    0.006381    0.006455    0.006522    0.006583    0.006638    0.006688
     0.006732    0.006773    0.006809    0.006840    0.006869    0.006893    0.006914    0.006932
     0.006947    0.006993    0.007225    0.007225    0.007225    0.007225    0.007225    0.007225
     0.007225    0.007225    0.007225    0.007225    0.007225    0.007225    0.007225    0.007225
     0.007225
  1.000000  0.000000
     0.202840    0.202840    0.202840    0.202840    0.202840    0.202840    0.202840    0.202840
     0.202840    0.202840    0.202840    0.202840    0.202840    0.202840    0.202840    0.202840
     0.202840    0.202840    0.202840    0.202840    0.202840    0.202840    0.202840    0.202840
     0.202840    0.202840    0.202840    0.202840    0.202840    0.202840    0.202840    0.202840
     0.202840    0.202840    0.202840    0.202840    0.202840    0.202840    0.202840    0.202840
     0.202840    0.202840    0.202840    0.202840    0.202840    0.202840    0.202840    0.202840
     0.202840    0.202840    0.202840    0.202840    0.202840    0.202840    0.202840    0.202840
     0.202840    0.202840    0.202840    0.202840    0.202840    0.202840    0.202840    0.202840
     0.202840    0.202840    0.202840    0.202840    0.202840    0.202840    0.202840    0.202840
     0.202840    0.202840    0.202840    0.202840    0.202840    0.202840    0.202840    0.202840
     0.202840    0.202840    0.202840    0.202840    0.202840    0.202840    0.202840    0.202840
     0.202840    0.202840    0.202840    0.202840    0.202840    0.202840    0.202840    0.202840
     0.202840    0.202840    0.202840    0.202840    0.202840    0.202840    0.202840    0.202840
     0.202840    0.202840    0.202840    0.202840    0.202840    0.202840    0.202840    0.202840
     0.202840    0.202840    0.202840    0.202840    0.202840    0.202840    0.202840    0.202840
     0.202840    0.202840    0.202840    0.202840    0.202840    0.202840    0.202840    0.202840
     0.202840
 ***************************************************************
  ROW NUMBER           2  SECTION NUMBER            6
           0           0           0  IF_DESIGN etc 
   1.00000   0.00000    0
     0.149500    0.155282    0.160937    0.166384    0.171549    0.176365    0.180779    0.184747
     0.188240    0.191242    0.193754    0.195791    0.197383    0.198571    0.199411    0.199969
     0.200319    0.200542    0.200722    0.200901    0.201089    0.201282    0.201482    0.201686
     0.201896    0.202110    0.202329    0.202552    0.202781    0.203015    0.203256    0.203503
     0.203757    0.204020    0.204291    0.204573    0.204865    0.205169    0.205486    0.205817
     0.206162    0.206523    0.206901    0.207296    0.207710    0.208143    0.208596    0.209070
     0.209565    0.210082    0.210622    0.211185    0.211771    0.212381    0.213015    0.213673
     0.214355    0.215061    0.215791    0.216545    0.217322    0.218122    0.218944    0.219788
     0.220653    0.221538    0.222442    0.223365    0.224304    0.225260    0.226230    0.227214
     0.228210    0.229216    0.230232    0.231255    0.232284    0.233318    0.234354    0.235391
     0.236428    0.237462    0.238492    0.239517    0.240534    0.241541    0.242538    0.243523
     0.244495    0.245451    0.246391    0.247313    0.248216    0.249100    0.249964    0.250807
     0.251628    0.252427    0.253205    0.253961    0.254696    0.255410    0.256105    0.256781
     0.257440    0.258085    0.258716    0.259338    0.259952    0.260563    0.261174    0.261789
     0.262414    0.263053    0.263505    0.263958    0.264414    0.264883    0.265371    0.265886
     0.266433    0.267014    0.267633    0.268288    0.268979    0.269702    0.270451    0.271219
     0.272000
  1.000000  0.000000
    -0.019333   -0.019716   -0.020606   -0.021635   -0.022496   -0.022973   -0.022955   -0.022435
    -0.021488   -0.020246   -0.018864   -0.017494   -0.016258   -0.015234   -0.014457   -0.013916
    -0.013567   -0.013340   -0.013155   -0.012612   -0.012269   -0.011963   -0.011683   -0.011423
    -0.011176   -0.010939   -0.010714   -0.010483   -0.010252   -0.010018   -0.009780   -0.009541
    -0.009296   -0.009049   -0.008795   -0.008539   -0.008274   -0.008006   -0.007729   -0.007446
    -0.007157   -0.006858   -0.006554   -0.006242   -0.005921   -0.005593   -0.005259   -0.004918
    -0.004569   -0.004215   -0.003855   -0.003490   -0.003122   -0.002750   -0.002376   -0.002001
    -0.001625   -0.001249   -0.000874   -0.000500   -0.000132    0.000233    0.000593    0.000947
     0.001294    0.001634    0.001964    0.002285    0.002597    0.002898    0.003188    0.003467
     0.003733    0.003989    0.004231    0.004462    0.004680    0.004885    0.005079    0.005260
     0.005430    0.005588    0.005735    0.005871    0.005996    0.006112    0.006218    0.006314
     0.006402    0.006482    0.006554    0.006619    0.006678    0.006730    0.006776    0.006817
     0.006853    0.006885    0.006913    0.006937    0.006957    0.006975    0.006989    0.007001
     0.007011    0.007019    0.007026    0.007030    0.007033    0.007034    0.007034    0.007032
     0.007029    0.006991    0.006763    0.006763    0.006763    0.006763    0.006763    0.006763
     0.006763    0.006763    0.006763    0.006763    0.006763    0.006763    0.006763    0.006763
     0.006763
  1.000000
    -0.019333   -0.019716   -0.020606   -0.021635   -0.022496   -0.022973   -0.022955   -0.022435
    -0.021488   -0.020246   -0.018864   -0.017494   -0.016258   -0.015234   -0.014457   -0.013916
    -0.013567   -0.013340   -0.013155   -0.013395   -0.013375   -0.013310   -0.013222   -0.013113
    -0.012993   -0.012862   -0.012715   -0.012558   -0.012389   -0.012203   -0.012007   -0.011802
    -0.011593   -0.011381   -0.011163   -0.010945   -0.010718   -0.010481   -0.010237   -0.009991
    -0.009736   -0.009473   -0.009204   -0.008926   -0.008640   -0.008351   -0.008048   -0.007736
    -0.007419   -0.007094   -0.006763   -0.006425   -0.006086   -0.005732   -0.005379   -0.005021
    -0.004659   -0.004297   -0.003928   -0.003560   -0.003192   -0.002824   -0.002459   -0.002091
    -0.001728   -0.001369   -0.001016   -0.000663   -0.000317    0.000022    0.000355    0.000680
     0.000999    0.001309    0.001610    0.001903    0.002187    0.002461    0.002725    0.002980
     0.003224    0.003459    0.003683    0.003896    0.004100    0.004293    0.004476    0.004649
     0.004812    0.004965    0.005109    0.005243    0.005368    0.005484    0.005592    0.005692
     0.005784    0.005868    0.005945    0.006016    0.006080    0.006139    0.006192    0.006239
     0.006282    0.006321    0.006356    0.006386    0.006413    0.006437    0.006458    0.006475
     0.006489    0.006534    0.006763    0.006763    0.006763    0.006763    0.006763    0.006763
     0.006763    0.006763    0.006763    0.006763    0.006763    0.006763    0.006763    0.006763
     0.006763
  1.000000  0.000000
     0.229800    0.229800    0.229800    0.229800    0.229800    0.229800    0.229800    0.229800
     0.229800    0.229800    0.229800    0.229800    0.229800    0.229800    0.229800    0.229800
     0.229800    0.229800    0.229800    0.229800    0.229800    0.229800    0.229800    0.229800
     0.229800    0.229800    0.229800    0.229800    0.229800    0.229800    0.229800    0.229800
     0.229800    0.229800    0.229800    0.229800    0.229800    0.229800    0.229800    0.229800
     0.229800    0.229800    0.229800    0.229800    0.229800    0.229800    0.229800    0.229800
     0.229800    0.229800    0.229800    0.229800    0.229800    0.229800    0.229800    0.229800
     0.229800    0.229800    0.229800    0.229800    0.229800    0.229800    0.229800    0.229800
     0.229800    0.229800    0.229800    0.229800    0.229800    0.229800    0.229800    0.229800
     0.229800    0.229800    0.229800    0.229800    0.229800    0.229800    0.229800    0.229800
     0.229800    0.229800    0.229800    0.229800    0.229800    0.229800    0.229800    0.229800
     0.229800    0.229800    0.229800    0.229800    0.229800    0.229800    0.229800    0.229800
     0.229800    0.229800    0.229800    0.229800    0.229800    0.229800    0.229800    0.229800
     0.229800    0.229800    0.229800    0.229800    0.229800    0.229800    0.229800    0.229800
     0.229800    0.229800    0.229800    0.229800    0.229800    0.229800    0.229800    0.229800
     0.229800    0.229800    0.229800    0.229800    0.229800    0.229800    0.229800    0.229800
     0.229800
 ***************************************************************
  ROW NUMBER           2  SECTION NUMBER            7
           0           0           0  IF_DESIGN etc 
   1.00000   0.00000    0
     0.149500    0.155296    0.160964    0.166424    0.171601    0.176429    0.180853    0.184829
     0.188330    0.191338    0.193856    0.195896    0.197490    0.198679    0.199520    0.200077
     0.200426    0.200648    0.200826    0.201005    0.201190    0.201382    0.201580    0.201783
     0.201991    0.202203    0.202420    0.202642    0.202869    0.203101    0.203340    0.203585
     0.203837    0.204098    0.204367    0.204646    0.204936    0.205238    0.205553    0.205881
     0.206223    0.206581    0.206956    0.207348    0.207758    0.208188    0.208637    0.209107
     0.209598    0.210111    0.210647    0.211205    0.211787    0.212392    0.213021    0.213673
     0.214350    0.215051    0.215775    0.216522    0.217293    0.218087    0.218902    0.219739
     0.220597    0.221475    0.222372    0.223287    0.224219    0.225167    0.226129    0.227105
     0.228093    0.229091    0.230099    0.231114    0.232135    0.233160    0.234188    0.235217
     0.236245    0.237271    0.238293    0.239309    0.240318    0.241317    0.242306    0.243283
     0.244247    0.245195    0.246128    0.247042    0.247939    0.248816    0.249672    0.250508
     0.251323    0.252116    0.252887    0.253637    0.254366    0.255074    0.255763    0.256434
     0.257088    0.257727    0.258354    0.258971    0.259580    0.260186    0.260792    0.261402
     0.262022    0.262656    0.263105    0.263553    0.264007    0.264475    0.264968    0.265492
     0.266055    0.266660    0.267309    0.268004    0.268741    0.269516    0.270323    0.271154
     0.272000
  1.000000  0.000000
    -0.019333   -0.019652   -0.020383   -0.021204   -0.021850   -0.022137   -0.021975   -0.021364
    -0.020380   -0.019145   -0.017802   -0.016487   -0.015311   -0.014342   -0.013610   -0.013101
    -0.012774   -0.012562   -0.012390   -0.011873   -0.011547   -0.011258   -0.010995   -0.010749
    -0.010516   -0.010293   -0.010081   -0.009865   -0.009649   -0.009429   -0.009206   -0.008982
    -0.008752   -0.008520   -0.008282   -0.008041   -0.007792   -0.007540   -0.007280   -0.007014
    -0.006742   -0.006460   -0.006174   -0.005880   -0.005578   -0.005269   -0.004954   -0.004632
    -0.004304   -0.003969   -0.003630   -0.003286   -0.002938   -0.002587   -0.002233   -0.001879
    -0.001523   -0.001168   -0.000813   -0.000460   -0.000111    0.000233    0.000574    0.000909
     0.001237    0.001558    0.001871    0.002175    0.002469    0.002754    0.003028    0.003291
     0.003543    0.003785    0.004013    0.004231    0.004436    0.004630    0.004813    0.004983
     0.005143    0.005291    0.005429    0.005557    0.005674    0.005782    0.005881    0.005971
     0.006054    0.006128    0.006195    0.006255    0.006309    0.006358    0.006401    0.006438
     0.006472    0.006501    0.006526    0.006548    0.006566    0.006582    0.006595    0.006606
     0.006615    0.006622    0.006627    0.006631    0.006633    0.006634    0.006633    0.006631
     0.006628    0.006590    0.006365    0.006365    0.006365    0.006365    0.006365    0.006365
     0.006365    0.006365    0.006365    0.006365    0.006365    0.006365    0.006365    0.006365
     0.006365
  1.000000
    -0.019333   -0.019652   -0.020383   -0.021204   -0.021850   -0.022137   -0.021975   -0.021364
    -0.020380   -0.019145   -0.017802   -0.016487   -0.015311   -0.014342   -0.013610   -0.013101
    -0.012774   -0.012562   -0.012390   -0.012626   -0.012613   -0.012556   -0.012478   -0.012380
    -0.012270   -0.012150   -0.012015   -0.011869   -0.011714   -0.011540   -0.011358   -0.011167
    -0.010973   -0.010776   -0.010574   -0.010370   -0.010159   -0.009939   -0.009712   -0.009482
    -0.009245   -0.009000   -0.008749   -0.008490   -0.008223   -0.007952   -0.007669   -0.007378
    -0.007081   -0.006777   -0.006467   -0.006151   -0.005832   -0.005501   -0.005169   -0.004833
    -0.004494   -0.004153   -0.003806   -0.003459   -0.003113   -0.002766   -0.002422   -0.002075
    -0.001732   -0.001393   -0.001058   -0.000725   -0.000398   -0.000077    0.000239    0.000548
     0.000850    0.001144    0.001431    0.001709    0.001979    0.002240    0.002491    0.002734
     0.002967    0.003190    0.003405    0.003608    0.003803    0.003988    0.004162    0.004328
     0.004484    0.004630    0.004768    0.004896    0.005017    0.005128    0.005232    0.005327
     0.005415    0.005497    0.005571    0.005639    0.005701    0.005757    0.005808    0.005854
     0.005895    0.005932    0.005966    0.005995    0.006022    0.006045    0.006064    0.006081
     0.006095    0.006139    0.006365    0.006365    0.006365    0.006365    0.006365    0.006365
     0.006365    0.006365    0.006365    0.006365    0.006365    0.006365    0.006365    0.006365
     0.006365
  1.000000  0.000000
     0.256760    0.256760    0.256760    0.256760    0.256760    0.256760    0.256760    0.256760
     0.256760    0.256760    0.256760    0.256760    0.256760    0.256760    0.256760    0.256760
     0.256760    0.256760    0.256760    0.256760    0.256760    0.256760    0.256760    0.256760
     0.256760    0.256760    0.256760    0.256760    0.256760    0.256760    0.256760    0.256760
     0.256760    0.256760    0.256760    0.256760    0.256760    0.256760    0.256760    0.256760
     0.256760    0.256760    0.256760    0.256760    0.256760    0.256760    0.256760    0.256760
     0.256760    0.256760    0.256760    0.256760    0.256760    0.256760    0.256760    0.256760
     0.256760    0.256760    0.256760    0.256760    0.256760    0.256760    0.256760    0.256760
     0.256760    0.256760    0.256760    0.256760    0.256760    0.256760    0.256760    0.256760
     0.256760    0.256760    0.256760    0.256760    0.256760    0.256760    0.256760    0.256760
     0.256760    0.256760    0.256760    0.256760    0.256760    0.256760    0.256760    0.256760
     0.256760    0.256760    0.256760    0.256760    0.256760    0.256760    0.256760    0.256760
     0.256760    0.256760    0.256760    0.256760    0.256760    0.256760    0.256760    0.256760
     0.256760    0.256760    0.256760    0.256760    0.256760    0.256760    0.256760    0.256760
     0.256760    0.256760    0.256760    0.256760    0.256760    0.256760    0.256760    0.256760
     0.256760    0.256760    0.256760    0.256760    0.256760    0.256760    0.256760    0.256760
     0.256760
 ***************************************************************
  ROW NUMBER           2  SECTION NUMBER            8
           0           0           0  IF_DESIGN etc 
   1.00000   0.00000    0
     0.149500    0.155323    0.161018    0.166503    0.171704    0.176554    0.180998    0.184992
     0.188507    0.191529    0.194056    0.196104    0.197702    0.198894    0.199736    0.200292
     0.200640    0.200859    0.201035    0.201210    0.201393    0.201583    0.201778    0.201977
     0.202182    0.202391    0.202605    0.202824    0.203047    0.203276    0.203511    0.203752
     0.204001    0.204258    0.204523    0.204798    0.205084    0.205381    0.205691    0.206014
     0.206351    0.206704    0.207073    0.207460    0.207864    0.208287    0.208729    0.209192
     0.209676    0.210182    0.210709    0.211259    0.211832    0.212428    0.213048    0.213691
     0.214357    0.215048    0.215761    0.216498    0.217257    0.218039    0.218842    0.219667
     0.220512    0.221377    0.222260    0.223162    0.224080    0.225014    0.225962    0.226923
     0.227896    0.228880    0.229872    0.230872    0.231878    0.232888    0.233901    0.234914
     0.235927    0.236938    0.237945    0.238946    0.239939    0.240924    0.241899    0.242861
     0.243810    0.244745    0.245663    0.246564    0.247447    0.248311    0.249155    0.249979
     0.250781    0.251562    0.252322    0.253061    0.253779    0.254477    0.255156    0.255817
     0.256461    0.257091    0.257708    0.258315    0.258916    0.259513    0.260110    0.260711
     0.261321    0.261946    0.262388    0.262830    0.263278    0.263746    0.264246    0.264787
     0.265378    0.266025    0.266730    0.267494    0.268314    0.269184    0.270095    0.271038
     0.272000
  1.000000  0.000000
    -0.019333   -0.019543   -0.020000   -0.020464   -0.020741   -0.020701   -0.020291   -0.019527
    -0.018479   -0.017257   -0.015980   -0.014760   -0.013686   -0.012812   -0.012156   -0.011703
    -0.011414   -0.011228   -0.011077   -0.010575   -0.010278   -0.010018   -0.009783   -0.009560
    -0.009350   -0.009152   -0.008964   -0.008773   -0.008581   -0.008387   -0.008189   -0.007990
    -0.007786   -0.007581   -0.007369   -0.007155   -0.006934   -0.006709   -0.006478   -0.006241
    -0.005998   -0.005748   -0.005493   -0.005230   -0.004960   -0.004685   -0.004403   -0.004115
    -0.003821   -0.003522   -0.003218   -0.002909   -0.002598   -0.002283   -0.001966   -0.001647
    -0.001328   -0.001009   -0.000691   -0.000374   -0.000060    0.000249    0.000555    0.000856
     0.001151    0.001439    0.001720    0.001992    0.002257    0.002512    0.002758    0.002994
     0.003219    0.003435    0.003639    0.003833    0.004017    0.004189    0.004352    0.004503
     0.004644    0.004776    0.004897    0.005010    0.005113    0.005208    0.005295    0.005373
     0.005445    0.005510    0.005568    0.005620    0.005666    0.005707    0.005744    0.005776
     0.005804    0.005828    0.005849    0.005867    0.005883    0.005895    0.005906    0.005915
     0.005921    0.005927    0.005930    0.005933    0.005934    0.005933    0.005932    0.005930
     0.005926    0.005889    0.005669    0.005669    0.005669    0.005669    0.005669    0.005669
     0.005669    0.005669    0.005669    0.005669    0.005669    0.005669    0.005669    0.005669
     0.005669
  1.000000
    -0.019333   -0.019543   -0.020000   -0.020464   -0.020741   -0.020701   -0.020291   -0.019527
    -0.018479   -0.017257   -0.015980   -0.014760   -0.013686   -0.012812   -0.012156   -0.011703
    -0.011414   -0.011228   -0.011077   -0.011279   -0.011276   -0.011233   -0.011173   -0.011093
    -0.011000   -0.010899   -0.010785   -0.010659   -0.010524   -0.010373   -0.010214   -0.010048
    -0.009880   -0.009708   -0.009532   -0.009354   -0.009169   -0.008979   -0.008783   -0.008580
    -0.008373   -0.008159   -0.007939   -0.007712   -0.007478   -0.007239   -0.006992   -0.006737
    -0.006475   -0.006208   -0.005934   -0.005655   -0.005373   -0.005082   -0.004788   -0.004490
    -0.004188   -0.003885   -0.003578   -0.003269   -0.002960   -0.002650   -0.002342   -0.002033
    -0.001726   -0.001422   -0.001121   -0.000822   -0.000527   -0.000238    0.000046    0.000325
     0.000598    0.000865    0.001124    0.001377    0.001622    0.001859    0.002088    0.002309
     0.002522    0.002726    0.002921    0.003108    0.003286    0.003456    0.003616    0.003768
     0.003912    0.004047    0.004174    0.004292    0.004403    0.004506    0.004602    0.004690
     0.004772    0.004847    0.004916    0.004979    0.005036    0.005088    0.005136    0.005179
     0.005217    0.005252    0.005283    0.005311    0.005336    0.005357    0.005376    0.005392
     0.005405    0.005448    0.005669    0.005669    0.005669    0.005669    0.005669    0.005669
     0.005669    0.005669    0.005669    0.005669    0.005669    0.005669    0.005669    0.005669
     0.005669
  1.000000  0.000000
     0.310680    0.310680    0.310680    0.310680    0.310680    0.310680    0.310680    0.310680
     0.310680    0.310680    0.310680    0.310680    0.310680    0.310680    0.310680    0.310680
     0.310680    0.310680    0.310680    0.310680    0.310680    0.310680    0.310680    0.310680
     0.310680    0.310680    0.310680    0.310680    0.310680    0.310680    0.310680    0.310680
     0.310680    0.310680    0.310680    0.310680    0.310680    0.310680    0.310680    0.310680
     0.310680    0.310680    0.310680    0.310680    0.310680    0.310680    0.310680    0.310680
     0.310680    0.310680    0.310680    0.310680    0.310680    0.310680    0.310680    0.310680
     0.310680    0.310680    0.310680    0.310680    0.310680    0.310680    0.310680    0.310680
     0.310680    0.310680    0.310680    0.310680    0.310680    0.310680    0.310680    0.310680
     0.310680    0.310680    0.310680    0.310680    0.310680    0.310680    0.310680    0.310680
     0.310680    0.310680    0.310680    0.310680    0.310680    0.310680    0.310680    0.310680
     0.310680    0.310680    0.310680    0.310680    0.310680    0.310680    0.310680    0.310680
     0.310680    0.310680    0.310680    0.310680    0.310680    0.310680    0.310680    0.310680
     0.310680    0.310680    0.310680    0.310680    0.310680    0.310680    0.310680    0.310680
     0.310680    0.310680    0.310680    0.310680    0.310680    0.310680    0.310680    0.310680
     0.310680    0.310680    0.310680    0.310680    0.310680    0.310680    0.310680    0.310680
     0.310680
 ***************************************************************
  ROW NUMBER           2  SECTION NUMBER            9
           0           0           0  IF_DESIGN etc 
   1.00000   0.00000    0
     0.149500    0.155337    0.161045    0.166543    0.171755    0.176616    0.181070    0.185073
     0.188595    0.191623    0.194155    0.196206    0.197807    0.199001    0.199843    0.200399
     0.200746    0.200964    0.201138    0.201313    0.201494    0.201682    0.201876    0.202074
     0.202278    0.202485    0.202698    0.202914    0.203136    0.203364    0.203597    0.203836
     0.204083    0.204338    0.204602    0.204875    0.205159    0.205454    0.205761    0.206082
     0.206417    0.206768    0.207134    0.207517    0.207919    0.208339    0.208778    0.209238
     0.209718    0.210220    0.210744    0.211290    0.211859    0.212451    0.213066    0.213704
     0.214366    0.215052    0.215760    0.216491    0.217245    0.218021    0.218819    0.219638
     0.220477    0.221335    0.222213    0.223108    0.224019    0.224947    0.225888    0.226843
     0.227809    0.228785    0.229771    0.230764    0.231762    0.232765    0.233771    0.234777
     0.235783    0.236786    0.237786    0.238780    0.239766    0.240744    0.241712    0.242667
     0.243610    0.244537    0.245449    0.246344    0.247221    0.248079    0.248917    0.249734
     0.250531    0.251307    0.252061    0.252795    0.253508    0.254201    0.254874    0.255531
     0.256170    0.256796    0.257408    0.258012    0.258608    0.259200    0.259793    0.260390
     0.260996    0.261616    0.262055    0.262494    0.262940    0.263408    0.263910    0.264459
     0.265064    0.265730    0.266461    0.267257    0.268115    0.269029    0.269989    0.270984
     0.272000
  1.000000  0.000000
    -0.019333   -0.019493   -0.019826   -0.020128   -0.020236   -0.020049   -0.019527   -0.018693
    -0.017618   -0.016402   -0.015156   -0.013980   -0.012953   -0.012123   -0.011502   -0.011075
    -0.010803   -0.010629   -0.010489   -0.009989   -0.009705   -0.009459   -0.009235   -0.009024
    -0.008825   -0.008639   -0.008461   -0.008281   -0.008100   -0.007918   -0.007731   -0.007544
    -0.007351   -0.007158   -0.006958   -0.006756   -0.006547   -0.006336   -0.006117   -0.005894
    -0.005664   -0.005428   -0.005187   -0.004938   -0.004682   -0.004422   -0.004156   -0.003883
    -0.003605   -0.003321   -0.003033   -0.002741   -0.002445   -0.002147   -0.001846   -0.001544
    -0.001241   -0.000939   -0.000637   -0.000336   -0.000038    0.000256    0.000546    0.000832
     0.001111    0.001385    0.001651    0.001910    0.002161    0.002402    0.002635    0.002859
     0.003073    0.003277    0.003470    0.003654    0.003827    0.003990    0.004143    0.004286
     0.004419    0.004543    0.004657    0.004763    0.004860    0.004949    0.005030    0.005103
     0.005170    0.005230    0.005284    0.005332    0.005376    0.005414    0.005447    0.005477
     0.005502    0.005525    0.005544    0.005560    0.005574    0.005585    0.005594    0.005602
     0.005608    0.005612    0.005615    0.005617    0.005618    0.005617    0.005615    0.005613
     0.005609    0.005572    0.005354    0.005354    0.005354    0.005354    0.005354    0.005354
     0.005354    0.005354    0.005354    0.005354    0.005354    0.005354    0.005354    0.005354
     0.005354
  1.000000
    -0.019333   -0.019493   -0.019826   -0.020128   -0.020236   -0.020049   -0.019527   -0.018693
    -0.017618   -0.016402   -0.015156   -0.013980   -0.012953   -0.012123   -0.011502   -0.011075
    -0.010803   -0.010629   -0.010489   -0.010670   -0.010671   -0.010636   -0.010582   -0.010511
    -0.010427   -0.010334   -0.010230   -0.010113   -0.009986   -0.009847   -0.009698   -0.009544
    -0.009387   -0.009227   -0.009063   -0.008896   -0.008724   -0.008548   -0.008365   -0.008175
    -0.007981   -0.007781   -0.007575   -0.007363   -0.007143   -0.006918   -0.006688   -0.006449
    -0.006203   -0.005952   -0.005695   -0.005433   -0.005166   -0.004894   -0.004616   -0.004335
    -0.004051   -0.003764   -0.003476   -0.003183   -0.002891   -0.002598   -0.002306   -0.002015
    -0.001723   -0.001435   -0.001149   -0.000866   -0.000586   -0.000311   -0.000041    0.000225
     0.000485    0.000739    0.000986    0.001227    0.001461    0.001687    0.001906    0.002118
     0.002321    0.002516    0.002704    0.002882    0.003053    0.003216    0.003370    0.003516
     0.003653    0.003783    0.003905    0.004019    0.004126    0.004225    0.004317    0.004402
     0.004481    0.004553    0.004620    0.004681    0.004736    0.004787    0.004832    0.004874
     0.004911    0.004945    0.004975    0.005002    0.005026    0.005047    0.005065    0.005080
     0.005093    0.005136    0.005354    0.005354    0.005354    0.005354    0.005354    0.005354
     0.005354    0.005354    0.005354    0.005354    0.005354    0.005354    0.005354    0.005354
     0.005354
  1.000000  0.000000
     0.337640    0.337640    0.337640    0.337640    0.337640    0.337640    0.337640    0.337640
     0.337640    0.337640    0.337640    0.337640    0.337640    0.337640    0.337640    0.337640
     0.337640    0.337640    0.337640    0.337640    0.337640    0.337640    0.337640    0.337640
     0.337640    0.337640    0.337640    0.337640    0.337640    0.337640    0.337640    0.337640
     0.337640    0.337640    0.337640    0.337640    0.337640    0.337640    0.337640    0.337640
     0.337640    0.337640    0.337640    0.337640    0.337640    0.337640    0.337640    0.337640
     0.337640    0.337640    0.337640    0.337640    0.337640    0.337640    0.337640    0.337640
     0.337640    0.337640    0.337640    0.337640    0.337640    0.337640    0.337640    0.337640
     0.337640    0.337640    0.337640    0.337640    0.337640    0.337640    0.337640    0.337640
     0.337640    0.337640    0.337640    0.337640    0.337640    0.337640    0.337640    0.337640
     0.337640    0.337640    0.337640    0.337640    0.337640    0.337640    0.337640    0.337640
     0.337640    0.337640    0.337640    0.337640    0.337640    0.337640    0.337640    0.337640
     0.337640    0.337640    0.337640    0.337640    0.337640    0.337640    0.337640    0.337640
     0.337640    0.337640    0.337640    0.337640    0.337640    0.337640    0.337640    0.337640
     0.337640    0.337640    0.337640    0.337640    0.337640    0.337640    0.337640    0.337640
     0.337640    0.337640    0.337640    0.337640    0.337640    0.337640    0.337640    0.337640
     0.337640
 ***************************************************************
  ROW NUMBER           2  SECTION NUMBER            10
           0           0           0  IF_DESIGN etc 
   1.00000   0.00000    0
     0.149500    0.155343    0.161058    0.166562    0.171780    0.176647    0.181105    0.185113
     0.188639    0.191669    0.194204    0.196257    0.197859    0.199054    0.199896    0.200452
     0.200798    0.201016    0.201190    0.201364    0.201545    0.201732    0.201925    0.202123
     0.202325    0.202532    0.202744    0.202960    0.203181    0.203408    0.203640    0.203879
     0.204125    0.204379    0.204641    0.204914    0.205196    0.205490    0.205797    0.206117
     0.206451    0.206800    0.207165    0.207547    0.207947    0.208366    0.208804    0.209262
     0.209740    0.210240    0.210762    0.211307    0.211874    0.212463    0.213076    0.213713
     0.214372    0.215055    0.215761    0.216490    0.217241    0.218015    0.218810    0.219626
     0.220462    0.221318    0.222192    0.223084    0.223992    0.224916    0.225855    0.226806
     0.227769    0.228742    0.229724    0.230713    0.231709    0.232708    0.233710    0.234713
     0.235715    0.236715    0.237711    0.238702    0.239685    0.240659    0.241624    0.242576
     0.243515    0.244440    0.245348    0.246240    0.247114    0.247969    0.248804    0.249618
     0.250412    0.251185    0.251937    0.252668    0.253379    0.254069    0.254741    0.255395
     0.256033    0.256656    0.257266    0.257867    0.258462    0.259052    0.259643    0.260238
     0.260842    0.261460    0.261897    0.262334    0.262779    0.263247    0.263751    0.264304
     0.264914    0.265590    0.266333    0.267145    0.268021    0.268956    0.269939    0.270958
     0.272000
  1.000000  0.000000
    -0.019333   -0.019470   -0.019744   -0.019970   -0.020000   -0.019743   -0.019169   -0.018302
    -0.017214   -0.016002   -0.014770   -0.013615   -0.012610   -0.011799   -0.011195   -0.010781
    -0.010517   -0.010348   -0.010212   -0.009715   -0.009438   -0.009199   -0.008980   -0.008774
    -0.008580   -0.008399   -0.008226   -0.008052   -0.007876   -0.007699   -0.007517   -0.007336
    -0.007149   -0.006961   -0.006766   -0.006570   -0.006367   -0.006162   -0.005949   -0.005732
    -0.005508   -0.005278   -0.005043   -0.004802   -0.004553   -0.004300   -0.004040   -0.003774
    -0.003503   -0.003227   -0.002946   -0.002662   -0.002374   -0.002083   -0.001789   -0.001495
    -0.001200   -0.000905   -0.000611   -0.000318   -0.000027    0.000259    0.000542    0.000821
     0.001093    0.001360    0.001620    0.001872    0.002116    0.002352    0.002579    0.002797
     0.003005    0.003203    0.003392    0.003570    0.003739    0.003897    0.004046    0.004185
     0.004314    0.004435    0.004545    0.004648    0.004742    0.004828    0.004907    0.004978
     0.005042    0.005100    0.005152    0.005199    0.005240    0.005277    0.005309    0.005337
     0.005362    0.005383    0.005401    0.005417    0.005430    0.005441    0.005449    0.005456
     0.005462    0.005466    0.005469    0.005470    0.005470    0.005470    0.005468    0.005465
     0.005461    0.005424    0.005208    0.005208    0.005208    0.005208    0.005208    0.005208
     0.005208    0.005208    0.005208    0.005208    0.005208    0.005208    0.005208    0.005208
     0.005208
  1.000000
    -0.019333   -0.019470   -0.019744   -0.019970   -0.020000   -0.019743   -0.019169   -0.018302
    -0.017214   -0.016002   -0.014770   -0.013615   -0.012610   -0.011799   -0.011195   -0.010781
    -0.010517   -0.010348   -0.010212   -0.010386   -0.010389   -0.010357   -0.010307   -0.010240
    -0.010160   -0.010070   -0.009971   -0.009858   -0.009736   -0.009602   -0.009457   -0.009308
    -0.009157   -0.009002   -0.008844   -0.008682   -0.008516   -0.008346   -0.008169   -0.007985
    -0.007798   -0.007604   -0.007405   -0.007199   -0.006987   -0.006769   -0.006546   -0.006314
    -0.006076   -0.005832   -0.005583   -0.005329   -0.005070   -0.004806   -0.004536   -0.004263
    -0.003987   -0.003708   -0.003428   -0.003143   -0.002859   -0.002574   -0.002289   -0.002005
    -0.001721   -0.001440   -0.001161   -0.000886   -0.000613   -0.000345   -0.000080    0.000179
     0.000432    0.000680    0.000922    0.001157    0.001386    0.001607    0.001822    0.002029
     0.002228    0.002419    0.002602    0.002778    0.002945    0.003104    0.003255    0.003398
     0.003533    0.003660    0.003780    0.003892    0.003997    0.004094    0.004185    0.004268
     0.004346    0.004417    0.004482    0.004542    0.004597    0.004646    0.004691    0.004732
     0.004769    0.004802    0.004832    0.004858    0.004882    0.004902    0.004920    0.004935
     0.004948    0.004990    0.005208    0.005208    0.005208    0.005208    0.005208    0.005208
     0.005208    0.005208    0.005208    0.005208    0.005208    0.005208    0.005208    0.005208
     0.005208
  1.000000  0.000000
     0.351120    0.351120    0.351120    0.351120    0.351120    0.351120    0.351120    0.351120
     0.351120    0.351120    0.351120    0.351120    0.351120    0.351120    0.351120    0.351120
     0.351120    0.351120    0.351120    0.351120    0.351120    0.351120    0.351120    0.351120
     0.351120    0.351120    0.351120    0.351120    0.351120    0.351120    0.351120    0.351120
     0.351120    0.351120    0.351120    0.351120    0.351120    0.351120    0.351120    0.351120
     0.351120    0.351120    0.351120    0.351120    0.351120    0.351120    0.351120    0.351120
     0.351120    0.351120    0.351120    0.351120    0.351120    0.351120    0.351120    0.351120
     0.351120    0.351120    0.351120    0.351120    0.351120    0.351120    0.351120    0.351120
     0.351120    0.351120    0.351120    0.351120    0.351120    0.351120    0.351120    0.351120
     0.351120    0.351120    0.351120    0.351120    0.351120    0.351120    0.351120    0.351120
     0.351120    0.351120    0.351120    0.351120    0.351120    0.351120    0.351120    0.351120
     0.351120    0.351120    0.351120    0.351120    0.351120    0.351120    0.351120    0.351120
     0.351120    0.351120    0.351120    0.351120    0.351120    0.351120    0.351120    0.351120
     0.351120    0.351120    0.351120    0.351120    0.351120    0.351120    0.351120    0.351120
     0.351120    0.351120    0.351120    0.351120    0.351120    0.351120    0.351120    0.351120
     0.351120    0.351120    0.351120    0.351120    0.351120    0.351120    0.351120    0.351120
     0.351120
 ***************************************************************
  ROW NUMBER           2  SECTION NUMBER            11
           0           0           0  IF_DESIGN etc 
   1.00000   0.00000    0
     0.149500    0.155350    0.161071    0.166581    0.171806    0.176677    0.181141    0.185152
     0.188683    0.191716    0.194253    0.196308    0.197911    0.199106    0.199949    0.200505
     0.200851    0.201068    0.201241    0.201414    0.201595    0.201782    0.201974    0.202171
     0.202373    0.202579    0.202790    0.203005    0.203226    0.203452    0.203683    0.203921
     0.204166    0.204419    0.204681    0.204953    0.205234    0.205527    0.205833    0.206152
     0.206484    0.206832    0.207196    0.207577    0.207976    0.208393    0.208830    0.209286
     0.209763    0.210262    0.210782    0.211324    0.211889    0.212477    0.213088    0.213722
     0.214380    0.215060    0.215764    0.216490    0.217239    0.218010    0.218802    0.219616
     0.220449    0.221302    0.222173    0.223062    0.223968    0.224889    0.225824    0.226772
     0.227731    0.228701    0.229680    0.230666    0.231658    0.232654    0.233653    0.234653
     0.235652    0.236648    0.237641    0.238628    0.239608    0.240579    0.241540    0.242489
     0.243425    0.244347    0.245253    0.246141    0.247012    0.247864    0.248696    0.249508
     0.250300    0.251070    0.251820    0.252548    0.253256    0.253945    0.254614    0.255266
     0.255901    0.256522    0.257131    0.257730    0.258322    0.258911    0.259499    0.260092
     0.260694    0.261310    0.261746    0.262182    0.262626    0.263093    0.263599    0.264155
     0.264771    0.265456    0.266211    0.267037    0.267931    0.268885    0.269890    0.270933
     0.272000
  1.000000  0.000000
    -0.019333   -0.019448   -0.019668   -0.019822   -0.019779   -0.019457   -0.018832   -0.017935
    -0.016834   -0.015624   -0.014406   -0.013270   -0.012285   -0.011494   -0.010905   -0.010501
    -0.010245   -0.010082   -0.009950   -0.009458   -0.009187   -0.008953   -0.008739   -0.008538
    -0.008349   -0.008173   -0.008005   -0.007835   -0.007664   -0.007492   -0.007316   -0.007139
    -0.006957   -0.006774   -0.006585   -0.006394   -0.006197   -0.005996   -0.005789   -0.005578
    -0.005360   -0.005136   -0.004908   -0.004672   -0.004429   -0.004183   -0.003930   -0.003671
    -0.003406   -0.003137   -0.002863   -0.002586   -0.002305   -0.002021   -0.001735   -0.001448
    -0.001160   -0.000872   -0.000585   -0.000299   -0.000016    0.000264    0.000540    0.000812
     0.001078    0.001338    0.001591    0.001837    0.002075    0.002305    0.002527    0.002739
     0.002942    0.003135    0.003318    0.003493    0.003656    0.003811    0.003956    0.004090
     0.004216    0.004333    0.004441    0.004540    0.004631    0.004715    0.004791    0.004860
     0.004922    0.004978    0.005028    0.005073    0.005113    0.005148    0.005179    0.005206
     0.005230    0.005250    0.005267    0.005282    0.005295    0.005305    0.005313    0.005320
     0.005325    0.005328    0.005331    0.005332    0.005332    0.005331    0.005329    0.005326
     0.005322    0.005286    0.005070    0.005070    0.005070    0.005070    0.005070    0.005070
     0.005070    0.005070    0.005070    0.005070    0.005070    0.005070    0.005070    0.005070
     0.005070
  1.000000
    -0.019333   -0.019448   -0.019668   -0.019822   -0.019779   -0.019457   -0.018832   -0.017935
    -0.016834   -0.015624   -0.014406   -0.013270   -0.012285   -0.011494   -0.010905   -0.010501
    -0.010245   -0.010082   -0.009950   -0.010119   -0.010124   -0.010095   -0.010048   -0.009985
    -0.009908   -0.009823   -0.009727   -0.009619   -0.009500   -0.009370   -0.009231   -0.009087
    -0.008941   -0.008791   -0.008638   -0.008481   -0.008320   -0.008156   -0.007985   -0.007806
    -0.007625   -0.007437   -0.007244   -0.007045   -0.006839   -0.006627   -0.006411   -0.006187
    -0.005955   -0.005719   -0.005477   -0.005229   -0.004977   -0.004722   -0.004459   -0.004194
    -0.003925   -0.003653   -0.003381   -0.003104   -0.002827   -0.002549   -0.002272   -0.001995
    -0.001718   -0.001445   -0.001172   -0.000903   -0.000637   -0.000375   -0.000117    0.000136
     0.000384    0.000626    0.000863    0.001093    0.001317    0.001533    0.001743    0.001946
     0.002140    0.002328    0.002508    0.002679    0.002843    0.003000    0.003148    0.003288
     0.003421    0.003545    0.003663    0.003773    0.003876    0.003971    0.004060    0.004142
     0.004218    0.004289    0.004353    0.004411    0.004465    0.004514    0.004558    0.004598
     0.004635    0.004667    0.004697    0.004723    0.004746    0.004766    0.004784    0.004799
     0.004812    0.004854    0.005070    0.005070    0.005070    0.005070    0.005070    0.005070
     0.005070    0.005070    0.005070    0.005070    0.005070    0.005070    0.005070    0.005070
     0.005070
  1.000000  0.000000
     0.364600    0.364600    0.364600    0.364600    0.364600    0.364600    0.364600    0.364600
     0.364600    0.364600    0.364600    0.364600    0.364600    0.364600    0.364600    0.364600
     0.364600    0.364600    0.364600    0.364600    0.364600    0.364600    0.364600    0.364600
     0.364600    0.364600    0.364600    0.364600    0.364600    0.364600    0.364600    0.364600
     0.364600    0.364600    0.364600    0.364600    0.364600    0.364600    0.364600    0.364600
     0.364600    0.364600    0.364600    0.364600    0.364600    0.364600    0.364600    0.364600
     0.364600    0.364600    0.364600    0.364600    0.364600    0.364600    0.364600    0.364600
     0.364600    0.364600    0.364600    0.364600    0.364600    0.364600    0.364600    0.364600
     0.364600    0.364600    0.364600    0.364600    0.364600    0.364600    0.364600    0.364600
     0.364600    0.364600    0.364600    0.364600    0.364600    0.364600    0.364600    0.364600
     0.364600    0.364600    0.364600    0.364600    0.364600    0.364600    0.364600    0.364600
     0.364600    0.364600    0.364600    0.364600    0.364600    0.364600    0.364600    0.364600
     0.364600    0.364600    0.364600    0.364600    0.364600    0.364600    0.364600    0.364600
     0.364600    0.364600    0.364600    0.364600    0.364600    0.364600    0.364600    0.364600
     0.364600    0.364600    0.364600    0.364600    0.364600    0.364600    0.364600    0.364600
     0.364600    0.364600    0.364600    0.364600    0.364600    0.364600    0.364600    0.364600
     0.364600
 ***************************************************************
 ************STARTING THE INPUT FOR EACH BLADE ROW**************
  BLADE ROW NUMBER =        3                                           
    NUMBER OF BLADES IN ROW 
        29
        JM        JLE       JTE 
        127        19        114
      KTIPSTART  KTIPEND 
         33         37
  FRACTIP1,     FRACTIP2 
  0.00805925       0.00805925
  FTHICK(K) 
1.000000 1.000000 1.000000 1.000000 1.000000 1.000000 1.000000 1.000000
1.000000 1.000000 1.000000 1.000000 1.000000 1.000000 1.000000 1.000000
1.000000 1.000000 1.000000 1.000000 1.000000 1.000000 1.000000 1.000000
1.000000 1.000000 1.000000 1.000000 1.000000 1.000000 1.000000 0.900000
0.500000 0.000000 0.000000 0.000000 0.000000
       BOUNDARY LAYER TRANSITION POINTS 
         0         0         0         0
  SET NEWGRID= 1 TO GENERATE A NEW GRID WITH DIFFERENT "J" POINTS AND SPACINGS.
         0
   RPMROW,    RPMHUB 
    10081.0    10081.0
       JROTHS    JROTHE    JROTTS    JROTTE 
         1         1         1         1
   PUPROW    PLEROW   PTEROW    PDROW 
   123679.4   123679.4   158920.7  158920.7
      NSECS_ROW   INSURF  
         11         0
  IF_CUSP   IFANGLES 
         0         0
 ***************************************************************
  ROW NUMBER           3  SECTION NUMBER            1
           0           0           0  IF_DESIGN etc 
   1.00000   0.00000    0
     0.292900    0.298542    0.304058    0.309370    0.314404    0.319095    0.323389    0.327245
     0.330632    0.333537    0.335959    0.337914    0.339429    0.340547    0.341323    0.341821
     0.342115    0.342282    0.342408    0.342534    0.342665    0.342800    0.342940    0.343083
     0.343229    0.343379    0.343532    0.343689    0.343849    0.344013    0.344182    0.344355
     0.344533    0.344718    0.344909    0.345107    0.345312    0.345527    0.345750    0.345983
     0.346227    0.346482    0.346749    0.347028    0.347321    0.347627    0.347948    0.348283
     0.348634    0.349000    0.349383    0.349782    0.350197    0.350630    0.351079    0.351545
     0.352028    0.352529    0.353046    0.353579    0.354129    0.354695    0.355277    0.355873
     0.356484    0.357109    0.357747    0.358398    0.359061    0.359734    0.360417    0.361109
     0.361809    0.362516    0.363229    0.363947    0.364668    0.365391    0.366116    0.366841
     0.367564    0.368285    0.369002    0.369714    0.370421    0.371120    0.371811    0.372492
     0.373163    0.373823    0.374470    0.375105    0.375725    0.376332    0.376924    0.377501
     0.378062    0.378608    0.379139    0.379654    0.380155    0.380642    0.381116    0.381578
     0.382030    0.382472    0.382907    0.383336    0.383763    0.384190    0.384620    0.385056
     0.385502    0.385820    0.386137    0.386522    0.387106    0.388010    0.389333    0.391154
     0.393520    0.396448    0.399921    0.403891    0.408282    0.412991    0.417900
  1.000000  0.000000
     0.072183    0.070907    0.067440    0.062373    0.056305    0.049790    0.043295    0.037179
     0.031685    0.026952    0.023030    0.019906    0.017518    0.015781    0.014590    0.013832
     0.013388    0.013135    0.012946    0.013172    0.013162    0.013109    0.013030    0.012935
     0.012828    0.012710    0.012583    0.012449    0.012305    0.012156    0.011995    0.011830
     0.011650    0.011464    0.011259    0.011046    0.010820    0.010586    0.010347    0.010102
     0.009852    0.009590    0.009318    0.009042    0.008759    0.008468    0.008168    0.007861
     0.007550    0.007226    0.006896    0.006561    0.006220    0.005873    0.005524    0.005164
     0.004804    0.004439    0.004072    0.003705    0.003332    0.002960    0.002588    0.002216
     0.001845    0.001476    0.001109    0.000744    0.000383    0.000026   -0.000327   -0.000675
    -0.001017   -0.001353   -0.001684   -0.002008   -0.002324   -0.002633   -0.002935   -0.003229
    -0.003514   -0.003790   -0.004058   -0.004317   -0.004567   -0.004808   -0.005039   -0.005261
    -0.005474   -0.005677   -0.005871   -0.006056   -0.006232   -0.006398   -0.006557   -0.006706
    -0.006848   -0.006981   -0.007107   -0.007226   -0.007338   -0.007443   -0.007542   -0.007636
    -0.007725   -0.007809   -0.007889   -0.007965   -0.008038   -0.008109   -0.008177   -0.008243
    -0.008361   -0.008658   -0.008696   -0.008743   -0.008813   -0.008921   -0.009080   -0.009299
    -0.009583   -0.009935   -0.010352   -0.010829   -0.011356   -0.011922   -0.012512
  1.000000
     0.072183    0.070907    0.067440    0.062373    0.056305    0.049790    0.043295    0.037179
     0.031685    0.026952    0.023030    0.019906    0.017518    0.015781    0.014590    0.013832
     0.013388    0.013135    0.012946    0.012306    0.011934    0.011605    0.011294    0.011012
     0.010737    0.010476    0.010227    0.009987    0.009752    0.009520    0.009285    0.009048
     0.008806    0.008563    0.008314    0.008061    0.007802    0.007537    0.007267    0.006989
     0.006707    0.006416    0.006118    0.005814    0.005503    0.005184    0.004858    0.004526
     0.004189    0.003846    0.003497    0.003145    0.002788    0.002427    0.002065    0.001701
     0.001336    0.000971    0.000607    0.000243   -0.000117   -0.000474   -0.000828   -0.001176
    -0.001519   -0.001857   -0.002187   -0.002510   -0.002825   -0.003132   -0.003431   -0.003720
    -0.004000   -0.004270   -0.004531   -0.004782   -0.005022   -0.005254   -0.005475   -0.005686
    -0.005888   -0.006080   -0.006263   -0.006437   -0.006603   -0.006760   -0.006909   -0.007050
    -0.007183   -0.007309   -0.007429   -0.007542   -0.007648   -0.007749   -0.007844   -0.007934
    -0.008019   -0.008099   -0.008175   -0.008247   -0.008315   -0.008380   -0.008441   -0.008500
    -0.008556   -0.008610   -0.008662   -0.008712   -0.008761   -0.008809   -0.008857   -0.008903
    -0.008882   -0.008658   -0.008696   -0.008743   -0.008813   -0.008921   -0.009080   -0.009299
    -0.009583   -0.009935   -0.010352   -0.010829   -0.011356   -0.011922   -0.012512
  1.000000  0.000000
     0.190000    0.190000    0.190000    0.190000    0.190000    0.190000    0.190000    0.190000
     0.190000    0.190000    0.190000    0.190000    0.190000    0.190000    0.190000    0.190000
     0.190000    0.190000    0.190000    0.190000    0.190000    0.190000    0.190000    0.190000
     0.190000    0.190000    0.190000    0.190000    0.190000    0.190000    0.190000    0.190000
     0.190000    0.190000    0.190000    0.190000    0.190000    0.190000    0.190000    0.190000
     0.190000    0.190000    0.190000    0.190000    0.190000    0.190000    0.190000    0.190000
     0.190000    0.190000    0.190000    0.190000    0.190000    0.190000    0.190000    0.190000
     0.190000    0.190000    0.190000    0.190000    0.190000    0.190000    0.190000    0.190000
     0.190000    0.190000    0.190000    0.190000    0.190000    0.190000    0.190000    0.190000
     0.190000    0.190000    0.190000    0.190000    0.190000    0.190000    0.190000    0.190000
     0.190000    0.190000    0.190000    0.190000    0.190000    0.190000    0.190000    0.190000
     0.190000    0.190000    0.190000    0.190000    0.190000    0.190000    0.190000    0.190000
     0.190000    0.190000    0.190000    0.190000    0.190000    0.190000    0.190000    0.190000
     0.190000    0.190000    0.190000    0.190000    0.190000    0.190000    0.190000    0.190000
     0.190000    0.190000    0.190000    0.190000    0.190000    0.190000    0.190000    0.190000
     0.190000    0.190000    0.190000    0.190000    0.190000    0.190000    0.190000
 ***************************************************************
  ROW NUMBER           3  SECTION NUMBER            2
           0           0           0  IF_DESIGN etc 
   1.00000   0.00000    0
     0.292900    0.298546    0.304066    0.309382    0.314419    0.319114    0.323412    0.327270
     0.330660    0.333567    0.335990    0.337946    0.339462    0.340581    0.341358    0.341856
     0.342149    0.342317    0.342443    0.342568    0.342699    0.342835    0.342974    0.343117
     0.343263    0.343413    0.343566    0.343722    0.343883    0.344047    0.344215    0.344388
     0.344566    0.344751    0.344941    0.345139    0.345345    0.345559    0.345782    0.346015
     0.346259    0.346513    0.346780    0.347059    0.347352    0.347658    0.347978    0.348313
     0.348664    0.349030    0.349412    0.349811    0.350226    0.350658    0.351107    0.351573
     0.352055    0.352555    0.353072    0.353605    0.354155    0.354720    0.355301    0.355897
     0.356508    0.357132    0.357770    0.358420    0.359082    0.359755    0.360438    0.361129
     0.361829    0.362535    0.363248    0.363965    0.364685    0.365408    0.366132    0.366856
     0.367579    0.368299    0.369016    0.369728    0.370434    0.371132    0.371822    0.372503
     0.373174    0.373833    0.374480    0.375114    0.375734    0.376340    0.376932    0.377508
     0.378069    0.378614    0.379145    0.379660    0.380161    0.380647    0.381121    0.381583
     0.382033    0.382475    0.382910    0.383339    0.383765    0.384192    0.384621    0.385057
     0.385503    0.385820    0.386138    0.386522    0.387106    0.388010    0.389333    0.391154
     0.393520    0.396447    0.399920    0.403891    0.408281    0.412991    0.417900
  1.000000  0.000000
     0.072183    0.070950    0.067591    0.062666    0.056745    0.050362    0.043970    0.037920
     0.032458    0.027727    0.023786    0.020631    0.018211    0.016443    0.015228    0.014453
     0.013999    0.013740    0.013547    0.013769    0.013756    0.013698    0.013615    0.013515
     0.013402    0.013279    0.013147    0.013006    0.012857    0.012700    0.012533    0.012359
     0.012171    0.011975    0.011762    0.011540    0.011306    0.011065    0.010818    0.010565
     0.010305    0.010034    0.009753    0.009468    0.009174    0.008872    0.008561    0.008242
     0.007918    0.007581    0.007238    0.006889    0.006533    0.006171    0.005805    0.005430
     0.005052    0.004670    0.004284    0.003898    0.003506    0.003114    0.002722    0.002328
     0.001936    0.001545    0.001155    0.000768    0.000383    0.000002   -0.000375   -0.000748
    -0.001115   -0.001477   -0.001833   -0.002183   -0.002526   -0.002861   -0.003189   -0.003509
    -0.003820   -0.004123   -0.004418   -0.004703   -0.004979   -0.005245   -0.005502   -0.005749
    -0.005987   -0.006215   -0.006433   -0.006642   -0.006841   -0.007031   -0.007211   -0.007383
    -0.007545   -0.007700   -0.007846   -0.007984   -0.008115   -0.008239   -0.008357   -0.008469
    -0.008575   -0.008676   -0.008773   -0.008866   -0.008955   -0.009042   -0.009127   -0.009210
    -0.009342   -0.009652   -0.009703   -0.009764   -0.009858   -0.010002   -0.010213   -0.010504
    -0.010883   -0.011350   -0.011906   -0.012540   -0.013242   -0.013995   -0.014779
  1.000000
     0.072183    0.070950    0.067591    0.062666    0.056745    0.050362    0.043970    0.037920
     0.032458    0.027727    0.023786    0.020631    0.018211    0.016443    0.015228    0.014453
     0.013999    0.013740    0.013547    0.012899    0.012522    0.012190    0.011877    0.011589
     0.011312    0.011048    0.010795    0.010551    0.010311    0.010073    0.009832    0.009589
     0.009341    0.009091    0.008835    0.008574    0.008308    0.008036    0.007758    0.007471
     0.007180    0.006880    0.006572    0.006258    0.005936    0.005606    0.005269    0.004925
     0.004575    0.004219    0.003856    0.003489    0.003117    0.002742    0.002363    0.001982
     0.001600    0.001217    0.000834    0.000452    0.000072   -0.000305   -0.000679   -0.001049
    -0.001414   -0.001774   -0.002127   -0.002473   -0.002812   -0.003143   -0.003466   -0.003780
    -0.004086   -0.004381   -0.004668   -0.004945   -0.005212   -0.005470   -0.005717   -0.005955
    -0.006184   -0.006403   -0.006613   -0.006814   -0.007005   -0.007189   -0.007364   -0.007530
    -0.007689   -0.007840   -0.007984   -0.008122   -0.008252   -0.008376   -0.008494   -0.008606
    -0.008713   -0.008814   -0.008910   -0.009002   -0.009090   -0.009173   -0.009253   -0.009330
    -0.009404   -0.009475   -0.009544   -0.009611   -0.009677   -0.009742   -0.009807   -0.009870
    -0.009867   -0.009652   -0.009703   -0.009764   -0.009858   -0.010002   -0.010213   -0.010504
    -0.010883   -0.011350   -0.011906   -0.012540   -0.013242   -0.013995   -0.014779
  1.000000  0.000000
     0.195360    0.195360    0.195360    0.195360    0.195360    0.195360    0.195360    0.195360
     0.195360    0.195360    0.195360    0.195360    0.195360    0.195360    0.195360    0.195360
     0.195360    0.195360    0.195360    0.195360    0.195360    0.195360    0.195360    0.195360
     0.195360    0.195360    0.195360    0.195360    0.195360    0.195360    0.195360    0.195360
     0.195360    0.195360    0.195360    0.195360    0.195360    0.195360    0.195360    0.195360
     0.195360    0.195360    0.195360    0.195360    0.195360    0.195360    0.195360    0.195360
     0.195360    0.195360    0.195360    0.195360    0.195360    0.195360    0.195360    0.195360
     0.195360    0.195360    0.195360    0.195360    0.195360    0.195360    0.195360    0.195360
     0.195360    0.195360    0.195360    0.195360    0.195360    0.195360    0.195360    0.195360
     0.195360    0.195360    0.195360    0.195360    0.195360    0.195360    0.195360    0.195360
     0.195360    0.195360    0.195360    0.195360    0.195360    0.195360    0.195360    0.195360
     0.195360    0.195360    0.195360    0.195360    0.195360    0.195360    0.195360    0.195360
     0.195360    0.195360    0.195360    0.195360    0.195360    0.195360    0.195360    0.195360
     0.195360    0.195360    0.195360    0.195360    0.195360    0.195360    0.195360    0.195360
     0.195360    0.195360    0.195360    0.195360    0.195360    0.195360    0.195360    0.195360
     0.195360    0.195360    0.195360    0.195360    0.195360    0.195360    0.195360
 ***************************************************************
  ROW NUMBER           3  SECTION NUMBER            3
           0           0           0  IF_DESIGN etc 
   1.00000   0.00000    0
     0.292900    0.298550    0.304075    0.309394    0.314435    0.319133    0.323434    0.327295
     0.330687    0.333596    0.336021    0.337978    0.339496    0.340615    0.341392    0.341890
     0.342184    0.342352    0.342477    0.342603    0.342733    0.342869    0.343008    0.343151
     0.343297    0.343447    0.343600    0.343756    0.343916    0.344080    0.344248    0.344421
     0.344599    0.344784    0.344974    0.345172    0.345377    0.345591    0.345814    0.346047
     0.346291    0.346545    0.346812    0.347091    0.347383    0.347689    0.348009    0.348344
     0.348694    0.349060    0.349442    0.349840    0.350255    0.350687    0.351136    0.351601
     0.352084    0.352583    0.353100    0.353633    0.354182    0.354747    0.355328    0.355923
     0.356534    0.357158    0.357795    0.358445    0.359106    0.359779    0.360461    0.361152
     0.361851    0.362557    0.363269    0.363986    0.364706    0.365428    0.366152    0.366876
     0.367598    0.368318    0.369034    0.369745    0.370451    0.371149    0.371839    0.372519
     0.373189    0.373848    0.374494    0.375128    0.375748    0.376354    0.376945    0.377521
     0.378081    0.378627    0.379157    0.379671    0.380172    0.380658    0.381132    0.381593
     0.382043    0.382485    0.382919    0.383348    0.383774    0.384201    0.384630    0.385065
     0.385511    0.385828    0.386145    0.386530    0.387114    0.388016    0.389339    0.391160
     0.393525    0.396452    0.399924    0.403894    0.408283    0.412992    0.417900
  1.000000  0.000000
     0.072183    0.070989    0.067727    0.062928    0.057139    0.050872    0.044569    0.038577
     0.033140    0.028408    0.024448    0.021264    0.018812    0.017016    0.015778    0.014987
     0.014524    0.014259    0.014062    0.014280    0.014265    0.014203    0.014116    0.014011
     0.013895    0.013766    0.013629    0.013483    0.013327    0.013164    0.012991    0.012809
     0.012614    0.012409    0.012188    0.011957    0.011716    0.011468    0.011215    0.010954
     0.010685    0.010406    0.010117    0.009823    0.009520    0.009208    0.008887    0.008559
     0.008223    0.007875    0.007520    0.007159    0.006790    0.006416    0.006035    0.005646
     0.005253    0.004856    0.004455    0.004052    0.003644    0.003235    0.002825    0.002415
     0.002004    0.001594    0.001185    0.000779    0.000374   -0.000027   -0.000424   -0.000818
    -0.001206   -0.001589   -0.001966   -0.002337   -0.002702   -0.003059   -0.003409   -0.003750
    -0.004084   -0.004409   -0.004725   -0.005032   -0.005329   -0.005617   -0.005895   -0.006164
    -0.006422   -0.006671   -0.006909   -0.007137   -0.007356   -0.007565   -0.007764   -0.007953
    -0.008134   -0.008306   -0.008469   -0.008623   -0.008771   -0.008910   -0.009043   -0.009170
    -0.009291   -0.009406   -0.009517   -0.009624   -0.009728   -0.009829   -0.009928   -0.010025
    -0.010168   -0.010490   -0.010551   -0.010626   -0.010738   -0.010913   -0.011169   -0.011521
    -0.011978   -0.012544   -0.013216   -0.013984   -0.014833   -0.015744   -0.016693
  1.000000
     0.072183    0.070989    0.067727    0.062928    0.057139    0.050872    0.044569    0.038577
     0.033140    0.028408    0.024448    0.021264    0.018812    0.017016    0.015778    0.014987
     0.014524    0.014259    0.014062    0.013405    0.013024    0.012690    0.012375    0.012082
     0.011802    0.011535    0.011279    0.011032    0.010788    0.010545    0.010299    0.010050
     0.009796    0.009540    0.009278    0.009011    0.008738    0.008459    0.008173    0.007881
     0.007581    0.007273    0.006957    0.006634    0.006303    0.005964    0.005617    0.005263
     0.004902    0.004534    0.004160    0.003781    0.003396    0.003008    0.002615    0.002220
     0.001824    0.001425    0.001027    0.000629    0.000233   -0.000162   -0.000553   -0.000941
    -0.001324   -0.001702   -0.002075   -0.002441   -0.002800   -0.003151   -0.003494   -0.003830
    -0.004156   -0.004473   -0.004782   -0.005081   -0.005370   -0.005650   -0.005920   -0.006180
    -0.006431   -0.006673   -0.006905   -0.007128   -0.007343   -0.007548   -0.007745   -0.007933
    -0.008113   -0.008286   -0.008451   -0.008608   -0.008759   -0.008903   -0.009040   -0.009171
    -0.009295   -0.009415   -0.009529   -0.009637   -0.009741   -0.009841   -0.009937   -0.010029
    -0.010117   -0.010203   -0.010286   -0.010368   -0.010448   -0.010527   -0.010606   -0.010684
    -0.010695   -0.010490   -0.010551   -0.010626   -0.010738   -0.010913   -0.011169   -0.011521
    -0.011978   -0.012544   -0.013216   -0.013984   -0.014833   -0.015744   -0.016693
  1.000000  0.000000
     0.200720    0.200720    0.200720    0.200720    0.200720    0.200720    0.200720    0.200720
     0.200720    0.200720    0.200720    0.200720    0.200720    0.200720    0.200720    0.200720
     0.200720    0.200720    0.200720    0.200720    0.200720    0.200720    0.200720    0.200720
     0.200720    0.200720    0.200720    0.200720    0.200720    0.200720    0.200720    0.200720
     0.200720    0.200720    0.200720    0.200720    0.200720    0.200720    0.200720    0.200720
     0.200720    0.200720    0.200720    0.200720    0.200720    0.200720    0.200720    0.200720
     0.200720    0.200720    0.200720    0.200720    0.200720    0.200720    0.200720    0.200720
     0.200720    0.200720    0.200720    0.200720    0.200720    0.200720    0.200720    0.200720
     0.200720    0.200720    0.200720    0.200720    0.200720    0.200720    0.200720    0.200720
     0.200720    0.200720    0.200720    0.200720    0.200720    0.200720    0.200720    0.200720
     0.200720    0.200720    0.200720    0.200720    0.200720    0.200720    0.200720    0.200720
     0.200720    0.200720    0.200720    0.200720    0.200720    0.200720    0.200720    0.200720
     0.200720    0.200720    0.200720    0.200720    0.200720    0.200720    0.200720    0.200720
     0.200720    0.200720    0.200720    0.200720    0.200720    0.200720    0.200720    0.200720
     0.200720    0.200720    0.200720    0.200720    0.200720    0.200720    0.200720    0.200720
     0.200720    0.200720    0.200720    0.200720    0.200720    0.200720    0.200720
 ***************************************************************
  ROW NUMBER           3  SECTION NUMBER            4
           0           0           0  IF_DESIGN etc 
   1.00000   0.00000    0
     0.292900    0.298558    0.304091    0.309418    0.314466    0.319171    0.323478    0.327344
     0.330742    0.333655    0.336083    0.338043    0.339562    0.340683    0.341461    0.341960
     0.342253    0.342421    0.342546    0.342671    0.342802    0.342937    0.343076    0.343219
     0.343365    0.343515    0.343667    0.343823    0.343983    0.344147    0.344315    0.344488
     0.344666    0.344849    0.345040    0.345237    0.345442    0.345656    0.345879    0.346111
     0.346355    0.346609    0.346875    0.347154    0.347445    0.347751    0.348071    0.348405
     0.348755    0.349120    0.349502    0.349899    0.350314    0.350745    0.351193    0.351658
     0.352140    0.352639    0.353154    0.353686    0.354235    0.354799    0.355379    0.355974
     0.356583    0.357207    0.357843    0.358492    0.359153    0.359824    0.360506    0.361196
     0.361894    0.362599    0.363310    0.364026    0.364745    0.365466    0.366189    0.366912
     0.367633    0.368352    0.369067    0.369777    0.370482    0.371179    0.371868    0.372547
     0.373216    0.373874    0.374520    0.375153    0.375772    0.376377    0.376967    0.377542
     0.378102    0.378647    0.379176    0.379690    0.380190    0.380675    0.381148    0.381609
     0.382059    0.382500    0.382933    0.383362    0.383787    0.384213    0.384642    0.385077
     0.385522    0.385838    0.386155    0.386539    0.387122    0.388025    0.389347    0.391167
     0.393531    0.396458    0.399929    0.403897    0.408286    0.412993    0.417900
  1.000000  0.000000
     0.072183    0.071071    0.068015    0.063486    0.057977    0.051960    0.045850    0.039981
     0.034601    0.029871    0.025874    0.022631    0.020113    0.018257    0.016972    0.016149
     0.015666    0.015390    0.015184    0.015394    0.015373    0.015303    0.015208    0.015092
     0.014967    0.014828    0.014680    0.014521    0.014355    0.014178    0.013991    0.013794
     0.013583    0.013359    0.013121    0.012872    0.012617    0.012354    0.012088    0.011811
     0.011523    0.011226    0.010921    0.010608    0.010285    0.009952    0.009609    0.009261
     0.008899    0.008527    0.008147    0.007759    0.007363    0.006961    0.006549    0.006129
     0.005705    0.005275    0.004840    0.004401    0.003958    0.003512    0.003063    0.002614
     0.002163    0.001712    0.001261    0.000812    0.000364   -0.000081   -0.000523   -0.000962
    -0.001397   -0.001826   -0.002251   -0.002670   -0.003082   -0.003487   -0.003886   -0.004276
    -0.004658   -0.005031   -0.005396   -0.005751   -0.006096   -0.006432   -0.006757   -0.007072
    -0.007376   -0.007670   -0.007953   -0.008226   -0.008487   -0.008738   -0.008978   -0.009208
    -0.009428   -0.009638   -0.009838   -0.010030   -0.010212   -0.010387   -0.010553   -0.010713
    -0.010866   -0.011013   -0.011155   -0.011293   -0.011427   -0.011559   -0.011689   -0.011818
    -0.011986   -0.012332   -0.012417   -0.012519   -0.012675   -0.012916   -0.013269   -0.013755
    -0.014386   -0.015167   -0.016094   -0.017153   -0.018325   -0.019581   -0.020891
  1.000000
     0.072183    0.071071    0.068015    0.063486    0.057977    0.051960    0.045850    0.039981
     0.034601    0.029871    0.025874    0.022631    0.020113    0.018257    0.016972    0.016149
     0.015666    0.015390    0.015184    0.014510    0.014121    0.013781    0.013462    0.013157
     0.012873    0.012600    0.012337    0.012083    0.011830    0.011575    0.011318    0.011056
     0.010791    0.010521    0.010247    0.009966    0.009679    0.009386    0.009084    0.008776
     0.008459    0.008134    0.007801    0.007458    0.007106    0.006746    0.006378    0.006002
     0.005617    0.005225    0.004825    0.004419    0.004007    0.003590    0.003168    0.002742
     0.002312    0.001881    0.001449    0.001016    0.000583    0.000151   -0.000279   -0.000706
    -0.001129   -0.001549   -0.001963   -0.002372   -0.002775   -0.003171   -0.003560   -0.003941
    -0.004314   -0.004679   -0.005035   -0.005382   -0.005721   -0.006049   -0.006369   -0.006679
    -0.006979   -0.007270   -0.007552   -0.007824   -0.008088   -0.008342   -0.008587   -0.008823
    -0.009050   -0.009269   -0.009480   -0.009682   -0.009877   -0.010063   -0.010243   -0.010415
    -0.010580   -0.010738   -0.010890   -0.011036   -0.011176   -0.011311   -0.011441   -0.011566
    -0.011688   -0.011806   -0.011921   -0.012033   -0.012145   -0.012255   -0.012365   -0.012476
    -0.012519   -0.012332   -0.012417   -0.012519   -0.012675   -0.012916   -0.013269   -0.013755
    -0.014386   -0.015167   -0.016094   -0.017153   -0.018325   -0.019581   -0.020891
  1.000000  0.000000
     0.211440    0.211440    0.211440    0.211440    0.211440    0.211440    0.211440    0.211440
     0.211440    0.211440    0.211440    0.211440    0.211440    0.211440    0.211440    0.211440
     0.211440    0.211440    0.211440    0.211440    0.211440    0.211440    0.211440    0.211440
     0.211440    0.211440    0.211440    0.211440    0.211440    0.211440    0.211440    0.211440
     0.211440    0.211440    0.211440    0.211440    0.211440    0.211440    0.211440    0.211440
     0.211440    0.211440    0.211440    0.211440    0.211440    0.211440    0.211440    0.211440
     0.211440    0.211440    0.211440    0.211440    0.211440    0.211440    0.211440    0.211440
     0.211440    0.211440    0.211440    0.211440    0.211440    0.211440    0.211440    0.211440
     0.211440    0.211440    0.211440    0.211440    0.211440    0.211440    0.211440    0.211440
     0.211440    0.211440    0.211440    0.211440    0.211440    0.211440    0.211440    0.211440
     0.211440    0.211440    0.211440    0.211440    0.211440    0.211440    0.211440    0.211440
     0.211440    0.211440    0.211440    0.211440    0.211440    0.211440    0.211440    0.211440
     0.211440    0.211440    0.211440    0.211440    0.211440    0.211440    0.211440    0.211440
     0.211440    0.211440    0.211440    0.211440    0.211440    0.211440    0.211440    0.211440
     0.211440    0.211440    0.211440    0.211440    0.211440    0.211440    0.211440    0.211440
     0.211440    0.211440    0.211440    0.211440    0.211440    0.211440    0.211440
 ***************************************************************
  ROW NUMBER           3  SECTION NUMBER            5
           0           0           0  IF_DESIGN etc 
   1.00000   0.00000    0
     0.292900    0.298576    0.304125    0.309468    0.314532    0.319251    0.323571    0.327449
     0.330856    0.333777    0.336213    0.338177    0.339700    0.340824    0.341603    0.342102
     0.342395    0.342562    0.342687    0.342811    0.342941    0.343075    0.343213    0.343355
     0.343500    0.343649    0.343800    0.343955    0.344114    0.344277    0.344444    0.344615
     0.344792    0.344975    0.345164    0.345360    0.345564    0.345776    0.345997    0.346229
     0.346470    0.346723    0.346987    0.347264    0.347554    0.347857    0.348175    0.348507
     0.348855    0.349218    0.349597    0.349992    0.350403    0.350832    0.351277    0.351739
     0.352218    0.352713    0.353225    0.353754    0.354299    0.354860    0.355436    0.356027
     0.356632    0.357251    0.357884    0.358528    0.359185    0.359852    0.360529    0.361214
     0.361908    0.362609    0.363315    0.364026    0.364740    0.365457    0.366175    0.366893
     0.367609    0.368324    0.369034    0.369740    0.370440    0.371132    0.371817    0.372492
     0.373156    0.373810    0.374452    0.375080    0.375695    0.376296    0.376883    0.377454
     0.378010    0.378551    0.379077    0.379588    0.380084    0.380567    0.381036    0.381494
     0.381941    0.382379    0.382810    0.383235    0.383658    0.384081    0.384507    0.384939
     0.385381    0.385696    0.386010    0.386393    0.386976    0.387879    0.389206    0.391033
     0.393408    0.396347    0.399836    0.403824    0.408235    0.412968    0.417900
  1.000000  0.000000
     0.072183    0.071290    0.068785    0.064982    0.060236    0.054907    0.049340    0.043838
     0.038651    0.033965    0.029906    0.026540    0.023879    0.021889    0.020496    0.019598
     0.019069    0.018767    0.018541    0.018733    0.018692    0.018602    0.018485    0.018346
     0.018197    0.018029    0.017854    0.017670    0.017473    0.017263    0.017039    0.016799
     0.016547    0.016282    0.016007    0.015723    0.015434    0.015134    0.014827    0.014509
     0.014177    0.013835    0.013483    0.013119    0.012743    0.012354    0.011953    0.011542
     0.011113    0.010673    0.010221    0.009757    0.009282    0.008796    0.008296    0.007786
     0.007267    0.006738    0.006201    0.005655    0.005102    0.004543    0.003976    0.003406
     0.002830    0.002251    0.001669    0.001085    0.000500   -0.000086   -0.000671   -0.001255
    -0.001838   -0.002417   -0.002993   -0.003565   -0.004131   -0.004692   -0.005246   -0.005793
    -0.006332   -0.006861   -0.007382   -0.007893   -0.008393   -0.008882   -0.009359   -0.009824
    -0.010277   -0.010717   -0.011143   -0.011557   -0.011956   -0.012342   -0.012715   -0.013074
    -0.013419   -0.013751   -0.014071   -0.014378   -0.014673   -0.014958   -0.015231   -0.015495
    -0.015750   -0.015997   -0.016238   -0.016473   -0.016704   -0.016933   -0.017161   -0.017389
    -0.017643   -0.018053   -0.018210   -0.018401   -0.018692   -0.019144   -0.019806   -0.020719
    -0.021905   -0.023374   -0.025116   -0.027109   -0.029312   -0.031676   -0.034140
  1.000000
     0.072183    0.071290    0.068785    0.064982    0.060236    0.054907    0.049340    0.043838
     0.038651    0.033965    0.029906    0.026540    0.023879    0.021889    0.020496    0.019598
     0.019069    0.018767    0.018541    0.017842    0.017438    0.017080    0.016746    0.016422
     0.016125    0.015837    0.015556    0.015278    0.014998    0.014713    0.014426    0.014131
     0.013835    0.013530    0.013221    0.012902    0.012577    0.012242    0.011898    0.011546
     0.011181    0.010807    0.010422    0.010024    0.009615    0.009196    0.008765    0.008321
     0.007866    0.007400    0.006923    0.006437    0.005941    0.005436    0.004924    0.004403
     0.003875    0.003342    0.002804    0.002262    0.001716    0.001167    0.000618    0.000067
    -0.000483   -0.001031   -0.001579   -0.002123   -0.002664   -0.003201   -0.003733   -0.004260
    -0.004780   -0.005294   -0.005801   -0.006300   -0.006792   -0.007275   -0.007749   -0.008215
    -0.008670   -0.009117   -0.009554   -0.009980   -0.010397   -0.010803   -0.011199   -0.011584
    -0.011959   -0.012323   -0.012676   -0.013019   -0.013351   -0.013672   -0.013983   -0.014284
    -0.014574   -0.014854   -0.015125   -0.015387   -0.015640   -0.015885   -0.016121   -0.016351
    -0.016575   -0.016793   -0.017007   -0.017217   -0.017426   -0.017633   -0.017842   -0.018053
    -0.018195   -0.018053   -0.018210   -0.018401   -0.018692   -0.019144   -0.019806   -0.020719
    -0.021905   -0.023374   -0.025116   -0.027109   -0.029312   -0.031676   -0.034140
  1.000000  0.000000
     0.232880    0.232880    0.232880    0.232880    0.232880    0.232880    0.232880    0.232880
     0.232880    0.232880    0.232880    0.232880    0.232880    0.232880    0.232880    0.232880
     0.232880    0.232880    0.232880    0.232880    0.232880    0.232880    0.232880    0.232880
     0.232880    0.232880    0.232880    0.232880    0.232880    0.232880    0.232880    0.232880
     0.232880    0.232880    0.232880    0.232880    0.232880    0.232880    0.232880    0.232880
     0.232880    0.232880    0.232880    0.232880    0.232880    0.232880    0.232880    0.232880
     0.232880    0.232880    0.232880    0.232880    0.232880    0.232880    0.232880    0.232880
     0.232880    0.232880    0.232880    0.232880    0.232880    0.232880    0.232880    0.232880
     0.232880    0.232880    0.232880    0.232880    0.232880    0.232880    0.232880    0.232880
     0.232880    0.232880    0.232880    0.232880    0.232880    0.232880    0.232880    0.232880
     0.232880    0.232880    0.232880    0.232880    0.232880    0.232880    0.232880    0.232880
     0.232880    0.232880    0.232880    0.232880    0.232880    0.232880    0.232880    0.232880
     0.232880    0.232880    0.232880    0.232880    0.232880    0.232880    0.232880    0.232880
     0.232880    0.232880    0.232880    0.232880    0.232880    0.232880    0.232880    0.232880
     0.232880    0.232880    0.232880    0.232880    0.232880    0.232880    0.232880    0.232880
     0.232880    0.232880    0.232880    0.232880    0.232880    0.232880    0.232880
 ***************************************************************
  ROW NUMBER           3  SECTION NUMBER            6
           0           0           0  IF_DESIGN etc 
   1.00000   0.00000    0
     0.292900    0.298585    0.304143    0.309495    0.314567    0.319293    0.323619    0.327503
     0.330915    0.333841    0.336280    0.338247    0.339772    0.340896    0.341675    0.342175
     0.342467    0.342634    0.342757    0.342881    0.343010    0.343143    0.343281    0.343422
     0.343566    0.343714    0.343864    0.344018    0.344176    0.344338    0.344504    0.344674
     0.344850    0.345032    0.345219    0.345414    0.345617    0.345828    0.346048    0.346278
     0.346518    0.346769    0.347031    0.347306    0.347595    0.347896    0.348212    0.348542
     0.348887    0.349248    0.349625    0.350018    0.350427    0.350852    0.351295    0.351754
     0.352230    0.352722    0.353231    0.353757    0.354298    0.354855    0.355428    0.356015
     0.356617    0.357232    0.357861    0.358501    0.359154    0.359817    0.360489    0.361171
     0.361860    0.362556    0.363258    0.363965    0.364675    0.365387    0.366101    0.366814
     0.367526    0.368236    0.368942    0.369644    0.370339    0.371027    0.371708    0.372378
     0.373039    0.373689    0.374326    0.374951    0.375562    0.376160    0.376742    0.377310
     0.377863    0.378400    0.378923    0.379431    0.379924    0.380404    0.380870    0.381325
     0.381769    0.382205    0.382633    0.383056    0.383476    0.383896    0.384320    0.384749
     0.385189    0.385501    0.385814    0.386195    0.386778    0.387684    0.389017    0.390853
     0.393242    0.396201    0.399712    0.403727    0.408169    0.412933    0.417900
  1.000000  0.000000
     0.072183    0.071414    0.069222    0.065833    0.061523    0.056593    0.051345    0.046065
     0.041002    0.036357    0.032279    0.028858    0.026128    0.024071    0.022624    0.021688
     0.021137    0.020822    0.020587    0.020769    0.020718    0.020619    0.020490    0.020341
     0.020179    0.019998    0.019808    0.019609    0.019394    0.019165    0.018919    0.018656
     0.018383    0.018100    0.017807    0.017506    0.017199    0.016879    0.016548    0.016207
     0.015852    0.015486    0.015107    0.014715    0.014309    0.013888    0.013453    0.013005
     0.012539    0.012059    0.011565    0.011057    0.010534    0.009998    0.009446    0.008882
     0.008306    0.007718    0.007118    0.006507    0.005887    0.005258    0.004619    0.003974
     0.003321    0.002663    0.001999    0.001331    0.000660   -0.000013   -0.000688   -0.001363
    -0.002038   -0.002712   -0.003383   -0.004051   -0.004715   -0.005373   -0.006026   -0.006672
    -0.007309   -0.007938   -0.008558   -0.009167   -0.009764   -0.010350   -0.010924   -0.011484
    -0.012030   -0.012562   -0.013080   -0.013582   -0.014069   -0.014541   -0.014997   -0.015437
    -0.015862   -0.016272   -0.016667   -0.017047   -0.017414   -0.017767   -0.018108   -0.018437
    -0.018757   -0.019067   -0.019370   -0.019666   -0.019959   -0.020248   -0.020538   -0.020829
    -0.021138   -0.021589   -0.021792   -0.022039   -0.022417   -0.023006   -0.023870   -0.025062
    -0.026612   -0.028532   -0.030811   -0.033417   -0.036299   -0.039391   -0.042614
  1.000000
     0.072183    0.071414    0.069222    0.065833    0.061523    0.056593    0.051345    0.046065
     0.041002    0.036357    0.032279    0.028858    0.026128    0.024071    0.022624    0.021688
     0.021137    0.020822    0.020587    0.019882    0.019470    0.019103    0.018761    0.018431
     0.018128    0.017833    0.017541    0.017249    0.016955    0.016653    0.016351    0.016039
     0.015725    0.015401    0.015073    0.014733    0.014388    0.014030    0.013663    0.013285
     0.012894    0.012492    0.012077    0.011648    0.011207    0.010754    0.010286    0.009801
     0.009305    0.008795    0.008273    0.007739    0.007193    0.006636    0.006068    0.005490
     0.004903    0.004307    0.003704    0.003095    0.002480    0.001860    0.001236    0.000609
    -0.000020   -0.000649   -0.001279   -0.001908   -0.002535   -0.003160   -0.003782   -0.004400
    -0.005013   -0.005621   -0.006223   -0.006818   -0.007406   -0.007986   -0.008558   -0.009121
    -0.009675   -0.010219   -0.010753   -0.011277   -0.011790   -0.012293   -0.012783   -0.013263
    -0.013730   -0.014185   -0.014628   -0.015059   -0.015477   -0.015884   -0.016277   -0.016659
    -0.017028   -0.017385   -0.017731   -0.018065   -0.018389   -0.018702   -0.019007   -0.019302
    -0.019590   -0.019871   -0.020147   -0.020419   -0.020688   -0.020957   -0.021227   -0.021501
    -0.021706   -0.021589   -0.021792   -0.022039   -0.022417   -0.023006   -0.023870   -0.025062
    -0.026612   -0.028532   -0.030811   -0.033417   -0.036299   -0.039391   -0.042614
  1.000000  0.000000
     0.243600    0.243600    0.243600    0.243600    0.243600    0.243600    0.243600    0.243600
     0.243600    0.243600    0.243600    0.243600    0.243600    0.243600    0.243600    0.243600
     0.243600    0.243600    0.243600    0.243600    0.243600    0.243600    0.243600    0.243600
     0.243600    0.243600    0.243600    0.243600    0.243600    0.243600    0.243600    0.243600
     0.243600    0.243600    0.243600    0.243600    0.243600    0.243600    0.243600    0.243600
     0.243600    0.243600    0.243600    0.243600    0.243600    0.243600    0.243600    0.243600
     0.243600    0.243600    0.243600    0.243600    0.243600    0.243600    0.243600    0.243600
     0.243600    0.243600    0.243600    0.243600    0.243600    0.243600    0.243600    0.243600
     0.243600    0.243600    0.243600    0.243600    0.243600    0.243600    0.243600    0.243600
     0.243600    0.243600    0.243600    0.243600    0.243600    0.243600    0.243600    0.243600
     0.243600    0.243600    0.243600    0.243600    0.243600    0.243600    0.243600    0.243600
     0.243600    0.243600    0.243600    0.243600    0.243600    0.243600    0.243600    0.243600
     0.243600    0.243600    0.243600    0.243600    0.243600    0.243600    0.243600    0.243600
     0.243600    0.243600    0.243600    0.243600    0.243600    0.243600    0.243600    0.243600
     0.243600    0.243600    0.243600    0.243600    0.243600    0.243600    0.243600    0.243600
     0.243600    0.243600    0.243600    0.243600    0.243600    0.243600    0.243600
 ***************************************************************
  ROW NUMBER           3  SECTION NUMBER            7
           0           0           0  IF_DESIGN etc 
   1.00000   0.00000    0
     0.292900    0.298594    0.304161    0.309522    0.314602    0.319336    0.323669    0.327559
     0.330976    0.333906    0.336348    0.338318    0.339844    0.340970    0.341749    0.342248
     0.342540    0.342705    0.342828    0.342951    0.343079    0.343211    0.343347    0.343487
     0.343630    0.343777    0.343926    0.344079    0.344236    0.344396    0.344560    0.344730
     0.344904    0.345084    0.345271    0.345464    0.345665    0.345874    0.346092    0.346320
     0.346558    0.346807    0.347068    0.347341    0.347627    0.347926    0.348239    0.348567
     0.348909    0.349267    0.349641    0.350030    0.350436    0.350859    0.351297    0.351753
     0.352225    0.352713    0.353218    0.353740    0.354277    0.354830    0.355398    0.355980
     0.356577    0.357188    0.357811    0.358447    0.359094    0.359751    0.360419    0.361095
     0.361779    0.362469    0.363166    0.363866    0.364571    0.365278    0.365985    0.366693
     0.367400    0.368104    0.368804    0.369500    0.370190    0.370873    0.371547    0.372213
     0.372868    0.373513    0.374145    0.374765    0.375371    0.375964    0.376542    0.377105
     0.377654    0.378187    0.378705    0.379209    0.379698    0.380174    0.380637    0.381088
     0.381529    0.381961    0.382386    0.382805    0.383222    0.383639    0.384059    0.384485
     0.384921    0.385231    0.385541    0.385920    0.386504    0.387414    0.388755    0.390605
     0.393014    0.395998    0.399541    0.403594    0.408076    0.412886    0.417900
  1.000000  0.000000
     0.072183    0.071532    0.069638    0.066645    0.062754    0.058207    0.053268    0.048205
     0.043266    0.038667    0.034577    0.031108    0.028317    0.026200    0.024705    0.023736
     0.023164    0.022839    0.022597    0.022770    0.022711    0.022604    0.022465    0.022307
     0.022135    0.021942    0.021739    0.021524    0.021289    0.021041    0.020775    0.020492
     0.020200    0.019900    0.019592    0.019276    0.018951    0.018613    0.018261    0.017899
     0.017522    0.017133    0.016730    0.016310    0.015876    0.015425    0.014958    0.014474
     0.013972    0.013455    0.012920    0.012369    0.011801    0.011216    0.010615    0.009998
     0.009367    0.008721    0.008061    0.007387    0.006701    0.006003    0.005294    0.004575
     0.003847    0.003110    0.002367    0.001616    0.000861    0.000101   -0.000663   -0.001428
    -0.002194   -0.002961   -0.003726   -0.004489   -0.005250   -0.006005   -0.006755   -0.007498
    -0.008234   -0.008961   -0.009678   -0.010385   -0.011079   -0.011761   -0.012430   -0.013085
    -0.013724   -0.014348   -0.014955   -0.015546   -0.016120   -0.016677   -0.017216   -0.017737
    -0.018241   -0.018728   -0.019197   -0.019651   -0.020088   -0.020510   -0.020918   -0.021313
    -0.021697   -0.022070   -0.022434   -0.022792   -0.023145   -0.023496   -0.023846   -0.024200
    -0.024567   -0.025060   -0.025308   -0.025612   -0.026079   -0.026808   -0.027882   -0.029364
    -0.031293   -0.033683   -0.036520   -0.039765   -0.043356   -0.047207   -0.051223
  1.000000
     0.072183    0.071532    0.069638    0.066645    0.062754    0.058207    0.053268    0.048205
     0.043266    0.038667    0.034577    0.031108    0.028317    0.026200    0.024705    0.023736
     0.023164    0.022839    0.022597    0.021887    0.021470    0.021096    0.020748    0.020416
     0.020108    0.019807    0.019507    0.019202    0.018894    0.018579    0.018263    0.017937
     0.017607    0.017267    0.016922    0.016564    0.016199    0.015821    0.015433    0.015032
     0.014617    0.014190    0.013747    0.013289    0.012817    0.012332    0.011829    0.011307
     0.010772    0.010222    0.009657    0.009077    0.008483    0.007876    0.007255    0.006622
     0.005977    0.005321    0.004655    0.003980    0.003298    0.002607    0.001910    0.001209
     0.000503   -0.000206   -0.000918   -0.001630   -0.002344   -0.003056   -0.003767   -0.004475
    -0.005181   -0.005882   -0.006578   -0.007269   -0.007953   -0.008630   -0.009300   -0.009960
    -0.010612   -0.011254   -0.011886   -0.012508   -0.013117   -0.013715   -0.014301   -0.014874
    -0.015434   -0.015981   -0.016514   -0.017033   -0.017538   -0.018028   -0.018505   -0.018967
    -0.019415   -0.019849   -0.020270   -0.020677   -0.021071   -0.021454   -0.021825   -0.022186
    -0.022538   -0.022882   -0.023219   -0.023553   -0.023883   -0.024213   -0.024545   -0.024881
    -0.025152   -0.025060   -0.025308   -0.025612   -0.026079   -0.026808   -0.027882   -0.029364
    -0.031293   -0.033683   -0.036520   -0.039765   -0.043356   -0.047207   -0.051223
  1.000000  0.000000
     0.254320    0.254320    0.254320    0.254320    0.254320    0.254320    0.254320    0.254320
     0.254320    0.254320    0.254320    0.254320    0.254320    0.254320    0.254320    0.254320
     0.254320    0.254320    0.254320    0.254320    0.254320    0.254320    0.254320    0.254320
     0.254320    0.254320    0.254320    0.254320    0.254320    0.254320    0.254320    0.254320
     0.254320    0.254320    0.254320    0.254320    0.254320    0.254320    0.254320    0.254320
     0.254320    0.254320    0.254320    0.254320    0.254320    0.254320    0.254320    0.254320
     0.254320    0.254320    0.254320    0.254320    0.254320    0.254320    0.254320    0.254320
     0.254320    0.254320    0.254320    0.254320    0.254320    0.254320    0.254320    0.254320
     0.254320    0.254320    0.254320    0.254320    0.254320    0.254320    0.254320    0.254320
     0.254320    0.254320    0.254320    0.254320    0.254320    0.254320    0.254320    0.254320
     0.254320    0.254320    0.254320    0.254320    0.254320    0.254320    0.254320    0.254320
     0.254320    0.254320    0.254320    0.254320    0.254320    0.254320    0.254320    0.254320
     0.254320    0.254320    0.254320    0.254320    0.254320    0.254320    0.254320    0.254320
     0.254320    0.254320    0.254320    0.254320    0.254320    0.254320    0.254320    0.254320
     0.254320    0.254320    0.254320    0.254320    0.254320    0.254320    0.254320    0.254320
     0.254320    0.254320    0.254320    0.254320    0.254320    0.254320    0.254320
 ***************************************************************
  ROW NUMBER           3  SECTION NUMBER            8
           0           0           0  IF_DESIGN etc 
   1.00000   0.00000    0
     0.292900    0.298613    0.304199    0.309577    0.314673    0.319423    0.323770    0.327671
     0.331099    0.334037    0.336486    0.338460    0.339990    0.341117    0.341896    0.342394
     0.342685    0.342848    0.342969    0.343089    0.343215    0.343345    0.343478    0.343616
     0.343756    0.343900    0.344047    0.344197    0.344350    0.344508    0.344669    0.344835
     0.345007    0.345184    0.345367    0.345556    0.345754    0.345959    0.346173    0.346397
     0.346631    0.346875    0.347131    0.347399    0.347680    0.347973    0.348281    0.348603
     0.348939    0.349290    0.349657    0.350040    0.350438    0.350853    0.351283    0.351730
     0.352194    0.352674    0.353169    0.353681    0.354208    0.354751    0.355309    0.355881
     0.356467    0.357066    0.357678    0.358302    0.358937    0.359583    0.360238    0.360902
     0.361573    0.362251    0.362935    0.363623    0.364315    0.365008    0.365703    0.366398
     0.367092    0.367783    0.368471    0.369154    0.369831    0.370502    0.371164    0.371817
     0.372461    0.373094    0.373714    0.374323    0.374918    0.375500    0.376067    0.376620
     0.377159    0.377682    0.378191    0.378686    0.379166    0.379633    0.380088    0.380531
     0.380964    0.381388    0.381805    0.382216    0.382626    0.383035    0.383447    0.383866
     0.384294    0.384598    0.384902    0.385278    0.385862    0.386782    0.388142    0.390025
     0.392480    0.395525    0.399142    0.403280    0.407861    0.412776    0.417900
  1.000000  0.000000
     0.072183    0.071730    0.070336    0.068007    0.064817    0.060912    0.056492    0.051793
     0.047065    0.042545    0.038436    0.034891    0.031999    0.029785    0.028211    0.027188
     0.026585    0.026243    0.025990    0.026148    0.026075    0.025953    0.025800    0.025627
     0.025437    0.025227    0.024997    0.024746    0.024473    0.024189    0.023891    0.023581
     0.023263    0.022941    0.022608    0.022265    0.021909    0.021541    0.021157    0.020761
     0.020349    0.019922    0.019477    0.019014    0.018533    0.018033    0.017513    0.016971
     0.016412    0.015831    0.015230    0.014607    0.013964    0.013300    0.012617    0.011913
     0.011190    0.010448    0.009687    0.008909    0.008113    0.007302    0.006476    0.005634
     0.004780    0.003914    0.003036    0.002148    0.001252    0.000348   -0.000563   -0.001478
    -0.002397   -0.003319   -0.004241   -0.005164   -0.006084   -0.007001   -0.007914   -0.008821
    -0.009720   -0.010611   -0.011492   -0.012361   -0.013218   -0.014061   -0.014889   -0.015701
    -0.016497   -0.017274   -0.018033   -0.018773   -0.019492   -0.020191   -0.020870   -0.021527
    -0.022164   -0.022780   -0.023376   -0.023952   -0.024509   -0.025047   -0.025569   -0.026075
    -0.026567   -0.027046   -0.027515   -0.027977   -0.028433   -0.028887   -0.029342   -0.029801
    -0.030270   -0.030837   -0.031163   -0.031564   -0.032190   -0.033173   -0.034628   -0.036641
    -0.039266   -0.042521   -0.046389   -0.050814   -0.055711   -0.060966   -0.066445
  1.000000
     0.072183    0.071730    0.070336    0.068007    0.064817    0.060912    0.056492    0.051793
     0.047065    0.042545    0.038436    0.034891    0.031999    0.029785    0.028211    0.027188
     0.026585    0.026243    0.025990    0.025284    0.024863    0.024486    0.024136    0.023809
     0.023499    0.023187    0.022873    0.022552    0.022226    0.021894    0.021556    0.021211
     0.020858    0.020497    0.020125    0.019743    0.019350    0.018943    0.018523    0.018089
     0.017638    0.017172    0.016689    0.016187    0.015669    0.015135    0.014577    0.013999
     0.013404    0.012790    0.012156    0.011505    0.010834    0.010146    0.009440    0.008718
     0.007979    0.007225    0.006455    0.005673    0.004878    0.004071    0.003253    0.002427
     0.001591    0.000748   -0.000101   -0.000955   -0.001813   -0.002674   -0.003536   -0.004399
    -0.005262   -0.006122   -0.006980   -0.007835   -0.008684   -0.009528   -0.010364   -0.011193
    -0.012014   -0.012824   -0.013624   -0.014413   -0.015189   -0.015952   -0.016702   -0.017436
    -0.018156   -0.018860   -0.019548   -0.020219   -0.020873   -0.021509   -0.022128   -0.022729
    -0.023313   -0.023878   -0.024427   -0.024959   -0.025475   -0.025975   -0.026462   -0.026935
    -0.027396   -0.027848   -0.028291   -0.028729   -0.029164   -0.029598   -0.030034   -0.030477
    -0.030871   -0.030837   -0.031163   -0.031564   -0.032190   -0.033173   -0.034628   -0.036641
    -0.039266   -0.042521   -0.046389   -0.050814   -0.055711   -0.060966   -0.066445
  1.000000  0.000000
     0.275760    0.275760    0.275760    0.275760    0.275760    0.275760    0.275760    0.275760
     0.275760    0.275760    0.275760    0.275760    0.275760    0.275760    0.275760    0.275760
     0.275760    0.275760    0.275760    0.275760    0.275760    0.275760    0.275760    0.275760
     0.275760    0.275760    0.275760    0.275760    0.275760    0.275760    0.275760    0.275760
     0.275760    0.275760    0.275760    0.275760    0.275760    0.275760    0.275760    0.275760
     0.275760    0.275760    0.275760    0.275760    0.275760    0.275760    0.275760    0.275760
     0.275760    0.275760    0.275760    0.275760    0.275760    0.275760    0.275760    0.275760
     0.275760    0.275760    0.275760    0.275760    0.275760    0.275760    0.275760    0.275760
     0.275760    0.275760    0.275760    0.275760    0.275760    0.275760    0.275760    0.275760
     0.275760    0.275760    0.275760    0.275760    0.275760    0.275760    0.275760    0.275760
     0.275760    0.275760    0.275760    0.275760    0.275760    0.275760    0.275760    0.275760
     0.275760    0.275760    0.275760    0.275760    0.275760    0.275760    0.275760    0.275760
     0.275760    0.275760    0.275760    0.275760    0.275760    0.275760    0.275760    0.275760
     0.275760    0.275760    0.275760    0.275760    0.275760    0.275760    0.275760    0.275760
     0.275760    0.275760    0.275760    0.275760    0.275760    0.275760    0.275760    0.275760
     0.275760    0.275760    0.275760    0.275760    0.275760    0.275760    0.275760
 ***************************************************************
  ROW NUMBER           3  SECTION NUMBER            9
           0           0           0  IF_DESIGN etc 
   1.00000   0.00000    0
     0.292900    0.298622    0.304217    0.309604    0.314709    0.319465    0.323819    0.327727
     0.331159    0.334102    0.336554    0.338531    0.340062    0.341190    0.341970    0.342467
     0.342757    0.342919    0.343039    0.343159    0.343283    0.343412    0.343545    0.343681
     0.343820    0.343963    0.344108    0.344257    0.344409    0.344565    0.344726    0.344890
     0.345060    0.345236    0.345417    0.345605    0.345801    0.346005    0.346217    0.346439
     0.346671    0.346913    0.347167    0.347433    0.347711    0.348002    0.348307    0.348626
     0.348960    0.349308    0.349672    0.350052    0.350447    0.350858    0.351285    0.351729
     0.352188    0.352664    0.353156    0.353663    0.354186    0.354724    0.355277    0.355845
     0.356426    0.357020    0.357627    0.358246    0.358876    0.359516    0.360166    0.360824
     0.361490    0.362163    0.362841    0.363523    0.364209    0.364897    0.365586    0.366275
     0.366963    0.367649    0.368331    0.369008    0.369680    0.370345    0.371002    0.371650
     0.372288    0.372915    0.373531    0.374135    0.374725    0.375302    0.375865    0.376413
     0.376947    0.377466    0.377971    0.378461    0.378938    0.379401    0.379852    0.380291
     0.380720    0.381141    0.381554    0.381963    0.382369    0.382775    0.383184    0.383598
     0.384023    0.384325    0.384627    0.385000    0.385585    0.386509    0.387878    0.389774
     0.392249    0.395320    0.398969    0.403145    0.407767    0.412728    0.417900
  1.000000  0.000000
     0.072183    0.071817    0.070643    0.068604    0.065720    0.062092    0.057894    0.053347
     0.048703    0.044208    0.040083    0.036496    0.033554    0.031293    0.029681    0.028632
     0.028014    0.027665    0.027408    0.027552    0.027470    0.027338    0.027176    0.026992
     0.026789    0.026566    0.026322    0.026051    0.025761    0.025461    0.025151    0.024832
     0.024505    0.024172    0.023828    0.023472    0.023102    0.022721    0.022323    0.021912
     0.021484    0.021040    0.020577    0.020095    0.019594    0.019073    0.018530    0.017965
     0.017380    0.016772    0.016143    0.015491    0.014816    0.014120    0.013401    0.012661
     0.011900    0.011118    0.010316    0.009495    0.008654    0.007797    0.006922    0.006031
     0.005126    0.004206    0.003274    0.002331    0.001377    0.000415   -0.000555   -0.001531
    -0.002512   -0.003496   -0.004481   -0.005467   -0.006452   -0.007434   -0.008412   -0.009384
    -0.010349   -0.011305   -0.012251   -0.013186   -0.014107   -0.015014   -0.015906   -0.016782
    -0.017639   -0.018478   -0.019297   -0.020096   -0.020873   -0.021630   -0.022364   -0.023076
    -0.023766   -0.024434   -0.025080   -0.025706   -0.026310   -0.026896   -0.027463   -0.028013
    -0.028549   -0.029071   -0.029583   -0.030086   -0.030584   -0.031080   -0.031577   -0.032079
    -0.032591   -0.033182   -0.033540   -0.033982   -0.034674   -0.035766   -0.037386   -0.039629
    -0.042556   -0.046188   -0.050503   -0.055442   -0.060909   -0.066776   -0.072892
  1.000000
     0.072183    0.071817    0.070643    0.068604    0.065720    0.062092    0.057894    0.053347
     0.048703    0.044208    0.040083    0.036496    0.033554    0.031293    0.029681    0.028632
     0.028014    0.027665    0.027408    0.026711    0.026292    0.025919    0.025572    0.025248
     0.024936    0.024619    0.024299    0.023971    0.023638    0.023300    0.022954    0.022603
     0.022241    0.021871    0.021490    0.021099    0.020693    0.020277    0.019844    0.019397
     0.018933    0.018451    0.017952    0.017434    0.016897    0.016343    0.015764    0.015164
     0.014546    0.013906    0.013246    0.012565    0.011865    0.011144    0.010404    0.009646
     0.008869    0.008075    0.007264    0.006438    0.005597    0.004742    0.003875    0.002997
     0.002108    0.001211    0.000305   -0.000607   -0.001525   -0.002447   -0.003373   -0.004299
    -0.005227   -0.006154   -0.007079   -0.008002   -0.008920   -0.009833   -0.010739   -0.011638
    -0.012529   -0.013409   -0.014279   -0.015137   -0.015983   -0.016815   -0.017632   -0.018435
    -0.019221   -0.019990   -0.020742   -0.021476   -0.022192   -0.022889   -0.023566   -0.024225
    -0.024864   -0.025485   -0.026086   -0.026670   -0.027236   -0.027785   -0.028318   -0.028838
    -0.029344   -0.029840   -0.030327   -0.030808   -0.031285   -0.031761   -0.032241   -0.032727
    -0.033177   -0.033182   -0.033540   -0.033982   -0.034674   -0.035766   -0.037386   -0.039629
    -0.042556   -0.046188   -0.050503   -0.055442   -0.060909   -0.066776   -0.072892
  1.000000  0.000000
     0.286480    0.286480    0.286480    0.286480    0.286480    0.286480    0.286480    0.286480
     0.286480    0.286480    0.286480    0.286480    0.286480    0.286480    0.286480    0.286480
     0.286480    0.286480    0.286480    0.286480    0.286480    0.286480    0.286480    0.286480
     0.286480    0.286480    0.286480    0.286480    0.286480    0.286480    0.286480    0.286480
     0.286480    0.286480    0.286480    0.286480    0.286480    0.286480    0.286480    0.286480
     0.286480    0.286480    0.286480    0.286480    0.286480    0.286480    0.286480    0.286480
     0.286480    0.286480    0.286480    0.286480    0.286480    0.286480    0.286480    0.286480
     0.286480    0.286480    0.286480    0.286480    0.286480    0.286480    0.286480    0.286480
     0.286480    0.286480    0.286480    0.286480    0.286480    0.286480    0.286480    0.286480
     0.286480    0.286480    0.286480    0.286480    0.286480    0.286480    0.286480    0.286480
     0.286480    0.286480    0.286480    0.286480    0.286480    0.286480    0.286480    0.286480
     0.286480    0.286480    0.286480    0.286480    0.286480    0.286480    0.286480    0.286480
     0.286480    0.286480    0.286480    0.286480    0.286480    0.286480    0.286480    0.286480
     0.286480    0.286480    0.286480    0.286480    0.286480    0.286480    0.286480    0.286480
     0.286480    0.286480    0.286480    0.286480    0.286480    0.286480    0.286480    0.286480
     0.286480    0.286480    0.286480    0.286480    0.286480    0.286480    0.286480
 ***************************************************************
  ROW NUMBER           3  SECTION NUMBER            10
           0           0           0  IF_DESIGN etc 
   1.00000   0.00000    0
     0.292900    0.298627    0.304226    0.309617    0.314726    0.319487    0.323844    0.327754
     0.331189    0.334134    0.336588    0.338566    0.340098    0.341226    0.342006    0.342504
     0.342793    0.342955    0.343074    0.343194    0.343318    0.343446    0.343578    0.343714
     0.343853    0.343995    0.344140    0.344288    0.344440    0.344596    0.344755    0.344919
     0.345089    0.345263    0.345444    0.345632    0.345827    0.346030    0.346242    0.346463
     0.346694    0.346935    0.347188    0.347453    0.347730    0.348021    0.348325    0.348642
     0.348975    0.349322    0.349685    0.350063    0.350456    0.350866    0.351292    0.351734
     0.352192    0.352666    0.353156    0.353662    0.354183    0.354719    0.355270    0.355836
     0.356415    0.357007    0.357612    0.358229    0.358857    0.359495    0.360142    0.360798
     0.361462    0.362132    0.362807    0.363488    0.364171    0.364857    0.365543    0.366230
     0.366916    0.367599    0.368279    0.368954    0.369623    0.370286    0.370940    0.371586
     0.372222    0.372847    0.373461    0.374062    0.374651    0.375225    0.375786    0.376333
     0.376865    0.377382    0.377885    0.378374    0.378849    0.379311    0.379760    0.380198
     0.380625    0.381044    0.381456    0.381863    0.382268    0.382672    0.383080    0.383493
     0.383916    0.384217    0.384518    0.384891    0.385476    0.386401    0.387773    0.389675
     0.392158    0.395239    0.398900    0.403092    0.407731    0.412709    0.417900
  1.000000  0.000000
     0.072183    0.071862    0.070801    0.068910    0.066182    0.062695    0.058608    0.054137
     0.049532    0.045046    0.040909    0.037298    0.034327    0.032039    0.030406    0.029343
     0.028717    0.028363    0.028103    0.028238    0.028150    0.028012    0.027843    0.027651
     0.027439    0.027208    0.026954    0.026674    0.026375    0.026068    0.025753    0.025429
     0.025097    0.024758    0.024408    0.024045    0.023667    0.023279    0.022874    0.022456
     0.022020    0.021566    0.021094    0.020602    0.020091    0.019558    0.019004    0.018428
     0.017829    0.017208    0.016564    0.015897    0.015207    0.014494    0.013758    0.013000
     0.012220    0.011419    0.010596    0.009753    0.008891    0.008011    0.007112    0.006197
     0.005267    0.004322    0.003364    0.002393    0.001412    0.000422   -0.000577   -0.001582
    -0.002592   -0.003606   -0.004622   -0.005638   -0.006654   -0.007667   -0.008676   -0.009679
    -0.010675   -0.011662   -0.012639   -0.013604   -0.014557   -0.015494   -0.016417   -0.017322
    -0.018208   -0.019076   -0.019924   -0.020751   -0.021556   -0.022339   -0.023100   -0.023838
    -0.024553   -0.025245   -0.025916   -0.026564   -0.027192   -0.027799   -0.028388   -0.028959
    -0.029516   -0.030058   -0.030589   -0.031113   -0.031630   -0.032146   -0.032663   -0.033185
    -0.033718   -0.034318   -0.034690   -0.035152   -0.035876   -0.037020   -0.038717   -0.041070
    -0.044141   -0.047952   -0.052481   -0.057665   -0.063403   -0.069561   -0.075982
  1.000000
     0.072183    0.071862    0.070801    0.068910    0.066182    0.062695    0.058608    0.054137
     0.049532    0.045046    0.040909    0.037298    0.034327    0.032039    0.030406    0.029343
     0.028717    0.028363    0.028103    0.027412    0.026996    0.026626    0.026281    0.025958
     0.025644    0.025324    0.024999    0.024669    0.024332    0.023991    0.023640    0.023285
     0.022918    0.022544    0.022158    0.021762    0.021351    0.020928    0.020489    0.020035
     0.019564    0.019074    0.018568    0.018041    0.017495    0.016931    0.016341    0.015731
     0.015100    0.014448    0.013774    0.013079    0.012364    0.011627    0.010871    0.010094
     0.009299    0.008485    0.007653    0.006806    0.005943    0.005065    0.004174    0.003271
     0.002356    0.001432    0.000498   -0.000442   -0.001389   -0.002341   -0.003297   -0.004254
    -0.005214   -0.006173   -0.007131   -0.008086   -0.009037   -0.009984   -0.010924   -0.011856
    -0.012781   -0.013695   -0.014598   -0.015490   -0.016369   -0.017235   -0.018085   -0.018919
    -0.019737   -0.020538   -0.021321   -0.022085   -0.022831   -0.023556   -0.024262   -0.024949
    -0.025615   -0.026261   -0.026888   -0.027496   -0.028086   -0.028659   -0.029215   -0.029756
    -0.030284   -0.030801   -0.031309   -0.031810   -0.032307   -0.032804   -0.033304   -0.033811
    -0.034288   -0.034318   -0.034690   -0.035152   -0.035876   -0.037020   -0.038717   -0.041070
    -0.044141   -0.047952   -0.052481   -0.057665   -0.063403   -0.069561   -0.075982
  1.000000  0.000000
     0.291840    0.291840    0.291840    0.291840    0.291840    0.291840    0.291840    0.291840
     0.291840    0.291840    0.291840    0.291840    0.291840    0.291840    0.291840    0.291840
     0.291840    0.291840    0.291840    0.291840    0.291840    0.291840    0.291840    0.291840
     0.291840    0.291840    0.291840    0.291840    0.291840    0.291840    0.291840    0.291840
     0.291840    0.291840    0.291840    0.291840    0.291840    0.291840    0.291840    0.291840
     0.291840    0.291840    0.291840    0.291840    0.291840    0.291840    0.291840    0.291840
     0.291840    0.291840    0.291840    0.291840    0.291840    0.291840    0.291840    0.291840
     0.291840    0.291840    0.291840    0.291840    0.291840    0.291840    0.291840    0.291840
     0.291840    0.291840    0.291840    0.291840    0.291840    0.291840    0.291840    0.291840
     0.291840    0.291840    0.291840    0.291840    0.291840    0.291840    0.291840    0.291840
     0.291840    0.291840    0.291840    0.291840    0.291840    0.291840    0.291840    0.291840
     0.291840    0.291840    0.291840    0.291840    0.291840    0.291840    0.291840    0.291840
     0.291840    0.291840    0.291840    0.291840    0.291840    0.291840    0.291840    0.291840
     0.291840    0.291840    0.291840    0.291840    0.291840    0.291840    0.291840    0.291840
     0.291840    0.291840    0.291840    0.291840    0.291840    0.291840    0.291840    0.291840
     0.291840    0.291840    0.291840    0.291840    0.291840    0.291840    0.291840
 ***************************************************************
  ROW NUMBER           3  SECTION NUMBER            11
           0           0           0  IF_DESIGN etc 
   1.00000   0.00000    0
     0.292900    0.298631    0.304235    0.309631    0.314743    0.319508    0.323868    0.327782
     0.331219    0.334166    0.336621    0.338601    0.340133    0.341262    0.342043    0.342540
     0.342829    0.342991    0.343110    0.343229    0.343352    0.343481    0.343612    0.343748
     0.343886    0.344028    0.344172    0.344320    0.344472    0.344627    0.344786    0.344950
     0.345118    0.345293    0.345473    0.345660    0.345854    0.346057    0.346268    0.346488
     0.346719    0.346960    0.347212    0.347476    0.347752    0.348042    0.348345    0.348662
     0.348993    0.349339    0.349701    0.350078    0.350470    0.350879    0.351303    0.351744
     0.352201    0.352673    0.353162    0.353666    0.354186    0.354721    0.355270    0.355834
     0.356411    0.357002    0.357605    0.358220    0.358846    0.359482    0.360128    0.360782
     0.361444    0.362112    0.362785    0.363463    0.364145    0.364828    0.365513    0.366198
     0.366882    0.367563    0.368240    0.368914    0.369581    0.370242    0.370894    0.371538
     0.372172    0.372796    0.373407    0.374007    0.374594    0.375167    0.375726    0.376271
     0.376802    0.377318    0.377819    0.378306    0.378780    0.379240    0.379688    0.380125
     0.380551    0.380969    0.381380    0.381786    0.382189    0.382592    0.382998    0.383411
     0.383832    0.384132    0.384432    0.384805    0.385390    0.386315    0.387691    0.389597
     0.392086    0.395175    0.398846    0.403049    0.407701    0.412694    0.417900
  1.000000  0.000000
     0.072183    0.071909    0.070967    0.069234    0.066670    0.063331    0.059359    0.054965
     0.050400    0.045922    0.041770    0.038131    0.035128    0.032810    0.031154    0.030074
     0.029438    0.029080    0.028816    0.028941    0.028846    0.028700    0.028523    0.028321
     0.028098    0.027855    0.027591    0.027302    0.026996    0.026681    0.026360    0.026031
     0.025693    0.025348    0.024990    0.024620    0.024235    0.023839    0.023427    0.022999
     0.022554    0.022091    0.021609    0.021107    0.020584    0.020040    0.019474    0.018885
     0.018273    0.017637    0.016978    0.016296    0.015589    0.014859    0.014105    0.013328
     0.012528    0.011707    0.010863    0.009998    0.009114    0.008210    0.007287    0.006347
     0.005391    0.004420    0.003435    0.002437    0.001428    0.000409   -0.000619   -0.001654
    -0.002694   -0.003738   -0.004784   -0.005832   -0.006878   -0.007923   -0.008963   -0.009997
    -0.011025   -0.012044   -0.013052   -0.014048   -0.015032   -0.016000   -0.016953   -0.017888
    -0.018804   -0.019701   -0.020577   -0.021433   -0.022265   -0.023076   -0.023863   -0.024627
    -0.025367   -0.026084   -0.026778   -0.027450   -0.028100   -0.028730   -0.029340   -0.029933
    -0.030510   -0.031073   -0.031624   -0.032167   -0.032704   -0.033240   -0.033777   -0.034319
    -0.034873   -0.035479   -0.035867   -0.036347   -0.037102   -0.038298   -0.040073   -0.042534
    -0.045748   -0.049736   -0.054476   -0.059902   -0.065908   -0.072354   -0.079075
  1.000000
     0.072183    0.071909    0.070967    0.069234    0.066670    0.063331    0.059359    0.054965
     0.050400    0.045922    0.041770    0.038131    0.035128    0.032810    0.031154    0.030074
     0.029438    0.029080    0.028816    0.028134    0.027721    0.027354    0.027012    0.026688
     0.026371    0.026047    0.025719    0.025384    0.025043    0.024698    0.024343    0.023982
     0.023611    0.023232    0.022839    0.022437    0.022020    0.021591    0.021145    0.020684
     0.020205    0.019707    0.019192    0.018656    0.018100    0.017525    0.016924    0.016302
     0.015659    0.014993    0.014306    0.013596    0.012864    0.012111    0.011337    0.010542
     0.009727    0.008893    0.008040    0.007171    0.006285    0.005383    0.004467    0.003538
     0.002597    0.001645    0.000684   -0.000286   -0.001263   -0.002244   -0.003231   -0.004221
    -0.005212   -0.006204   -0.007194   -0.008183   -0.009168   -0.010148   -0.011122   -0.012089
    -0.013048   -0.013996   -0.014934   -0.015860   -0.016772   -0.017671   -0.018554   -0.019422
    -0.020272   -0.021104   -0.021918   -0.022713   -0.023488   -0.024243   -0.024978   -0.025692
    -0.026385   -0.027058   -0.027710   -0.028343   -0.028957   -0.029553   -0.030132   -0.030695
    -0.031245   -0.031783   -0.032312   -0.032833   -0.033351   -0.033869   -0.034389   -0.034917
    -0.035422   -0.035479   -0.035867   -0.036347   -0.037102   -0.038298   -0.040073   -0.042534
    -0.045748   -0.049736   -0.054476   -0.059902   -0.065908   -0.072354   -0.079075
  1.000000  0.000000
     0.297200    0.297200    0.297200    0.297200    0.297200    0.297200    0.297200    0.297200
     0.297200    0.297200    0.297200    0.297200    0.297200    0.297200    0.297200    0.297200
     0.297200    0.297200    0.297200    0.297200    0.297200    0.297200    0.297200    0.297200
     0.297200    0.297200    0.297200    0.297200    0.297200    0.297200    0.297200    0.297200
     0.297200    0.297200    0.297200    0.297200    0.297200    0.297200    0.297200    0.297200
     0.297200    0.297200    0.297200    0.297200    0.297200    0.297200    0.297200    0.297200
     0.297200    0.297200    0.297200    0.297200    0.297200    0.297200    0.297200    0.297200
     0.297200    0.297200    0.297200    0.297200    0.297200    0.297200    0.297200    0.297200
     0.297200    0.297200    0.297200    0.297200    0.297200    0.297200    0.297200    0.297200
     0.297200    0.297200    0.297200    0.297200    0.297200    0.297200    0.297200    0.297200
     0.297200    0.297200    0.297200    0.297200    0.297200    0.297200    0.297200    0.297200
     0.297200    0.297200    0.297200    0.297200    0.297200    0.297200    0.297200    0.297200
     0.297200    0.297200    0.297200    0.297200    0.297200    0.297200    0.297200    0.297200
     0.297200    0.297200    0.297200    0.297200    0.297200    0.297200    0.297200    0.297200
     0.297200    0.297200    0.297200    0.297200    0.297200    0.297200    0.297200    0.297200
     0.297200    0.297200    0.297200    0.297200    0.297200    0.297200    0.297200
 ***************************************************************
 ************STARTING THE INPUT FOR EACH BLADE ROW**************
  BLADE ROW NUMBER =        4                                           
    NUMBER OF BLADES IN ROW 
        66
        JM        JLE       JTE 
        129        19        115
      KTIPSTART  KTIPEND 
         0         0
       BOUNDARY LAYER TRANSITION POINTS 
         0         0         0         0
  SET NEWGRID= 1 TO GENERATE A NEW GRID WITH DIFFERENT "J" POINTS AND SPACINGS.
         0
   RPMROW,    RPMHUB 
    0.0    0.0
       JROTHS    JROTHE    JROTTS    JROTTE 
         1         1         1         1
   PUPROW    PLEROW   PTEROW    PDROW 
   158920.7   158920.7   165971.8  165971.8
      NSECS_ROW   INSURF  
         11         0
  IF_CUSP   IFANGLES 
         0         0
 ***************************************************************
  ROW NUMBER           4  SECTION NUMBER            1
           0           0           0  IF_DESIGN etc 
   1.00000   0.00000    0
     0.417900    0.422140    0.426288    0.430286    0.434079    0.437621    0.440872    0.443800
     0.446384    0.448614    0.450490    0.452022    0.453231    0.454149    0.454815    0.455278
     0.455590    0.455810    0.455998    0.456187    0.456384    0.456587    0.456797    0.457012
     0.457232    0.457456    0.457686    0.457921    0.458161    0.458407    0.458659    0.458919
     0.459186    0.459462    0.459747    0.460042    0.460349    0.460669    0.461002    0.461349
     0.461712    0.462091    0.462487    0.462902    0.463337    0.463791    0.464267    0.464764
     0.465284    0.465827    0.466394    0.466985    0.467601    0.468241    0.468907    0.469598
     0.470314    0.471056    0.471822    0.472614    0.473430    0.474270    0.475133    0.476019
     0.476927    0.477856    0.478806    0.479774    0.480761    0.481764    0.482783    0.483816
     0.484862    0.485919    0.486985    0.488060    0.489141    0.490226    0.491314    0.492403
     0.493492    0.494578    0.495659    0.496735    0.497803    0.498861    0.499908    0.500942
     0.501962    0.502966    0.503953    0.504921    0.505870    0.506798    0.507705    0.508590
     0.509452    0.510292    0.511108    0.511902    0.512674    0.513424    0.514153    0.514863
     0.515555    0.516232    0.516895    0.517548    0.518193    0.518834    0.519476    0.520122
     0.520778    0.521449    0.521924    0.521449    0.520968    0.520470    0.519943    0.519380
     0.518771    0.518112    0.517400    0.516636    0.515822    0.514963    0.514067    0.513142
     0.512200
  1.000000  0.000000
    -0.018338   -0.018738   -0.019694   -0.020854   -0.021919   -0.022670   -0.022984   -0.022833
    -0.022269   -0.021399   -0.020353   -0.019267   -0.018250   -0.017379   -0.016692   -0.016186
    -0.015832   -0.015576   -0.015352   -0.014692   -0.014291   -0.013932   -0.013599   -0.013293
    -0.013003   -0.012723   -0.012454   -0.012179   -0.011905   -0.011626   -0.011346   -0.011062
    -0.010772   -0.010480   -0.010181   -0.009878   -0.009567   -0.009251   -0.008927   -0.008594
    -0.008255   -0.007906   -0.007549   -0.007185   -0.006811   -0.006428   -0.006039   -0.005642
    -0.005238   -0.004826   -0.004409   -0.003987   -0.003560   -0.003130   -0.002698   -0.002265
    -0.001831   -0.001397   -0.000965   -0.000535   -0.000111    0.000309    0.000723    0.001130
     0.001528    0.001919    0.002298    0.002668    0.003025    0.003371    0.003705    0.004025
     0.004332    0.004626    0.004905    0.005170    0.005422    0.005659    0.005883    0.006092
     0.006289    0.006472    0.006642    0.006800    0.006946    0.007080    0.007204    0.007317
     0.007420    0.007514    0.007599    0.007675    0.007744    0.007806    0.007861    0.007910
     0.007954    0.007992    0.008025    0.008054    0.008079    0.008101    0.008119    0.008134
     0.008147    0.008157    0.008165    0.008171    0.008175    0.008177    0.008178    0.008177
     0.008174    0.008133    0.007891    0.007891    0.007891    0.007891    0.007891    0.007891
     0.007891    0.007891    0.007891    0.007891    0.007891    0.007891    0.007891    0.007891
     0.007891
  1.000000
    -0.018338   -0.018738   -0.019694   -0.020854   -0.021919   -0.022670   -0.022984   -0.022833
    -0.022269   -0.021399   -0.020353   -0.019267   -0.018250   -0.017379   -0.016692   -0.016186
    -0.015832   -0.015576   -0.015352   -0.015584   -0.015547   -0.015458   -0.015341   -0.015204
    -0.015053   -0.014888   -0.014707   -0.014515   -0.014309   -0.014085   -0.013848   -0.013601
    -0.013347   -0.013092   -0.012828   -0.012565   -0.012293   -0.012010   -0.011716   -0.011421
    -0.011115   -0.010802   -0.010481   -0.010149   -0.009809   -0.009465   -0.009107   -0.008736
    -0.008361   -0.007978   -0.007588   -0.007191   -0.006791   -0.006378   -0.005962   -0.005544
    -0.005122   -0.004699   -0.004272   -0.003842   -0.003415   -0.002988   -0.002566   -0.002141
    -0.001722   -0.001308   -0.000901   -0.000496   -0.000100    0.000289    0.000671    0.001043
     0.001406    0.001760    0.002104    0.002437    0.002760    0.003071    0.003371    0.003660
     0.003936    0.004201    0.004455    0.004696    0.004925    0.005143    0.005349    0.005543
     0.005727    0.005899    0.006060    0.006210    0.006351    0.006481    0.006601    0.006713
     0.006815    0.006910    0.006996    0.007074    0.007146    0.007211    0.007270    0.007323
     0.007371    0.007414    0.007452    0.007486    0.007516    0.007542    0.007565    0.007584
     0.007600    0.007648    0.007891    0.007891    0.007891    0.007891    0.007891    0.007891
     0.007891    0.007891    0.007891    0.007891    0.007891    0.007891    0.007891    0.007891
     0.007891
  1.000000  0.000000
     0.190000    0.190000    0.190000    0.190000    0.190000    0.190000    0.190000    0.190000
     0.190000    0.190000    0.190000    0.190000    0.190000    0.190000    0.190000    0.190000
     0.190000    0.190000    0.190000    0.190000    0.190000    0.190000    0.190000    0.190000
     0.190000    0.190000    0.190000    0.190000    0.190000    0.190000    0.190000    0.190000
     0.190000    0.190000    0.190000    0.190000    0.190000    0.190000    0.190000    0.190000
     0.190000    0.190000    0.190000    0.190000    0.190000    0.190000    0.190000    0.190000
     0.190000    0.190000    0.190000    0.190000    0.190000    0.190000    0.190000    0.190000
     0.190000    0.190000    0.190000    0.190000    0.190000    0.190000    0.190000    0.190000
     0.190000    0.190000    0.190000    0.190000    0.190000    0.190000    0.190000    0.190000
     0.190000    0.190000    0.190000    0.190000    0.190000    0.190000    0.190000    0.190000
     0.190000    0.190000    0.190000    0.190000    0.190000    0.190000    0.190000    0.190000
     0.190000    0.190000    0.190000    0.190000    0.190000    0.190000    0.190000    0.190000
     0.190000    0.190000    0.190000    0.190000    0.190000    0.190000    0.190000    0.190000
     0.190000    0.190000    0.190000    0.190000    0.190000    0.190000    0.190000    0.190000
     0.190000    0.190000    0.190000    0.190000    0.190000    0.190000    0.190000    0.190000
     0.190000    0.190000    0.190000    0.190000    0.190000    0.190000    0.190000    0.190000
     0.190000
 ***************************************************************
  ROW NUMBER           4  SECTION NUMBER            2
           0           0           0  IF_DESIGN etc 
   1.00000   0.00000    0
     0.417900    0.422147    0.426302    0.430306    0.434106    0.437654    0.440910    0.443842
     0.446430    0.448664    0.450542    0.452075    0.453286    0.454205    0.454871    0.455333
     0.455644    0.455864    0.456052    0.456240    0.456435    0.456638    0.456847    0.457061
     0.457280    0.457503    0.457732    0.457966    0.458205    0.458450    0.458701    0.458960
     0.459226    0.459500    0.459784    0.460079    0.460384    0.460702    0.461034    0.461380
     0.461741    0.462118    0.462513    0.462926    0.463359    0.463812    0.464285    0.464781
     0.465298    0.465839    0.466404    0.466992    0.467605    0.468243    0.468906    0.469594
     0.470307    0.471046    0.471809    0.472597    0.473410    0.474246    0.475106    0.475988
     0.476893    0.477818    0.478763    0.479728    0.480710    0.481709    0.482724    0.483753
     0.484794    0.485847    0.486909    0.487978    0.489055    0.490135    0.491219    0.492304
     0.493387    0.494469    0.495546    0.496617    0.497680    0.498734    0.499777    0.500807
     0.501822    0.502822    0.503805    0.504769    0.505714    0.506638    0.507541    0.508422
     0.509281    0.510117    0.510930    0.511721    0.512489    0.513236    0.513962    0.514669
     0.515358    0.516032    0.516693    0.517343    0.517985    0.518624    0.519263    0.519906
     0.520559    0.521227    0.521700    0.521227    0.520749    0.520254    0.519733    0.519177
     0.518578    0.517933    0.517239    0.516495    0.515705    0.514872    0.514004    0.513110
     0.512200
  1.000000  0.000000
    -0.018338   -0.018708   -0.019590   -0.020652   -0.021614   -0.022270   -0.022510   -0.022309
    -0.021719   -0.020842   -0.019807   -0.018739   -0.017744   -0.016896   -0.016227   -0.015737
    -0.015394   -0.015146   -0.014929   -0.014290   -0.013900   -0.013551   -0.013228   -0.012931
    -0.012649   -0.012377   -0.012116   -0.011850   -0.011584   -0.011314   -0.011042   -0.010767
    -0.010486   -0.010203   -0.009912   -0.009618   -0.009316   -0.009009   -0.008694   -0.008371
    -0.008042   -0.007702   -0.007356   -0.007001   -0.006637   -0.006265   -0.005887   -0.005501
    -0.005107   -0.004707   -0.004300   -0.003889   -0.003473   -0.003055   -0.002634   -0.002211
    -0.001788   -0.001366   -0.000944   -0.000525   -0.000112    0.000297    0.000702    0.001098
     0.001487    0.001868    0.002237    0.002598    0.002947    0.003284    0.003609    0.003922
     0.004221    0.004507    0.004779    0.005038    0.005283    0.005514    0.005732    0.005936
     0.006127    0.006306    0.006471    0.006625    0.006767    0.006897    0.007017    0.007127
     0.007227    0.007318    0.007400    0.007475    0.007542    0.007601    0.007655    0.007702
     0.007744    0.007781    0.007813    0.007841    0.007865    0.007885    0.007903    0.007917
     0.007930    0.007939    0.007947    0.007952    0.007956    0.007958    0.007959    0.007957
     0.007954    0.007914    0.007674    0.007674    0.007674    0.007674    0.007674    0.007674
     0.007674    0.007674    0.007674    0.007674    0.007674    0.007674    0.007674    0.007674
     0.007674
  1.000000
    -0.018338   -0.018708   -0.019590   -0.020652   -0.021614   -0.022270   -0.022510   -0.022309
    -0.021719   -0.020842   -0.019807   -0.018739   -0.017744   -0.016896   -0.016227   -0.015737
    -0.015394   -0.015146   -0.014929   -0.015163   -0.015130   -0.015046   -0.014935   -0.014804
    -0.014660   -0.014501   -0.014327   -0.014142   -0.013944   -0.013727   -0.013499   -0.013260
    -0.013014   -0.012768   -0.012513   -0.012259   -0.011996   -0.011722   -0.011438   -0.011152
    -0.010857   -0.010553   -0.010242   -0.009921   -0.009592   -0.009258   -0.008911   -0.008552
    -0.008188   -0.007817   -0.007438   -0.007053   -0.006665   -0.006263   -0.005860   -0.005453
    -0.005043   -0.004632   -0.004216   -0.003798   -0.003382   -0.002967   -0.002556   -0.002142
    -0.001734   -0.001330   -0.000934   -0.000538   -0.000152    0.000228    0.000600    0.000963
     0.001318    0.001664    0.002000    0.002325    0.002641    0.002945    0.003239    0.003521
     0.003792    0.004051    0.004299    0.004535    0.004760    0.004974    0.005175    0.005366
     0.005545    0.005714    0.005872    0.006019    0.006157    0.006285    0.006403    0.006513
     0.006613    0.006706    0.006790    0.006868    0.006938    0.007002    0.007060    0.007112
     0.007159    0.007201    0.007239    0.007272    0.007302    0.007328    0.007350    0.007369
     0.007384    0.007432    0.007674    0.007674    0.007674    0.007674    0.007674    0.007674
     0.007674    0.007674    0.007674    0.007674    0.007674    0.007674    0.007674    0.007674
     0.007674
  1.000000  0.000000
     0.195360    0.195360    0.195360    0.195360    0.195360    0.195360    0.195360    0.195360
     0.195360    0.195360    0.195360    0.195360    0.195360    0.195360    0.195360    0.195360
     0.195360    0.195360    0.195360    0.195360    0.195360    0.195360    0.195360    0.195360
     0.195360    0.195360    0.195360    0.195360    0.195360    0.195360    0.195360    0.195360
     0.195360    0.195360    0.195360    0.195360    0.195360    0.195360    0.195360    0.195360
     0.195360    0.195360    0.195360    0.195360    0.195360    0.195360    0.195360    0.195360
     0.195360    0.195360    0.195360    0.195360    0.195360    0.195360    0.195360    0.195360
     0.195360    0.195360    0.195360    0.195360    0.195360    0.195360    0.195360    0.195360
     0.195360    0.195360    0.195360    0.195360    0.195360    0.195360    0.195360    0.195360
     0.195360    0.195360    0.195360    0.195360    0.195360    0.195360    0.195360    0.195360
     0.195360    0.195360    0.195360    0.195360    0.195360    0.195360    0.195360    0.195360
     0.195360    0.195360    0.195360    0.195360    0.195360    0.195360    0.195360    0.195360
     0.195360    0.195360    0.195360    0.195360    0.195360    0.195360    0.195360    0.195360
     0.195360    0.195360    0.195360    0.195360    0.195360    0.195360    0.195360    0.195360
     0.195360    0.195360    0.195360    0.195360    0.195360    0.195360    0.195360    0.195360
     0.195360    0.195360    0.195360    0.195360    0.195360    0.195360    0.195360    0.195360
     0.195360
 ***************************************************************
  ROW NUMBER           4  SECTION NUMBER            3
           0           0           0  IF_DESIGN etc 
   1.00000   0.00000    0
     0.417900    0.422154    0.426316    0.430327    0.434133    0.437687    0.440947    0.443885
     0.446477    0.448713    0.450594    0.452129    0.453341    0.454260    0.454927    0.455388
     0.455699    0.455918    0.456105    0.456292    0.456487    0.456689    0.456896    0.457109
     0.457327    0.457550    0.457778    0.458011    0.458249    0.458493    0.458743    0.459000
     0.459265    0.459538    0.459821    0.460114    0.460419    0.460736    0.461065    0.461410
     0.461769    0.462145    0.462538    0.462950    0.463381    0.463831    0.464303    0.464796
     0.465312    0.465850    0.466412    0.466998    0.467608    0.468244    0.468904    0.469589
     0.470299    0.471034    0.471794    0.472579    0.473388    0.474221    0.475077    0.475955
     0.476856    0.477777    0.478718    0.479679    0.480657    0.481652    0.482662    0.483686
     0.484723    0.485771    0.486828    0.487894    0.488965    0.490041    0.491120    0.492200
     0.493279    0.494356    0.495428    0.496495    0.497554    0.498603    0.499641    0.500666
     0.501677    0.502673    0.503651    0.504612    0.505552    0.506473    0.507372    0.508249
     0.509104    0.509936    0.510746    0.511533    0.512298    0.513042    0.513765    0.514469
     0.515155    0.515826    0.516484    0.517131    0.517771    0.518407    0.519043    0.519683
     0.520334    0.520999    0.521470    0.520999    0.520523    0.520032    0.519516    0.518968
     0.518380    0.517749    0.517072    0.516350    0.515583    0.514778    0.513940    0.513078
     0.512200
  1.000000  0.000000
    -0.018338   -0.018678   -0.019482   -0.020443   -0.021297   -0.021856   -0.022019   -0.021766
    -0.021148   -0.020266   -0.019240   -0.018192   -0.017221   -0.016395   -0.015747   -0.015272
    -0.014941   -0.014702   -0.014493   -0.013874   -0.013495   -0.013156   -0.012845   -0.012556
    -0.012282   -0.012019   -0.011767   -0.011510   -0.011253   -0.010992   -0.010728   -0.010462
    -0.010190   -0.009916   -0.009635   -0.009350   -0.009058   -0.008760   -0.008455   -0.008141
    -0.007822   -0.007492   -0.007157   -0.006813   -0.006459   -0.006098   -0.005731   -0.005356
    -0.004973   -0.004584   -0.004189   -0.003789   -0.003385   -0.002978   -0.002569   -0.002158
    -0.001746   -0.001335   -0.000925   -0.000517   -0.000114    0.000284    0.000678    0.001064
     0.001442    0.001813    0.002173    0.002524    0.002864    0.003193    0.003509    0.003813
     0.004104    0.004384    0.004648    0.004900    0.005138    0.005363    0.005575    0.005773
     0.005959    0.006133    0.006293    0.006443    0.006580    0.006707    0.006824    0.006930
     0.007027    0.007115    0.007195    0.007267    0.007331    0.007389    0.007441    0.007486
     0.007526    0.007562    0.007593    0.007620    0.007643    0.007662    0.007679    0.007693
     0.007705    0.007714    0.007721    0.007726    0.007730    0.007731    0.007732    0.007730
     0.007727    0.007687    0.007448    0.007448    0.007448    0.007448    0.007448    0.007448
     0.007448    0.007448    0.007448    0.007448    0.007448    0.007448    0.007448    0.007448
     0.007448
  1.000000
    -0.018338   -0.018678   -0.019482   -0.020443   -0.021297   -0.021856   -0.022019   -0.021766
    -0.021148   -0.020266   -0.019240   -0.018192   -0.017221   -0.016395   -0.015747   -0.015272
    -0.014941   -0.014702   -0.014493   -0.014727   -0.014698   -0.014620   -0.014515   -0.014390
    -0.014252   -0.014101   -0.013934   -0.013756   -0.013566   -0.013356   -0.013137   -0.012907
    -0.012671   -0.012433   -0.012188   -0.011942   -0.011689   -0.011425   -0.011151   -0.010875
    -0.010590   -0.010297   -0.009997   -0.009687   -0.009368   -0.009046   -0.008710   -0.008363
    -0.008011   -0.007652   -0.007285   -0.006912   -0.006536   -0.006147   -0.005756   -0.005361
    -0.004963   -0.004564   -0.004160   -0.003754   -0.003350   -0.002947   -0.002547   -0.002145
    -0.001747   -0.001355   -0.000969   -0.000584   -0.000207    0.000163    0.000526    0.000880
     0.001226    0.001564    0.001891    0.002209    0.002517    0.002814    0.003101    0.003377
     0.003641    0.003895    0.004138    0.004369    0.004588    0.004797    0.004995    0.005181
     0.005357    0.005522    0.005677    0.005822    0.005957    0.006082    0.006198    0.006305
     0.006404    0.006495    0.006578    0.006653    0.006723    0.006785    0.006842    0.006893
     0.006939    0.006981    0.007018    0.007051    0.007080    0.007105    0.007127    0.007146
     0.007161    0.007208    0.007448    0.007448    0.007448    0.007448    0.007448    0.007448
     0.007448    0.007448    0.007448    0.007448    0.007448    0.007448    0.007448    0.007448
     0.007448
  1.000000  0.000000
     0.200720    0.200720    0.200720    0.200720    0.200720    0.200720    0.200720    0.200720
     0.200720    0.200720    0.200720    0.200720    0.200720    0.200720    0.200720    0.200720
     0.200720    0.200720    0.200720    0.200720    0.200720    0.200720    0.200720    0.200720
     0.200720    0.200720    0.200720    0.200720    0.200720    0.200720    0.200720    0.200720
     0.200720    0.200720    0.200720    0.200720    0.200720    0.200720    0.200720    0.200720
     0.200720    0.200720    0.200720    0.200720    0.200720    0.200720    0.200720    0.200720
     0.200720    0.200720    0.200720    0.200720    0.200720    0.200720    0.200720    0.200720
     0.200720    0.200720    0.200720    0.200720    0.200720    0.200720    0.200720    0.200720
     0.200720    0.200720    0.200720    0.200720    0.200720    0.200720    0.200720    0.200720
     0.200720    0.200720    0.200720    0.200720    0.200720    0.200720    0.200720    0.200720
     0.200720    0.200720    0.200720    0.200720    0.200720    0.200720    0.200720    0.200720
     0.200720    0.200720    0.200720    0.200720    0.200720    0.200720    0.200720    0.200720
     0.200720    0.200720    0.200720    0.200720    0.200720    0.200720    0.200720    0.200720
     0.200720    0.200720    0.200720    0.200720    0.200720    0.200720    0.200720    0.200720
     0.200720    0.200720    0.200720    0.200720    0.200720    0.200720    0.200720    0.200720
     0.200720    0.200720    0.200720    0.200720    0.200720    0.200720    0.200720    0.200720
     0.200720
 ***************************************************************
  ROW NUMBER           4  SECTION NUMBER            4
           0           0           0  IF_DESIGN etc 
   1.00000   0.00000    0
     0.417900    0.422168    0.426344    0.430368    0.434187    0.437752    0.441023    0.443969
     0.446569    0.448812    0.450697    0.452236    0.453450    0.454371    0.455038    0.455499
     0.455809    0.456026    0.456211    0.456397    0.456590    0.456790    0.456996    0.457207
     0.457423    0.457644    0.457870    0.458101    0.458337    0.458579    0.458827    0.459082
     0.459344    0.459615    0.459896    0.460186    0.460488    0.460802    0.461129    0.461471
     0.461827    0.462200    0.462590    0.462998    0.463425    0.463871    0.464339    0.464828
     0.465339    0.465873    0.466430    0.467011    0.467616    0.468246    0.468900    0.469579
     0.470284    0.471012    0.471766    0.472544    0.473346    0.474172    0.475020    0.475891
     0.476784    0.477697    0.478631    0.479583    0.480553    0.481539    0.482541    0.483556
     0.484584    0.485623    0.486671    0.487727    0.488790    0.489857    0.490926    0.491997
     0.493067    0.494134    0.495198    0.496255    0.497304    0.498345    0.499374    0.500391
     0.501393    0.502380    0.503350    0.504302    0.505235    0.506147    0.507039    0.507908
     0.508756    0.509581    0.510384    0.511164    0.511923    0.512660    0.513377    0.514075
     0.514755    0.515420    0.516072    0.516714    0.517348    0.517979    0.518609    0.519244
     0.519889    0.520549    0.521016    0.520549    0.520078    0.519593    0.519088    0.518556
     0.517989    0.517386    0.516744    0.516063    0.515344    0.514593    0.513813    0.513013
     0.512200
  1.000000  0.000000
    -0.018338   -0.018618   -0.019271   -0.020031   -0.020674   -0.021043   -0.021054   -0.020698
    -0.020027   -0.019133   -0.018127   -0.017117   -0.016192   -0.015411   -0.014802   -0.014357
    -0.014049   -0.013828   -0.013635   -0.013056   -0.012699   -0.012381   -0.012090   -0.011819
    -0.011562   -0.011315   -0.011081   -0.010841   -0.010601   -0.010357   -0.010111   -0.009862
    -0.009608   -0.009352   -0.009088   -0.008822   -0.008548   -0.008269   -0.007982   -0.007689
    -0.007389   -0.007079   -0.006764   -0.006440   -0.006108   -0.005768   -0.005423   -0.005069
    -0.004709   -0.004342   -0.003969   -0.003592   -0.003210   -0.002826   -0.002439   -0.002051
    -0.001662   -0.001273   -0.000885   -0.000499   -0.000118    0.000259    0.000632    0.000998
     0.001356    0.001707    0.002048    0.002381    0.002703    0.003014    0.003313    0.003602
     0.003877    0.004141    0.004391    0.004630    0.004855    0.005067    0.005267    0.005454
     0.005630    0.005793    0.005944    0.006085    0.006215    0.006334    0.006443    0.006543
     0.006634    0.006716    0.006791    0.006858    0.006918    0.006972    0.007020    0.007062
     0.007099    0.007132    0.007160    0.007185    0.007206    0.007224    0.007239    0.007252
     0.007262    0.007271    0.007277    0.007281    0.007284    0.007285    0.007285    0.007283
     0.007280    0.007241    0.007005    0.007005    0.007005    0.007005    0.007005    0.007005
     0.007005    0.007005    0.007005    0.007005    0.007005    0.007005    0.007005    0.007005
     0.007005
  1.000000
    -0.018338   -0.018618   -0.019271   -0.020031   -0.020674   -0.021043   -0.021054   -0.020698
    -0.020027   -0.019133   -0.018127   -0.017117   -0.016192   -0.015411   -0.014802   -0.014357
    -0.014049   -0.013828   -0.013635   -0.013870   -0.013849   -0.013781   -0.013689   -0.013576
    -0.013450   -0.013314   -0.013161   -0.012997   -0.012822   -0.012628   -0.012425   -0.012212
    -0.011994   -0.011774   -0.011547   -0.011320   -0.011084   -0.010839   -0.010586   -0.010329
    -0.010065   -0.009792   -0.009513   -0.009225   -0.008927   -0.008627   -0.008314   -0.007991
    -0.007662   -0.007325   -0.006982   -0.006633   -0.006281   -0.005915   -0.005549   -0.005178
    -0.004804   -0.004429   -0.004049   -0.003667   -0.003286   -0.002905   -0.002528   -0.002148
    -0.001772   -0.001401   -0.001036   -0.000671   -0.000314    0.000037    0.000381    0.000717
     0.001046    0.001367    0.001678    0.001981    0.002275    0.002558    0.002831    0.003094
     0.003347    0.003589    0.003821    0.004041    0.004252    0.004452    0.004641    0.004819
     0.004988    0.005146    0.005295    0.005433    0.005563    0.005683    0.005794    0.005897
     0.005992    0.006080    0.006159    0.006232    0.006299    0.006359    0.006414    0.006463
     0.006508    0.006548    0.006583    0.006615    0.006643    0.006668    0.006689    0.006707
     0.006722    0.006768    0.007005    0.007005    0.007005    0.007005    0.007005    0.007005
     0.007005    0.007005    0.007005    0.007005    0.007005    0.007005    0.007005    0.007005
     0.007005
  1.000000  0.000000
     0.211440    0.211440    0.211440    0.211440    0.211440    0.211440    0.211440    0.211440
     0.211440    0.211440    0.211440    0.211440    0.211440    0.211440    0.211440    0.211440
     0.211440    0.211440    0.211440    0.211440    0.211440    0.211440    0.211440    0.211440
     0.211440    0.211440    0.211440    0.211440    0.211440    0.211440    0.211440    0.211440
     0.211440    0.211440    0.211440    0.211440    0.211440    0.211440    0.211440    0.211440
     0.211440    0.211440    0.211440    0.211440    0.211440    0.211440    0.211440    0.211440
     0.211440    0.211440    0.211440    0.211440    0.211440    0.211440    0.211440    0.211440
     0.211440    0.211440    0.211440    0.211440    0.211440    0.211440    0.211440    0.211440
     0.211440    0.211440    0.211440    0.211440    0.211440    0.211440    0.211440    0.211440
     0.211440    0.211440    0.211440    0.211440    0.211440    0.211440    0.211440    0.211440
     0.211440    0.211440    0.211440    0.211440    0.211440    0.211440    0.211440    0.211440
     0.211440    0.211440    0.211440    0.211440    0.211440    0.211440    0.211440    0.211440
     0.211440    0.211440    0.211440    0.211440    0.211440    0.211440    0.211440    0.211440
     0.211440    0.211440    0.211440    0.211440    0.211440    0.211440    0.211440    0.211440
     0.211440    0.211440    0.211440    0.211440    0.211440    0.211440    0.211440    0.211440
     0.211440    0.211440    0.211440    0.211440    0.211440    0.211440    0.211440    0.211440
     0.211440
 ***************************************************************
  ROW NUMBER           4  SECTION NUMBER            5
           0           0           0  IF_DESIGN etc 
   1.00000   0.00000    0
     0.417900    0.422196    0.426399    0.430450    0.434293    0.437880    0.441172    0.444136
     0.446751    0.449007    0.450902    0.452449    0.453668    0.454591    0.455258    0.455719
     0.456027    0.456241    0.456424    0.456606    0.456797    0.456994    0.457196    0.457404
     0.457617    0.457834    0.458057    0.458284    0.458516    0.458754    0.458999    0.459250
     0.459508    0.459775    0.460051    0.460337    0.460634    0.460943    0.461265    0.461601
     0.461952    0.462319    0.462703    0.463105    0.463525    0.463965    0.464425    0.464906
     0.465409    0.465935    0.466483    0.467055    0.467651    0.468271    0.468915    0.469584
     0.470277    0.470995    0.471737    0.472502    0.473292    0.474105    0.474940    0.475798
     0.476676    0.477576    0.478494    0.479432    0.480386    0.481357    0.482343    0.483343
     0.484355    0.485378    0.486410    0.487450    0.488495    0.489546    0.490599    0.491653
     0.492706    0.493757    0.494804    0.495844    0.496878    0.497902    0.498915    0.499916
     0.500903    0.501874    0.502829    0.503766    0.504684    0.505583    0.506460    0.507317
     0.508151    0.508963    0.509754    0.510522    0.511268    0.511994    0.512700    0.513387
     0.514057    0.514712    0.515354    0.515985    0.516610    0.517230    0.517851    0.518476
     0.519111    0.519760    0.520220    0.519760    0.519298    0.518826    0.518340    0.517835
     0.517306    0.516752    0.516170    0.515561    0.514927    0.514269    0.513592    0.512901
     0.512200
  1.000000  0.000000
    -0.018338   -0.018516   -0.018912   -0.019332   -0.019617   -0.019661   -0.019413   -0.018881
    -0.018115   -0.017198   -0.016222   -0.015274   -0.014424   -0.013718   -0.013173   -0.012779
    -0.012507   -0.012315   -0.012148   -0.011647   -0.011325   -0.011042   -0.010784   -0.010542
    -0.010312   -0.010094   -0.009887   -0.009677   -0.009465   -0.009251   -0.009033   -0.008814
    -0.008588   -0.008362   -0.008129   -0.007893   -0.007650   -0.007403   -0.007148   -0.006887
    -0.006620   -0.006345   -0.006064   -0.005775   -0.005479   -0.005176   -0.004867   -0.004550
    -0.004227   -0.003899   -0.003564   -0.003226   -0.002884   -0.002538   -0.002190   -0.001841
    -0.001491   -0.001141   -0.000792   -0.000444   -0.000100    0.000240    0.000575    0.000906
     0.001228    0.001545    0.001853    0.002152    0.002443    0.002723    0.002993    0.003253
     0.003501    0.003738    0.003963    0.004177    0.004379    0.004569    0.004749    0.004916
     0.005072    0.005218    0.005353    0.005478    0.005593    0.005698    0.005795    0.005883
     0.005963    0.006035    0.006100    0.006159    0.006211    0.006258    0.006299    0.006335
     0.006367    0.006395    0.006419    0.006440    0.006458    0.006473    0.006485    0.006496
     0.006504    0.006510    0.006515    0.006518    0.006520    0.006520    0.006519    0.006517
     0.006513    0.006474    0.006245    0.006245    0.006245    0.006245    0.006245    0.006245
     0.006245    0.006245    0.006245    0.006245    0.006245    0.006245    0.006245    0.006245
     0.006245
  1.000000
    -0.018338   -0.018516   -0.018912   -0.019332   -0.019617   -0.019661   -0.019413   -0.018881
    -0.018115   -0.017198   -0.016222   -0.015274   -0.014424   -0.013718   -0.013173   -0.012779
    -0.012507   -0.012315   -0.012148   -0.012401   -0.012392   -0.012340   -0.012268   -0.012176
    -0.012071   -0.011957   -0.011828   -0.011688   -0.011538   -0.011369   -0.011193   -0.011009
    -0.010821   -0.010630   -0.010434   -0.010237   -0.010032   -0.009818   -0.009598   -0.009375
    -0.009145   -0.008906   -0.008662   -0.008410   -0.008150   -0.007887   -0.007611   -0.007327
    -0.007038   -0.006742   -0.006439   -0.006130   -0.005818   -0.005494   -0.005170   -0.004841
    -0.004508   -0.004174   -0.003834   -0.003494   -0.003153   -0.002812   -0.002474   -0.002133
    -0.001796   -0.001462   -0.001133   -0.000804   -0.000481   -0.000164    0.000148    0.000453
     0.000751    0.001043    0.001326    0.001602    0.001869    0.002128    0.002377    0.002618
     0.002849    0.003071    0.003284    0.003487    0.003680    0.003864    0.004038    0.004203
     0.004358    0.004504    0.004641    0.004769    0.004889    0.005000    0.005104    0.005199
     0.005287    0.005369    0.005443    0.005510    0.005573    0.005629    0.005680    0.005726
     0.005767    0.005805    0.005838    0.005868    0.005894    0.005917    0.005937    0.005954
     0.005968    0.006013    0.006245    0.006245    0.006245    0.006245    0.006245    0.006245
     0.006245    0.006245    0.006245    0.006245    0.006245    0.006245    0.006245    0.006245
     0.006245
  1.000000  0.000000
     0.232880    0.232880    0.232880    0.232880    0.232880    0.232880    0.232880    0.232880
     0.232880    0.232880    0.232880    0.232880    0.232880    0.232880    0.232880    0.232880
     0.232880    0.232880    0.232880    0.232880    0.232880    0.232880    0.232880    0.232880
     0.232880    0.232880    0.232880    0.232880    0.232880    0.232880    0.232880    0.232880
     0.232880    0.232880    0.232880    0.232880    0.232880    0.232880    0.232880    0.232880
     0.232880    0.232880    0.232880    0.232880    0.232880    0.232880    0.232880    0.232880
     0.232880    0.232880    0.232880    0.232880    0.232880    0.232880    0.232880    0.232880
     0.232880    0.232880    0.232880    0.232880    0.232880    0.232880    0.232880    0.232880
     0.232880    0.232880    0.232880    0.232880    0.232880    0.232880    0.232880    0.232880
     0.232880    0.232880    0.232880    0.232880    0.232880    0.232880    0.232880    0.232880
     0.232880    0.232880    0.232880    0.232880    0.232880    0.232880    0.232880    0.232880
     0.232880    0.232880    0.232880    0.232880    0.232880    0.232880    0.232880    0.232880
     0.232880    0.232880    0.232880    0.232880    0.232880    0.232880    0.232880    0.232880
     0.232880    0.232880    0.232880    0.232880    0.232880    0.232880    0.232880    0.232880
     0.232880    0.232880    0.232880    0.232880    0.232880    0.232880    0.232880    0.232880
     0.232880    0.232880    0.232880    0.232880    0.232880    0.232880    0.232880    0.232880
     0.232880
 ***************************************************************
  ROW NUMBER           4  SECTION NUMBER            6
           0           0           0  IF_DESIGN etc 
   1.00000   0.00000    0
     0.417900    0.422210    0.426427    0.430490    0.434345    0.437944    0.441245    0.444218
     0.446841    0.449103    0.451003    0.452554    0.453775    0.454700    0.455368    0.455828
     0.456135    0.456348    0.456529    0.456711    0.456900    0.457095    0.457297    0.457503
     0.457714    0.457930    0.458151    0.458377    0.458608    0.458844    0.459086    0.459336
     0.459592    0.459857    0.460131    0.460416    0.460711    0.461018    0.461337    0.461671
     0.462020    0.462384    0.462765    0.463164    0.463581    0.464018    0.464475    0.464953
     0.465453    0.465975    0.466519    0.467087    0.467679    0.468294    0.468934    0.469598
     0.470287    0.470999    0.471736    0.472496    0.473280    0.474088    0.474917    0.475769
     0.476641    0.477534    0.478447    0.479377    0.480326    0.481290    0.482269    0.483262
     0.484267    0.485282    0.486307    0.487340    0.488378    0.489421    0.490467    0.491513
     0.492559    0.493603    0.494642    0.495676    0.496702    0.497719    0.498725    0.499719
     0.500699    0.501664    0.502612    0.503543    0.504455    0.505347    0.506218    0.507068
     0.507897    0.508704    0.509488    0.510251    0.510993    0.511713    0.512414    0.513097
     0.513762    0.514412    0.515050    0.515677    0.516297    0.516913    0.517530    0.518150
     0.518781    0.519426    0.519882    0.519426    0.518967    0.518501    0.518023    0.517529
     0.517016    0.516482    0.515927    0.515349    0.514750    0.514132    0.513498    0.512853
     0.512200
  1.000000  0.000000
    -0.018338   -0.018475   -0.018768   -0.019052   -0.019193   -0.019105   -0.018752   -0.018148
    -0.017344   -0.016417   -0.015451   -0.014526   -0.013706   -0.013028   -0.012508   -0.012133
    -0.011877   -0.011695   -0.011538   -0.011065   -0.010756   -0.010487   -0.010241   -0.010010
    -0.009791   -0.009584   -0.009388   -0.009189   -0.008988   -0.008785   -0.008579   -0.008371
    -0.008158   -0.007943   -0.007722   -0.007498   -0.007267   -0.007033   -0.006791   -0.006544
    -0.006290   -0.006028   -0.005761   -0.005487   -0.005204   -0.004917   -0.004622   -0.004321
    -0.004014   -0.003700   -0.003382   -0.003060   -0.002734   -0.002404   -0.002073   -0.001740
    -0.001406   -0.001073   -0.000740   -0.000408   -0.000080    0.000244    0.000565    0.000880
     0.001188    0.001490    0.001783    0.002069    0.002346    0.002613    0.002870    0.003117
     0.003354    0.003580    0.003794    0.003997    0.004189    0.004370    0.004541    0.004699
     0.004848    0.004986    0.005113    0.005232    0.005340    0.005440    0.005531    0.005614
     0.005689    0.005757    0.005818    0.005873    0.005922    0.005965    0.006004    0.006038
     0.006067    0.006093    0.006115    0.006134    0.006151    0.006164    0.006175    0.006185
     0.006192    0.006198    0.006202    0.006204    0.006205    0.006205    0.006204    0.006202
     0.006198    0.006159    0.005932    0.005932    0.005932    0.005932    0.005932    0.005932
     0.005932    0.005932    0.005932    0.005932    0.005932    0.005932    0.005932    0.005932
     0.005932
  1.000000
    -0.018338   -0.018475   -0.018768   -0.019052   -0.019193   -0.019105   -0.018752   -0.018148
    -0.017344   -0.016417   -0.015451   -0.014526   -0.013706   -0.013028   -0.012508   -0.012133
    -0.011877   -0.011695   -0.011538   -0.011796   -0.011791   -0.011747   -0.011682   -0.011598
    -0.011502   -0.011396   -0.011276   -0.011145   -0.011004   -0.010847   -0.010680   -0.010507
    -0.010331   -0.010152   -0.009968   -0.009782   -0.009589   -0.009388   -0.009182   -0.008972
    -0.008755   -0.008531   -0.008301   -0.008063   -0.007818   -0.007570   -0.007309   -0.007041
    -0.006768   -0.006488   -0.006201   -0.005909   -0.005614   -0.005308   -0.005000   -0.004688
    -0.004372   -0.004056   -0.003732   -0.003409   -0.003086   -0.002762   -0.002440   -0.002115
    -0.001794   -0.001475   -0.001162   -0.000848   -0.000539   -0.000237    0.000061    0.000353
     0.000638    0.000917    0.001188    0.001452    0.001709    0.001957    0.002196    0.002428
     0.002649    0.002863    0.003067    0.003262    0.003448    0.003625    0.003793    0.003951
     0.004101    0.004242    0.004374    0.004498    0.004614    0.004721    0.004821    0.004913
     0.004998    0.005077    0.005148    0.005214    0.005274    0.005329    0.005378    0.005423
     0.005463    0.005499    0.005532    0.005561    0.005586    0.005609    0.005628    0.005645
     0.005658    0.005703    0.005932    0.005932    0.005932    0.005932    0.005932    0.005932
     0.005932    0.005932    0.005932    0.005932    0.005932    0.005932    0.005932    0.005932
     0.005932
  1.000000  0.000000
     0.243600    0.243600    0.243600    0.243600    0.243600    0.243600    0.243600    0.243600
     0.243600    0.243600    0.243600    0.243600    0.243600    0.243600    0.243600    0.243600
     0.243600    0.243600    0.243600    0.243600    0.243600    0.243600    0.243600    0.243600
     0.243600    0.243600    0.243600    0.243600    0.243600    0.243600    0.243600    0.243600
     0.243600    0.243600    0.243600    0.243600    0.243600    0.243600    0.243600    0.243600
     0.243600    0.243600    0.243600    0.243600    0.243600    0.243600    0.243600    0.243600
     0.243600    0.243600    0.243600    0.243600    0.243600    0.243600    0.243600    0.243600
     0.243600    0.243600    0.243600    0.243600    0.243600    0.243600    0.243600    0.243600
     0.243600    0.243600    0.243600    0.243600    0.243600    0.243600    0.243600    0.243600
     0.243600    0.243600    0.243600    0.243600    0.243600    0.243600    0.243600    0.243600
     0.243600    0.243600    0.243600    0.243600    0.243600    0.243600    0.243600    0.243600
     0.243600    0.243600    0.243600    0.243600    0.243600    0.243600    0.243600    0.243600
     0.243600    0.243600    0.243600    0.243600    0.243600    0.243600    0.243600    0.243600
     0.243600    0.243600    0.243600    0.243600    0.243600    0.243600    0.243600    0.243600
     0.243600    0.243600    0.243600    0.243600    0.243600    0.243600    0.243600    0.243600
     0.243600    0.243600    0.243600    0.243600    0.243600    0.243600    0.243600    0.243600
     0.243600
 ***************************************************************
  ROW NUMBER           4  SECTION NUMBER            7
           0           0           0  IF_DESIGN etc 
   1.00000   0.00000    0
     0.417900    0.422224    0.426453    0.430529    0.434396    0.438006    0.441318    0.444300
     0.446930    0.449198    0.451104    0.452658    0.453882    0.454808    0.455476    0.455936
     0.456242    0.456454    0.456635    0.456815    0.457003    0.457197    0.457397    0.457602
     0.457812    0.458027    0.458246    0.458470    0.458699    0.458934    0.459175    0.459423
     0.459678    0.459941    0.460213    0.460495    0.460788    0.461093    0.461411    0.461743
     0.462089    0.462451    0.462829    0.463226    0.463640    0.464074    0.464528    0.465003
     0.465499    0.466018    0.466559    0.467123    0.467711    0.468322    0.468958    0.469618
     0.470301    0.471009    0.471741    0.472497    0.473276    0.474078    0.474902    0.475748
     0.476615    0.477502    0.478408    0.479333    0.480275    0.481233    0.482205    0.483191
     0.484190    0.485199    0.486217    0.487243    0.488274    0.489310    0.490349    0.491389
     0.492428    0.493465    0.494497    0.495524    0.496544    0.497554    0.498553    0.499541
     0.500514    0.501473    0.502415    0.503339    0.504245    0.505131    0.505997    0.506842
     0.507665    0.508466    0.509246    0.510004    0.510740    0.511456    0.512153    0.512830
     0.513491    0.514137    0.514771    0.515394    0.516010    0.516622    0.517234    0.517851
     0.518477    0.519118    0.519571    0.519118    0.518663    0.518201    0.517731    0.517248
     0.516750    0.516235    0.515703    0.515154    0.514587    0.514006    0.513412    0.512809
     0.512200
  1.000000  0.000000
    -0.018338   -0.018439   -0.018641   -0.018804   -0.018819   -0.018615   -0.018170   -0.017503
    -0.016664   -0.015727   -0.014770   -0.013867   -0.013071   -0.012419   -0.011920   -0.011563
    -0.011318   -0.011146   -0.010998   -0.010541   -0.010243   -0.009986   -0.009750   -0.009528
    -0.009319   -0.009123   -0.008935   -0.008746   -0.008555   -0.008362   -0.008165   -0.007968
    -0.007765   -0.007561   -0.007350   -0.007137   -0.006917   -0.006694   -0.006463   -0.006228
    -0.005986   -0.005736   -0.005482   -0.005220   -0.004950   -0.004676   -0.004395   -0.004108
    -0.003814   -0.003515   -0.003211   -0.002903   -0.002592   -0.002277   -0.001960   -0.001642
    -0.001323   -0.001004   -0.000686   -0.000369   -0.000055    0.000255    0.000561    0.000863
     0.001157    0.001445    0.001726    0.001999    0.002263    0.002518    0.002764    0.003000
     0.003225    0.003441    0.003645    0.003839    0.004022    0.004194    0.004356    0.004507
     0.004648    0.004779    0.004900    0.005012    0.005115    0.005209    0.005295    0.005373
     0.005444    0.005508    0.005565    0.005617    0.005662    0.005703    0.005739    0.005770
     0.005798    0.005822    0.005842    0.005860    0.005875    0.005887    0.005897    0.005905
     0.005912    0.005917    0.005920    0.005922    0.005923    0.005922    0.005921    0.005918
     0.005914    0.005876    0.005651    0.005651    0.005651    0.005651    0.005651    0.005651
     0.005651    0.005651    0.005651    0.005651    0.005651    0.005651    0.005651    0.005651
     0.005651
  1.000000
    -0.018338   -0.018439   -0.018641   -0.018804   -0.018819   -0.018615   -0.018170   -0.017503
    -0.016664   -0.015727   -0.014770   -0.013867   -0.013071   -0.012419   -0.011920   -0.011563
    -0.011318   -0.011146   -0.010998   -0.011252   -0.011252   -0.011213   -0.011154   -0.011078
    -0.010989   -0.010890   -0.010779   -0.010655   -0.010522   -0.010374   -0.010217   -0.010053
    -0.009888   -0.009718   -0.009545   -0.009370   -0.009187   -0.008998   -0.008803   -0.008604
    -0.008400   -0.008187   -0.007970   -0.007745   -0.007514   -0.007278   -0.007031   -0.006777
    -0.006519   -0.006253   -0.005981   -0.005704   -0.005424   -0.005133   -0.004841   -0.004544
    -0.004244   -0.003942   -0.003635   -0.003327   -0.003019   -0.002710   -0.002403   -0.002093
    -0.001786   -0.001482   -0.001182   -0.000882   -0.000587   -0.000298   -0.000013    0.000267
     0.000540    0.000808    0.001068    0.001322    0.001568    0.001806    0.002036    0.002259
     0.002472    0.002677    0.002874    0.003062    0.003241    0.003412    0.003574    0.003727
     0.003872    0.004008    0.004136    0.004255    0.004367    0.004471    0.004567    0.004657
     0.004739    0.004815    0.004885    0.004948    0.005007    0.005059    0.005107    0.005150
     0.005190    0.005225    0.005256    0.005284    0.005309    0.005331    0.005350    0.005366
     0.005380    0.005424    0.005651    0.005651    0.005651    0.005651    0.005651    0.005651
     0.005651    0.005651    0.005651    0.005651    0.005651    0.005651    0.005651    0.005651
     0.005651
  1.000000  0.000000
     0.254320    0.254320    0.254320    0.254320    0.254320    0.254320    0.254320    0.254320
     0.254320    0.254320    0.254320    0.254320    0.254320    0.254320    0.254320    0.254320
     0.254320    0.254320    0.254320    0.254320    0.254320    0.254320    0.254320    0.254320
     0.254320    0.254320    0.254320    0.254320    0.254320    0.254320    0.254320    0.254320
     0.254320    0.254320    0.254320    0.254320    0.254320    0.254320    0.254320    0.254320
     0.254320    0.254320    0.254320    0.254320    0.254320    0.254320    0.254320    0.254320
     0.254320    0.254320    0.254320    0.254320    0.254320    0.254320    0.254320    0.254320
     0.254320    0.254320    0.254320    0.254320    0.254320    0.254320    0.254320    0.254320
     0.254320    0.254320    0.254320    0.254320    0.254320    0.254320    0.254320    0.254320
     0.254320    0.254320    0.254320    0.254320    0.254320    0.254320    0.254320    0.254320
     0.254320    0.254320    0.254320    0.254320    0.254320    0.254320    0.254320    0.254320
     0.254320    0.254320    0.254320    0.254320    0.254320    0.254320    0.254320    0.254320
     0.254320    0.254320    0.254320    0.254320    0.254320    0.254320    0.254320    0.254320
     0.254320    0.254320    0.254320    0.254320    0.254320    0.254320    0.254320    0.254320
     0.254320    0.254320    0.254320    0.254320    0.254320    0.254320    0.254320    0.254320
     0.254320    0.254320    0.254320    0.254320    0.254320    0.254320    0.254320    0.254320
     0.254320
 ***************************************************************
  ROW NUMBER           4  SECTION NUMBER            8
           0           0           0  IF_DESIGN etc 
   1.00000   0.00000    0
     0.417900    0.422251    0.426507    0.430608    0.434498    0.438130    0.441462    0.444461
     0.447106    0.449387    0.451302    0.452863    0.454092    0.455021    0.455691    0.456151
     0.456456    0.456666    0.456844    0.457022    0.457207    0.457399    0.457597    0.457799
     0.458006    0.458218    0.458435    0.458656    0.458883    0.459115    0.459352    0.459597
     0.459849    0.460109    0.460378    0.460656    0.460946    0.461247    0.461561    0.461888
     0.462230    0.462587    0.462961    0.463353    0.463762    0.464191    0.464639    0.465108
     0.465598    0.466110    0.466644    0.467202    0.467782    0.468386    0.469014    0.469665
     0.470340    0.471039    0.471762    0.472508    0.473277    0.474069    0.474883    0.475719
     0.476575    0.477451    0.478346    0.479259    0.480189    0.481135    0.482096    0.483070
     0.484056    0.485052    0.486057    0.487070    0.488089    0.489112    0.490138    0.491165
     0.492191    0.493215    0.494235    0.495249    0.496255    0.497253    0.498240    0.499215
     0.500177    0.501123    0.502054    0.502967    0.503861    0.504736    0.505591    0.506425
     0.507238    0.508030    0.508799    0.509548    0.510275    0.510982    0.511670    0.512339
     0.512992    0.513630    0.514255    0.514871    0.515479    0.516084    0.516688    0.517297
     0.517916    0.518548    0.518996    0.518548    0.518100    0.517648    0.517191    0.516728
     0.516258    0.515778    0.515290    0.514793    0.514287    0.513773    0.513253    0.512728
     0.512200
  1.000000  0.000000
    -0.018338   -0.018376   -0.018418   -0.018370   -0.018162   -0.017756   -0.017149   -0.016371
    -0.015472   -0.014520   -0.013580   -0.012713   -0.011963   -0.011356   -0.010895   -0.010567
    -0.010345   -0.010190   -0.010056   -0.009599   -0.009322   -0.009084   -0.008865   -0.008661
    -0.008467   -0.008290   -0.008118   -0.007946   -0.007772   -0.007597   -0.007418   -0.007239
    -0.007054   -0.006868   -0.006676   -0.006482   -0.006282   -0.006078   -0.005868   -0.005653
    -0.005432   -0.005205   -0.004972   -0.004733   -0.004487   -0.004236   -0.003979   -0.003716
    -0.003447   -0.003174   -0.002896   -0.002614   -0.002329   -0.002040   -0.001750   -0.001458
    -0.001166   -0.000873   -0.000582   -0.000291   -0.000003    0.000281    0.000561    0.000838
     0.001107    0.001372    0.001629    0.001879    0.002121    0.002354    0.002579    0.002794
     0.003000    0.003196    0.003382    0.003559    0.003725    0.003881    0.004028    0.004164
     0.004292    0.004410    0.004519    0.004620    0.004712    0.004796    0.004873    0.004942
     0.005005    0.005062    0.005113    0.005158    0.005198    0.005233    0.005264    0.005291
     0.005315    0.005335    0.005353    0.005367    0.005380    0.005390    0.005398    0.005404
     0.005409    0.005413    0.005415    0.005416    0.005416    0.005415    0.005413    0.005410
     0.005406    0.005368    0.005146    0.005146    0.005146    0.005146    0.005146    0.005146
     0.005146    0.005146    0.005146    0.005146    0.005146    0.005146    0.005146    0.005146
     0.005146
  1.000000
    -0.018338   -0.018376   -0.018418   -0.018370   -0.018162   -0.017756   -0.017149   -0.016371
    -0.015472   -0.014520   -0.013580   -0.012713   -0.011963   -0.011356   -0.010895   -0.010567
    -0.010345   -0.010190   -0.010056   -0.010275   -0.010282   -0.010253   -0.010206   -0.010143
    -0.010066   -0.009980   -0.009884   -0.009774   -0.009654   -0.009523   -0.009382   -0.009236
    -0.009088   -0.008936   -0.008782   -0.008624   -0.008461   -0.008292   -0.008119   -0.007939
    -0.007756   -0.007565   -0.007370   -0.007168   -0.006960   -0.006746   -0.006526   -0.006298
    -0.006064   -0.005824   -0.005579   -0.005329   -0.005074   -0.004813   -0.004547   -0.004278
    -0.004006   -0.003731   -0.003453   -0.003172   -0.002892   -0.002610   -0.002329   -0.002047
    -0.001766   -0.001488   -0.001212   -0.000938   -0.000668   -0.000402   -0.000140    0.000118
     0.000370    0.000616    0.000857    0.001091    0.001319    0.001539    0.001752    0.001959
     0.002157    0.002348    0.002531    0.002706    0.002873    0.003032    0.003183    0.003326
     0.003461    0.003588    0.003708    0.003820    0.003925    0.004023    0.004113    0.004197
     0.004275    0.004346    0.004412    0.004472    0.004527    0.004576    0.004622    0.004663
     0.004700    0.004733    0.004763    0.004790    0.004813    0.004834    0.004852    0.004868
     0.004880    0.004924    0.005146    0.005146    0.005146    0.005146    0.005146    0.005146
     0.005146    0.005146    0.005146    0.005146    0.005146    0.005146    0.005146    0.005146
     0.005146
  1.000000  0.000000
     0.275760    0.275760    0.275760    0.275760    0.275760    0.275760    0.275760    0.275760
     0.275760    0.275760    0.275760    0.275760    0.275760    0.275760    0.275760    0.275760
     0.275760    0.275760    0.275760    0.275760    0.275760    0.275760    0.275760    0.275760
     0.275760    0.275760    0.275760    0.275760    0.275760    0.275760    0.275760    0.275760
     0.275760    0.275760    0.275760    0.275760    0.275760    0.275760    0.275760    0.275760
     0.275760    0.275760    0.275760    0.275760    0.275760    0.275760    0.275760    0.275760
     0.275760    0.275760    0.275760    0.275760    0.275760    0.275760    0.275760    0.275760
     0.275760    0.275760    0.275760    0.275760    0.275760    0.275760    0.275760    0.275760
     0.275760    0.275760    0.275760    0.275760    0.275760    0.275760    0.275760    0.275760
     0.275760    0.275760    0.275760    0.275760    0.275760    0.275760    0.275760    0.275760
     0.275760    0.275760    0.275760    0.275760    0.275760    0.275760    0.275760    0.275760
     0.275760    0.275760    0.275760    0.275760    0.275760    0.275760    0.275760    0.275760
     0.275760    0.275760    0.275760    0.275760    0.275760    0.275760    0.275760    0.275760
     0.275760    0.275760    0.275760    0.275760    0.275760    0.275760    0.275760    0.275760
     0.275760    0.275760    0.275760    0.275760    0.275760    0.275760    0.275760    0.275760
     0.275760    0.275760    0.275760    0.275760    0.275760    0.275760    0.275760    0.275760
     0.275760
 ***************************************************************
  ROW NUMBER           4  SECTION NUMBER            9
           0           0           0  IF_DESIGN etc 
   1.00000   0.00000    0
     0.417900    0.422264    0.426533    0.430646    0.434549    0.438191    0.441533    0.444541
     0.447194    0.449480    0.451400    0.452965    0.454197    0.455128    0.455798    0.456258
     0.456562    0.456771    0.456948    0.457125    0.457309    0.457500    0.457696    0.457897
     0.458103    0.458314    0.458529    0.458749    0.458974    0.459205    0.459441    0.459684
     0.459935    0.460193    0.460460    0.460737    0.461025    0.461324    0.461636    0.461962
     0.462301    0.462657    0.463028    0.463417    0.463824    0.464250    0.464696    0.465162
     0.465649    0.466158    0.466689    0.467243    0.467820    0.468420    0.469044    0.469692
     0.470363    0.471058    0.471776    0.472518    0.473282    0.474069    0.474878    0.475709
     0.476560    0.477431    0.478320    0.479228    0.480152    0.481093    0.482048    0.483016
     0.483995    0.484986    0.485985    0.486992    0.488005    0.489022    0.490041    0.491062
     0.492082    0.493100    0.494113    0.495121    0.496122    0.497114    0.498095    0.499064
     0.500019    0.500960    0.501885    0.502792    0.503682    0.504551    0.505401    0.506230
     0.507038    0.507825    0.508590    0.509334    0.510057    0.510760    0.511443    0.512109
     0.512758    0.513392    0.514013    0.514625    0.515230    0.515830    0.516432    0.517037
     0.517652    0.518281    0.518726    0.518281    0.517835    0.517388    0.516938    0.516484
     0.516026    0.515564    0.515096    0.514623    0.514146    0.513664    0.513178    0.512690
     0.512200
  1.000000  0.000000
    -0.018338   -0.018347   -0.018317   -0.018174   -0.017865   -0.017368   -0.016688   -0.015860
    -0.014935   -0.013976   -0.013044   -0.012194   -0.011465   -0.010877   -0.010434   -0.010120
    -0.009908   -0.009760   -0.009634   -0.009170   -0.008904   -0.008674   -0.008464   -0.008267
    -0.008080   -0.007911   -0.007746   -0.007582   -0.007416   -0.007249   -0.007078   -0.006907
    -0.006731   -0.006553   -0.006370   -0.006184   -0.005993   -0.005798   -0.005597   -0.005392
    -0.005180   -0.004962   -0.004740   -0.004511   -0.004275   -0.004035   -0.003789   -0.003537
    -0.003280   -0.003018   -0.002751   -0.002481   -0.002208   -0.001932   -0.001653   -0.001373
    -0.001093   -0.000813   -0.000533   -0.000255    0.000022    0.000294    0.000563    0.000828
     0.001086    0.001339    0.001586    0.001825    0.002057    0.002280    0.002495    0.002701
     0.002898    0.003085    0.003263    0.003432    0.003590    0.003739    0.003879    0.004009
     0.004131    0.004243    0.004346    0.004442    0.004529    0.004609    0.004682    0.004747
     0.004806    0.004859    0.004907    0.004949    0.004987    0.005020    0.005049    0.005074
     0.005096    0.005115    0.005130    0.005144    0.005155    0.005164    0.005171    0.005177
     0.005181    0.005184    0.005186    0.005186    0.005186    0.005185    0.005182    0.005179
     0.005175    0.005137    0.004918    0.004918    0.004918    0.004918    0.004918    0.004918
     0.004918    0.004918    0.004918    0.004918    0.004918    0.004918    0.004918    0.004918
     0.004918
  1.000000
    -0.018338   -0.018347   -0.018317   -0.018174   -0.017865   -0.017368   -0.016688   -0.015860
    -0.014935   -0.013976   -0.013044   -0.012194   -0.011465   -0.010877   -0.010434   -0.010120
    -0.009908   -0.009760   -0.009634   -0.009831   -0.009841   -0.009817   -0.009775   -0.009719
    -0.009647   -0.009566   -0.009477   -0.009373   -0.009260   -0.009136   -0.009002   -0.008864
    -0.008724   -0.008581   -0.008434   -0.008284   -0.008130   -0.007972   -0.007807   -0.007636
    -0.007462   -0.007282   -0.007096   -0.006905   -0.006707   -0.006504   -0.006295   -0.006079
    -0.005856   -0.005628   -0.005395   -0.005157   -0.004914   -0.004666   -0.004412   -0.004156
    -0.003896   -0.003633   -0.003369   -0.003101   -0.002832   -0.002563   -0.002294   -0.002025
    -0.001756   -0.001490   -0.001225   -0.000963   -0.000703   -0.000448   -0.000196    0.000051
     0.000293    0.000530    0.000762    0.000987    0.001206    0.001419    0.001624    0.001823
     0.002015    0.002199    0.002376    0.002545    0.002706    0.002860    0.003006    0.003144
     0.003275    0.003399    0.003515    0.003623    0.003725    0.003819    0.003908    0.003989
     0.004064    0.004134    0.004197    0.004256    0.004309    0.004357    0.004401    0.004441
     0.004477    0.004510    0.004539    0.004565    0.004588    0.004608    0.004626    0.004641
     0.004654    0.004697    0.004918    0.004918    0.004918    0.004918    0.004918    0.004918
     0.004918    0.004918    0.004918    0.004918    0.004918    0.004918    0.004918    0.004918
     0.004918
  1.000000  0.000000
     0.286480    0.286480    0.286480    0.286480    0.286480    0.286480    0.286480    0.286480
     0.286480    0.286480    0.286480    0.286480    0.286480    0.286480    0.286480    0.286480
     0.286480    0.286480    0.286480    0.286480    0.286480    0.286480    0.286480    0.286480
     0.286480    0.286480    0.286480    0.286480    0.286480    0.286480    0.286480    0.286480
     0.286480    0.286480    0.286480    0.286480    0.286480    0.286480    0.286480    0.286480
     0.286480    0.286480    0.286480    0.286480    0.286480    0.286480    0.286480    0.286480
     0.286480    0.286480    0.286480    0.286480    0.286480    0.286480    0.286480    0.286480
     0.286480    0.286480    0.286480    0.286480    0.286480    0.286480    0.286480    0.286480
     0.286480    0.286480    0.286480    0.286480    0.286480    0.286480    0.286480    0.286480
     0.286480    0.286480    0.286480    0.286480    0.286480    0.286480    0.286480    0.286480
     0.286480    0.286480    0.286480    0.286480    0.286480    0.286480    0.286480    0.286480
     0.286480    0.286480    0.286480    0.286480    0.286480    0.286480    0.286480    0.286480
     0.286480    0.286480    0.286480    0.286480    0.286480    0.286480    0.286480    0.286480
     0.286480    0.286480    0.286480    0.286480    0.286480    0.286480    0.286480    0.286480
     0.286480    0.286480    0.286480    0.286480    0.286480    0.286480    0.286480    0.286480
     0.286480    0.286480    0.286480    0.286480    0.286480    0.286480    0.286480    0.286480
     0.286480
 ***************************************************************
  ROW NUMBER           4  SECTION NUMBER            10
           0           0           0  IF_DESIGN etc 
   1.00000   0.00000    0
     0.417900    0.422271    0.426546    0.430666    0.434574    0.438222    0.441568    0.444580
     0.447237    0.449527    0.451449    0.453016    0.454249    0.455180    0.455851    0.456311
     0.456615    0.456823    0.457000    0.457176    0.457360    0.457550    0.457746    0.457946
     0.458152    0.458362    0.458576    0.458796    0.459020    0.459250    0.459486    0.459728
     0.459978    0.460235    0.460502    0.460778    0.461065    0.461363    0.461674    0.461999
     0.462338    0.462692    0.463062    0.463450    0.463856    0.464281    0.464725    0.465190
     0.465675    0.466183    0.466713    0.467265    0.467840    0.468438    0.469060    0.469706
     0.470375    0.471068    0.471784    0.472524    0.473286    0.474071    0.474877    0.475705
     0.476554    0.477422    0.478309    0.479214    0.480136    0.481073    0.482025    0.482991
     0.483968    0.484955    0.485951    0.486955    0.487965    0.488979    0.489996    0.491013
     0.492030    0.493045    0.494056    0.495061    0.496058    0.497047    0.498025    0.498992
     0.499944    0.500882    0.501804    0.502709    0.503596    0.504463    0.505310    0.506137
     0.506943    0.507727    0.508490    0.509232    0.509952    0.510653    0.511335    0.511998
     0.512645    0.513277    0.513897    0.514507    0.515110    0.515709    0.516308    0.516912
     0.517525    0.518152    0.518595    0.518152    0.517708    0.517262    0.516816    0.516367
     0.515915    0.515460    0.515003    0.514542    0.514078    0.513611    0.513142    0.512672
     0.512200
  1.000000  0.000000
    -0.018338   -0.018334   -0.018270   -0.018082   -0.017725   -0.017185   -0.016471   -0.015619
    -0.014682   -0.013719   -0.012791   -0.011948   -0.011229   -0.010651   -0.010215   -0.009908
    -0.009701   -0.009556   -0.009433   -0.008969   -0.008707   -0.008481   -0.008274   -0.008081
    -0.007898   -0.007732   -0.007571   -0.007411   -0.007249   -0.007085   -0.006918   -0.006751
    -0.006578   -0.006404   -0.006225   -0.006044   -0.005856   -0.005666   -0.005468   -0.005268
    -0.005061   -0.004848   -0.004630   -0.004406   -0.004175   -0.003940   -0.003699   -0.003453
    -0.003200   -0.002944   -0.002683   -0.002418   -0.002151   -0.001880   -0.001607   -0.001333
    -0.001058   -0.000784   -0.000510   -0.000237    0.000034    0.000300    0.000564    0.000823
     0.001076    0.001324    0.001566    0.001800    0.002027    0.002245    0.002456    0.002657
     0.002850    0.003034    0.003207    0.003372    0.003527    0.003673    0.003810    0.003936
     0.004055    0.004164    0.004265    0.004358    0.004443    0.004521    0.004592    0.004655
     0.004713    0.004764    0.004811    0.004852    0.004888    0.004920    0.004948    0.004972
     0.004993    0.005011    0.005026    0.005039    0.005049    0.005058    0.005065    0.005070
     0.005074    0.005077    0.005078    0.005079    0.005078    0.005076    0.005074    0.005071
     0.005067    0.005029    0.004810    0.004810    0.004810    0.004810    0.004810    0.004810
     0.004810    0.004810    0.004810    0.004810    0.004810    0.004810    0.004810    0.004810
     0.004810
  1.000000
    -0.018338   -0.018334   -0.018270   -0.018082   -0.017725   -0.017185   -0.016471   -0.015619
    -0.014682   -0.013719   -0.012791   -0.011948   -0.011229   -0.010651   -0.010215   -0.009908
    -0.009701   -0.009556   -0.009433   -0.009622   -0.009634   -0.009612   -0.009572   -0.009519
    -0.009450   -0.009372   -0.009286   -0.009185   -0.009075   -0.008954   -0.008823   -0.008689
    -0.008553   -0.008413   -0.008271   -0.008124   -0.007974   -0.007820   -0.007660   -0.007494
    -0.007324   -0.007148   -0.006967   -0.006781   -0.006588   -0.006389   -0.006187   -0.005975
    -0.005758   -0.005536   -0.005308   -0.005075   -0.004838   -0.004596   -0.004348   -0.004098
    -0.003844   -0.003587   -0.003329   -0.003066   -0.002804   -0.002540   -0.002277   -0.002014
    -0.001751   -0.001490   -0.001230   -0.000973   -0.000719   -0.000469   -0.000222    0.000020
     0.000258    0.000491    0.000717    0.000939    0.001154    0.001363    0.001565    0.001760
     0.001948    0.002129    0.002303    0.002469    0.002628    0.002779    0.002923    0.003059
     0.003188    0.003310    0.003424    0.003531    0.003631    0.003724    0.003811    0.003891
     0.003965    0.004034    0.004097    0.004154    0.004207    0.004255    0.004298    0.004337
     0.004373    0.004405    0.004434    0.004460    0.004482    0.004502    0.004520    0.004535
     0.004547    0.004590    0.004810    0.004810    0.004810    0.004810    0.004810    0.004810
     0.004810    0.004810    0.004810    0.004810    0.004810    0.004810    0.004810    0.004810
     0.004810
  1.000000  0.000000
     0.291840    0.291840    0.291840    0.291840    0.291840    0.291840    0.291840    0.291840
     0.291840    0.291840    0.291840    0.291840    0.291840    0.291840    0.291840    0.291840
     0.291840    0.291840    0.291840    0.291840    0.291840    0.291840    0.291840    0.291840
     0.291840    0.291840    0.291840    0.291840    0.291840    0.291840    0.291840    0.291840
     0.291840    0.291840    0.291840    0.291840    0.291840    0.291840    0.291840    0.291840
     0.291840    0.291840    0.291840    0.291840    0.291840    0.291840    0.291840    0.291840
     0.291840    0.291840    0.291840    0.291840    0.291840    0.291840    0.291840    0.291840
     0.291840    0.291840    0.291840    0.291840    0.291840    0.291840    0.291840    0.291840
     0.291840    0.291840    0.291840    0.291840    0.291840    0.291840    0.291840    0.291840
     0.291840    0.291840    0.291840    0.291840    0.291840    0.291840    0.291840    0.291840
     0.291840    0.291840    0.291840    0.291840    0.291840    0.291840    0.291840    0.291840
     0.291840    0.291840    0.291840    0.291840    0.291840    0.291840    0.291840    0.291840
     0.291840    0.291840    0.291840    0.291840    0.291840    0.291840    0.291840    0.291840
     0.291840    0.291840    0.291840    0.291840    0.291840    0.291840    0.291840    0.291840
     0.291840    0.291840    0.291840    0.291840    0.291840    0.291840    0.291840    0.291840
     0.291840    0.291840    0.291840    0.291840    0.291840    0.291840    0.291840    0.291840
     0.291840
 ***************************************************************
  ROW NUMBER           4  SECTION NUMBER            11
           0           0           0  IF_DESIGN etc 
   1.00000   0.00000    0
     0.417900    0.422277    0.426559    0.430685    0.434599    0.438252    0.441603    0.444620
     0.447280    0.449573    0.451498    0.453067    0.454301    0.455233    0.455904    0.456364
     0.456667    0.456876    0.457052    0.457227    0.457411    0.457600    0.457795    0.457995
     0.458200    0.458410    0.458624    0.458842    0.459066    0.459295    0.459530    0.459772
     0.460021    0.460278    0.460544    0.460819    0.461105    0.461403    0.461713    0.462036
     0.462374    0.462727    0.463097    0.463483    0.463888    0.464311    0.464754    0.465218
     0.465702    0.466208    0.466736    0.467287    0.467860    0.468457    0.469077    0.469721
     0.470388    0.471079    0.471793    0.472531    0.473291    0.474073    0.474878    0.475703
     0.476549    0.477415    0.478299    0.479202    0.480121    0.481056    0.482005    0.482967
     0.483941    0.484926    0.485920    0.486921    0.487927    0.488938    0.489952    0.490967
     0.491981    0.492993    0.494000    0.495002    0.495997    0.496983    0.497958    0.498922
     0.499872    0.500807    0.501727    0.502629    0.503513    0.504378    0.505222    0.506047
     0.506850    0.507632    0.508393    0.509132    0.509851    0.510550    0.511229    0.511891
     0.512536    0.513166    0.513784    0.514392    0.514993    0.515591    0.516188    0.516790
     0.517401    0.518027    0.518469    0.518027    0.517584    0.517141    0.516697    0.516253
     0.515807    0.515360    0.514912    0.514463    0.514012    0.513560    0.513107    0.512654
     0.512200
  1.000000  0.000000
    -0.018338   -0.018321   -0.018224   -0.017993   -0.017591   -0.017009   -0.016262   -0.015388
    -0.014438   -0.013472   -0.012547   -0.011712   -0.011001   -0.010432   -0.010005   -0.009703
    -0.009500   -0.009359   -0.009239   -0.008777   -0.008519   -0.008297   -0.008094   -0.007904
    -0.007725   -0.007562   -0.007404   -0.007247   -0.007088   -0.006929   -0.006765   -0.006601
    -0.006432   -0.006262   -0.006087   -0.005909   -0.005726   -0.005539   -0.005346   -0.005150
    -0.004947   -0.004738   -0.004525   -0.004305   -0.004079   -0.003849   -0.003613   -0.003371
    -0.003124   -0.002872   -0.002617   -0.002358   -0.002095   -0.001830   -0.001562   -0.001294
    -0.001024   -0.000755   -0.000487   -0.000219    0.000046    0.000307    0.000565    0.000820
     0.001068    0.001311    0.001547    0.001777    0.001999    0.002213    0.002419    0.002617
     0.002805    0.002985    0.003155    0.003316    0.003467    0.003610    0.003743    0.003867
     0.003983    0.004090    0.004188    0.004279    0.004362    0.004437    0.004506    0.004568
     0.004624    0.004674    0.004719    0.004758    0.004794    0.004824    0.004851    0.004875
     0.004895    0.004912    0.004927    0.004939    0.004949    0.004957    0.004963    0.004968
     0.004972    0.004974    0.004976    0.004976    0.004975    0.004973    0.004971    0.004967
     0.004963    0.004926    0.004708    0.004708    0.004708    0.004708    0.004708    0.004708
     0.004708    0.004708    0.004708    0.004708    0.004708    0.004708    0.004708    0.004708
     0.004708
  1.000000
    -0.018338   -0.018321   -0.018224   -0.017993   -0.017591   -0.017009   -0.016262   -0.015388
    -0.014438   -0.013472   -0.012547   -0.011712   -0.011001   -0.010432   -0.010005   -0.009703
    -0.009500   -0.009359   -0.009239   -0.009423   -0.009436   -0.009417   -0.009379   -0.009328
    -0.009262   -0.009186   -0.009103   -0.009005   -0.008898   -0.008780   -0.008653   -0.008522
    -0.008390   -0.008253   -0.008114   -0.007971   -0.007826   -0.007676   -0.007520   -0.007357
    -0.007192   -0.007021   -0.006844   -0.006662   -0.006474   -0.006280   -0.006082   -0.005876
    -0.005664   -0.005447   -0.005224   -0.004997   -0.004765   -0.004529   -0.004287   -0.004042
    -0.003793   -0.003542   -0.003290   -0.003033   -0.002776   -0.002518   -0.002261   -0.002003
    -0.001745   -0.001489   -0.001235   -0.000983   -0.000734   -0.000488   -0.000246   -0.000009
     0.000224    0.000453    0.000676    0.000893    0.001104    0.001309    0.001508    0.001700
     0.001885    0.002063    0.002234    0.002398    0.002554    0.002703    0.002844    0.002978
     0.003105    0.003225    0.003338    0.003443    0.003542    0.003633    0.003719    0.003798
     0.003871    0.003939    0.004001    0.004058    0.004110    0.004157    0.004200    0.004238
     0.004274    0.004305    0.004334    0.004359    0.004382    0.004401    0.004419    0.004434
     0.004446    0.004488    0.004708    0.004708    0.004708    0.004708    0.004708    0.004708
     0.004708    0.004708    0.004708    0.004708    0.004708    0.004708    0.004708    0.004708
     0.004708
  1.000000  0.000000
     0.297200    0.297200    0.297200    0.297200    0.297200    0.297200    0.297200    0.297200
     0.297200    0.297200    0.297200    0.297200    0.297200    0.297200    0.297200    0.297200
     0.297200    0.297200    0.297200    0.297200    0.297200    0.297200    0.297200    0.297200
     0.297200    0.297200    0.297200    0.297200    0.297200    0.297200    0.297200    0.297200
     0.297200    0.297200    0.297200    0.297200    0.297200    0.297200    0.297200    0.297200
     0.297200    0.297200    0.297200    0.297200    0.297200    0.297200    0.297200    0.297200
     0.297200    0.297200    0.297200    0.297200    0.297200    0.297200    0.297200    0.297200
     0.297200    0.297200    0.297200    0.297200    0.297200    0.297200    0.297200    0.297200
     0.297200    0.297200    0.297200    0.297200    0.297200    0.297200    0.297200    0.297200
     0.297200    0.297200    0.297200    0.297200    0.297200    0.297200    0.297200    0.297200
     0.297200    0.297200    0.297200    0.297200    0.297200    0.297200    0.297200    0.297200
     0.297200    0.297200    0.297200    0.297200    0.297200    0.297200    0.297200    0.297200
     0.297200    0.297200    0.297200    0.297200    0.297200    0.297200    0.297200    0.297200
     0.297200    0.297200    0.297200    0.297200    0.297200    0.297200    0.297200    0.297200
     0.297200    0.297200    0.297200    0.297200    0.297200    0.297200    0.297200    0.297200
     0.297200    0.297200    0.297200    0.297200    0.297200    0.297200    0.297200    0.297200
     0.297200
 ***************************************************************
 ************STARTING THE INPUT FOR EACH BLADE ROW**************
  BLADE ROW NUMBER =        5                                           
    NUMBER OF BLADES IN ROW 
        41
        JM        JLE       JTE 
        129        19        115
      KTIPSTART  KTIPEND 
         33         37
  FRACTIP1,     FRACTIP2 
  0.00972857       0.00972857
  FTHICK(K) 
1.000000 1.000000 1.000000 1.000000 1.000000 1.000000 1.000000 1.000000
1.000000 1.000000 1.000000 1.000000 1.000000 1.000000 1.000000 1.000000
1.000000 1.000000 1.000000 1.000000 1.000000 1.000000 1.000000 1.000000
1.000000 1.000000 1.000000 1.000000 1.000000 1.000000 1.000000 0.900000
0.500000 0.000000 0.000000 0.000000 0.000000
       BOUNDARY LAYER TRANSITION POINTS 
         0         0         0         0
  SET NEWGRID= 1 TO GENERATE A NEW GRID WITH DIFFERENT "J" POINTS AND SPACINGS.
         0
   RPMROW,    RPMHUB 
    10081.0    10081.0
       JROTHS    JROTHE    JROTTS    JROTTE 
         1         1         1         1
   PUPROW    PLEROW   PTEROW    PDROW 
   165971.8   165971.8   208864.0  208864.0
      NSECS_ROW   INSURF  
         11         0
  IF_CUSP   IFANGLES 
         0         0
 ***************************************************************
  ROW NUMBER           5  SECTION NUMBER            1
           0           0           0  IF_DESIGN etc 
   1.00000   0.00000    0
     0.526000    0.530009    0.533929    0.537705    0.541286    0.544625    0.547685    0.550435
     0.552857    0.554938    0.556679    0.558091    0.559194    0.560018    0.560600    0.560987
     0.561229    0.561383    0.561507    0.561632    0.561761    0.561895    0.562033    0.562175
     0.562320    0.562468    0.562619    0.562774    0.562932    0.563094    0.563260    0.563431
     0.563607    0.563788    0.563976    0.564171    0.564373    0.564583    0.564803    0.565031
     0.565270    0.565520    0.565781    0.566054    0.566340    0.566640    0.566953    0.567281
     0.567623    0.567981    0.568354    0.568743    0.569149    0.569571    0.570009    0.570464
     0.570936    0.571424    0.571929    0.572450    0.572988    0.573541    0.574110    0.574693
     0.575291    0.575903    0.576529    0.577166    0.577816    0.578477    0.579148    0.579829
     0.580517    0.581213    0.581916    0.582623    0.583335    0.584050    0.584767    0.585484
     0.586201    0.586916    0.587628    0.588337    0.589040    0.589737    0.590427    0.591108
     0.591779    0.592441    0.593090    0.593728    0.594353    0.594965    0.595562    0.596145
     0.596712    0.597265    0.597803    0.598326    0.598834    0.599328    0.599808    0.600276
     0.600732    0.601178    0.601615    0.602044    0.602469    0.602892    0.603314    0.603740
     0.604172    0.604614    0.604926    0.605239    0.605554    0.605877    0.606212    0.606562
     0.606931    0.607321    0.607733    0.608168    0.608624    0.609098    0.609588    0.610091
     0.610600
  1.000000  0.000000
     0.068040    0.066743    0.063255    0.058222    0.052284    0.046013    0.039878    0.034217
     0.029242    0.025051    0.021654    0.019001    0.017006    0.015567    0.014577    0.013934
     0.013536    0.013286    0.013085    0.013310    0.013296    0.013236    0.013151    0.013049
     0.012932    0.012808    0.012671    0.012530    0.012377    0.012221    0.012051    0.011877
     0.011690    0.011495    0.011285    0.011064    0.010831    0.010588    0.010342    0.010086
     0.009830    0.009562    0.009282    0.009000    0.008710    0.008412    0.008108    0.007797
     0.007481    0.007155    0.006821    0.006483    0.006140    0.005792    0.005442    0.005084
     0.004722    0.004360    0.003996    0.003632    0.003262    0.002896    0.002529    0.002164
     0.001800    0.001439    0.001080    0.000726    0.000375    0.000029   -0.000312   -0.000648
    -0.000977   -0.001300   -0.001616   -0.001925   -0.002226   -0.002520   -0.002805   -0.003083
    -0.003351   -0.003611   -0.003862   -0.004104   -0.004336   -0.004560   -0.004774   -0.004978
    -0.005174   -0.005361   -0.005538   -0.005706   -0.005865   -0.006016   -0.006158   -0.006292
    -0.006418   -0.006537   -0.006648   -0.006752   -0.006849   -0.006940   -0.007025   -0.007105
    -0.007179   -0.007250   -0.007315   -0.007377   -0.007435   -0.007490   -0.007542   -0.007592
    -0.007640   -0.007743   -0.008020   -0.008045   -0.008070   -0.008095   -0.008121   -0.008149
    -0.008178   -0.008209   -0.008241   -0.008275   -0.008311   -0.008348   -0.008387   -0.008426
    -0.008466
  1.000000
     0.068040    0.066743    0.063255    0.058222    0.052284    0.046013    0.039878    0.034217
     0.029242    0.025051    0.021654    0.019001    0.017006    0.015567    0.014577    0.013934
     0.013536    0.013286    0.013085    0.012410    0.012022    0.011679    0.011356    0.011062
     0.010776    0.010506    0.010246    0.009997    0.009753    0.009513    0.009270    0.009026
     0.008777    0.008527    0.008271    0.008013    0.007747    0.007478    0.007203    0.006920
     0.006634    0.006339    0.006037    0.005731    0.005416    0.005095    0.004767    0.004435
     0.004097    0.003753    0.003405    0.003053    0.002697    0.002338    0.001978    0.001616
     0.001253    0.000891    0.000531    0.000172   -0.000183   -0.000536   -0.000883   -0.001226
    -0.001563   -0.001892   -0.002216   -0.002531   -0.002838   -0.003135   -0.003424   -0.003703
    -0.003973   -0.004232   -0.004481   -0.004720   -0.004948   -0.005167   -0.005374   -0.005571
    -0.005759   -0.005936   -0.006104   -0.006263   -0.006412   -0.006553   -0.006686   -0.006810
    -0.006927   -0.007036   -0.007138   -0.007234   -0.007324   -0.007407   -0.007485   -0.007558
    -0.007626   -0.007690   -0.007749   -0.007805   -0.007856   -0.007905   -0.007950   -0.007993
    -0.008034   -0.008072   -0.008108   -0.008142   -0.008175   -0.008207   -0.008238   -0.008268
    -0.008296   -0.008258   -0.008020   -0.008045   -0.008070   -0.008095   -0.008121   -0.008149
    -0.008178   -0.008209   -0.008241   -0.008275   -0.008311   -0.008348   -0.008387   -0.008426
    -0.008466
  1.000000  0.000000
     0.190000    0.190000    0.190000    0.190000    0.190000    0.190000    0.190000    0.190000
     0.190000    0.190000    0.190000    0.190000    0.190000    0.190000    0.190000    0.190000
     0.190000    0.190000    0.190000    0.190000    0.190000    0.190000    0.190000    0.190000
     0.190000    0.190000    0.190000    0.190000    0.190000    0.190000    0.190000    0.190000
     0.190000    0.190000    0.190000    0.190000    0.190000    0.190000    0.190000    0.190000
     0.190000    0.190000    0.190000    0.190000    0.190000    0.190000    0.190000    0.190000
     0.190000    0.190000    0.190000    0.190000    0.190000    0.190000    0.190000    0.190000
     0.190000    0.190000    0.190000    0.190000    0.190000    0.190000    0.190000    0.190000
     0.190000    0.190000    0.190000    0.190000    0.190000    0.190000    0.190000    0.190000
     0.190000    0.190000    0.190000    0.190000    0.190000    0.190000    0.190000    0.190000
     0.190000    0.190000    0.190000    0.190000    0.190000    0.190000    0.190000    0.190000
     0.190000    0.190000    0.190000    0.190000    0.190000    0.190000    0.190000    0.190000
     0.190000    0.190000    0.190000    0.190000    0.190000    0.190000    0.190000    0.190000
     0.190000    0.190000    0.190000    0.190000    0.190000    0.190000    0.190000    0.190000
     0.190000    0.190000    0.190000    0.190000    0.190000    0.190000    0.190000    0.190000
     0.190000    0.190000    0.190000    0.190000    0.190000    0.190000    0.190000    0.190000
     0.190000
 ***************************************************************
  ROW NUMBER           5  SECTION NUMBER            2
           0           0           0  IF_DESIGN etc 
   1.00000   0.00000    0
     0.526000    0.530013    0.533937    0.537718    0.541302    0.544645    0.547708    0.550461
     0.552885    0.554968    0.556711    0.558125    0.559228    0.560053    0.560635    0.561022
     0.561264    0.561418    0.561542    0.561666    0.561796    0.561929    0.562067    0.562208
     0.562353    0.562501    0.562652    0.562806    0.562964    0.563126    0.563292    0.563462
     0.563638    0.563819    0.564007    0.564201    0.564403    0.564613    0.564832    0.565060
     0.565299    0.565548    0.565809    0.566082    0.566367    0.566666    0.566979    0.567306
     0.567648    0.568005    0.568378    0.568767    0.569171    0.569593    0.570030    0.570485
     0.570956    0.571443    0.571947    0.572468    0.573004    0.573557    0.574124    0.574707
     0.575304    0.575915    0.576539    0.577176    0.577825    0.578485    0.579155    0.579834
     0.580522    0.581217    0.581918    0.582624    0.583335    0.584049    0.584764    0.585480
     0.586196    0.586910    0.587621    0.588329    0.589031    0.589727    0.590415    0.591095
     0.591766    0.592426    0.593075    0.593712    0.594336    0.594946    0.595542    0.596124
     0.596691    0.597243    0.597780    0.598302    0.598809    0.599302    0.599782    0.600249
     0.600704    0.601149    0.601585    0.602014    0.602439    0.602860    0.603282    0.603707
     0.604138    0.604580    0.604892    0.605204    0.605519    0.605841    0.606176    0.606527
     0.606897    0.607290    0.607705    0.608143    0.608602    0.609082    0.609577    0.610085
     0.610600
  1.000000  0.000000
     0.068040    0.066786    0.063407    0.058520    0.052738    0.046614    0.040602    0.035032
     0.030116    0.025955    0.022567    0.019908    0.017899    0.016445    0.015442    0.014788
     0.014384    0.014129    0.013925    0.014147    0.014130    0.014068    0.013978    0.013872
     0.013752    0.013622    0.013481    0.013334    0.013176    0.013012    0.012837    0.012654
     0.012460    0.012255    0.012037    0.011806    0.011565    0.011315    0.011059    0.010796
     0.010529    0.010250    0.009960    0.009667    0.009365    0.009055    0.008736    0.008411
     0.008080    0.007737    0.007387    0.007031    0.006669    0.006301    0.005929    0.005549
     0.005165    0.004778    0.004388    0.003998    0.003601    0.003206    0.002810    0.002414
     0.002019    0.001625    0.001233    0.000844    0.000457    0.000075   -0.000303   -0.000677
    -0.001045   -0.001407   -0.001764   -0.002114   -0.002456   -0.002791   -0.003119   -0.003438
    -0.003749   -0.004051   -0.004345   -0.004629   -0.004904   -0.005170   -0.005426   -0.005673
    -0.005910   -0.006137   -0.006354   -0.006562   -0.006760   -0.006949   -0.007129   -0.007300
    -0.007461   -0.007615   -0.007760   -0.007897   -0.008027   -0.008150   -0.008266   -0.008375
    -0.008479   -0.008578   -0.008672   -0.008761   -0.008847   -0.008930   -0.009010   -0.009087
    -0.009163   -0.009291   -0.009589   -0.009634   -0.009679   -0.009726   -0.009775   -0.009826
    -0.009880   -0.009937   -0.009998   -0.010062   -0.010130   -0.010200   -0.010273   -0.010348
    -0.010424
  1.000000
     0.068040    0.066786    0.063407    0.058520    0.052738    0.046614    0.040602    0.035032
     0.030116    0.025955    0.022567    0.019908    0.017899    0.016445    0.015442    0.014788
     0.014384    0.014129    0.013925    0.013243    0.012851    0.012506    0.012181    0.011881
     0.011593    0.011319    0.011056    0.010803    0.010553    0.010307    0.010057    0.009806
     0.009550    0.009293    0.009029    0.008761    0.008488    0.008209    0.007924    0.007631
     0.007333    0.007027    0.006714    0.006394    0.006066    0.005731    0.005388    0.005040
     0.004685    0.004324    0.003957    0.003585    0.003209    0.002829    0.002446    0.002061
     0.001674    0.001287    0.000900    0.000515    0.000131   -0.000251   -0.000629   -0.001002
    -0.001371   -0.001734   -0.002091   -0.002440   -0.002783   -0.003117   -0.003443   -0.003759
    -0.004068   -0.004366   -0.004654   -0.004933   -0.005202   -0.005461   -0.005710   -0.005949
    -0.006178   -0.006397   -0.006607   -0.006808   -0.006999   -0.007181   -0.007355   -0.007520
    -0.007678   -0.007827   -0.007969   -0.008103   -0.008231   -0.008353   -0.008468   -0.008577
    -0.008680   -0.008779   -0.008872   -0.008960   -0.009044   -0.009124   -0.009200   -0.009273
    -0.009342   -0.009409   -0.009473   -0.009535   -0.009595   -0.009654   -0.009713   -0.009770
    -0.009826   -0.009814   -0.009589   -0.009634   -0.009679   -0.009726   -0.009775   -0.009826
    -0.009880   -0.009937   -0.009998   -0.010062   -0.010130   -0.010200   -0.010273   -0.010348
    -0.010424
  1.000000  0.000000
     0.195360    0.195360    0.195360    0.195360    0.195360    0.195360    0.195360    0.195360
     0.195360    0.195360    0.195360    0.195360    0.195360    0.195360    0.195360    0.195360
     0.195360    0.195360    0.195360    0.195360    0.195360    0.195360    0.195360    0.195360
     0.195360    0.195360    0.195360    0.195360    0.195360    0.195360    0.195360    0.195360
     0.195360    0.195360    0.195360    0.195360    0.195360    0.195360    0.195360    0.195360
     0.195360    0.195360    0.195360    0.195360    0.195360    0.195360    0.195360    0.195360
     0.195360    0.195360    0.195360    0.195360    0.195360    0.195360    0.195360    0.195360
     0.195360    0.195360    0.195360    0.195360    0.195360    0.195360    0.195360    0.195360
     0.195360    0.195360    0.195360    0.195360    0.195360    0.195360    0.195360    0.195360
     0.195360    0.195360    0.195360    0.195360    0.195360    0.195360    0.195360    0.195360
     0.195360    0.195360    0.195360    0.195360    0.195360    0.195360    0.195360    0.195360
     0.195360    0.195360    0.195360    0.195360    0.195360    0.195360    0.195360    0.195360
     0.195360    0.195360    0.195360    0.195360    0.195360    0.195360    0.195360    0.195360
     0.195360    0.195360    0.195360    0.195360    0.195360    0.195360    0.195360    0.195360
     0.195360    0.195360    0.195360    0.195360    0.195360    0.195360    0.195360    0.195360
     0.195360    0.195360    0.195360    0.195360    0.195360    0.195360    0.195360    0.195360
     0.195360
 ***************************************************************
  ROW NUMBER           5  SECTION NUMBER            3
           0           0           0  IF_DESIGN etc 
   1.00000   0.00000    0
     0.526000    0.530017    0.533946    0.537730    0.541318    0.544664    0.547730    0.550487
     0.552913    0.554998    0.556743    0.558158    0.559262    0.560087    0.560670    0.561057
     0.561299    0.561453    0.561577    0.561701    0.561830    0.561963    0.562101    0.562242
     0.562386    0.562534    0.562685    0.562839    0.562997    0.563158    0.563324    0.563494
     0.563669    0.563850    0.564038    0.564232    0.564433    0.564643    0.564862    0.565089
     0.565328    0.565577    0.565837    0.566109    0.566395    0.566693    0.567005    0.567332
     0.567673    0.568030    0.568402    0.568790    0.569194    0.569615    0.570052    0.570505
     0.570976    0.571462    0.571966    0.572485    0.573021    0.573572    0.574139    0.574721
     0.575317    0.575927    0.576551    0.577186    0.577834    0.578493    0.579162    0.579840
     0.580527    0.581221    0.581921    0.582626    0.583336    0.584048    0.584763    0.585478
     0.586192    0.586905    0.587615    0.588321    0.589023    0.589717    0.590405    0.591084
     0.591753    0.592412    0.593060    0.593696    0.594319    0.594928    0.595524    0.596105
     0.596671    0.597222    0.597758    0.598279    0.598786    0.599278    0.599757    0.600223
     0.600678    0.601122    0.601557    0.601986    0.602410    0.602831    0.603252    0.603676
     0.604107    0.604547    0.604859    0.605171    0.605485    0.605807    0.606142    0.606494
     0.606865    0.607260    0.607677    0.608118    0.608582    0.609066    0.609566    0.610079
     0.610600
  1.000000  0.000000
     0.068040    0.066827    0.063555    0.058811    0.053183    0.047204    0.041312    0.035833
     0.030976    0.026847    0.023468    0.020805    0.018785    0.017316    0.016301    0.015638
     0.015227    0.014969    0.014762    0.014981    0.014963    0.014897    0.014804    0.014694
     0.014571    0.014436    0.014292    0.014138    0.013976    0.013805    0.013625    0.013435
     0.013233    0.013019    0.012792    0.012552    0.012303    0.012045    0.011782    0.011510
     0.011233    0.010943    0.010644    0.010339    0.010025    0.009702    0.009371    0.009032
     0.008685    0.008326    0.007959    0.007585    0.007204    0.006816    0.006423    0.006021
     0.005614    0.005204    0.004789    0.004371    0.003948    0.003524    0.003098    0.002672
     0.002245    0.001818    0.001392    0.000968    0.000546    0.000127   -0.000288   -0.000700
    -0.001107   -0.001509   -0.001906   -0.002297   -0.002681   -0.003058   -0.003428   -0.003790
    -0.004144   -0.004489   -0.004826   -0.005153   -0.005472   -0.005780   -0.006079   -0.006368
    -0.006647   -0.006915   -0.007173   -0.007422   -0.007659   -0.007887   -0.008105   -0.008313
    -0.008511   -0.008700   -0.008880   -0.009051   -0.009214   -0.009369   -0.009516   -0.009657
    -0.009791   -0.009919   -0.010041   -0.010159   -0.010273   -0.010384   -0.010492   -0.010598
    -0.010703   -0.010855   -0.011176   -0.011242   -0.011308   -0.011377   -0.011448   -0.011523
    -0.011602   -0.011687   -0.011776   -0.011871   -0.011972   -0.012076   -0.012184   -0.012295
    -0.012408
  1.000000
     0.068040    0.066827    0.063555    0.058811    0.053183    0.047204    0.041312    0.035833
     0.030976    0.026847    0.023468    0.020805    0.018785    0.017316    0.016301    0.015638
     0.015227    0.014969    0.014762    0.014071    0.013676    0.013328    0.013001    0.012695
     0.012405    0.012127    0.011861    0.011604    0.011350    0.011097    0.010841    0.010583
     0.010321    0.010055    0.009783    0.009508    0.009226    0.008938    0.008643    0.008341
     0.008032    0.007714    0.007389    0.007056    0.006715    0.006366    0.006009    0.005645
     0.005273    0.004894    0.004509    0.004118    0.003721    0.003320    0.002915    0.002507
     0.002097    0.001684    0.001271    0.000859    0.000447    0.000036   -0.000372   -0.000776
    -0.001177   -0.001573   -0.001963   -0.002348   -0.002726   -0.003096   -0.003459   -0.003814
    -0.004161   -0.004498   -0.004827   -0.005146   -0.005455   -0.005756   -0.006046   -0.006327
    -0.006598   -0.006860   -0.007112   -0.007355   -0.007588   -0.007812   -0.008028   -0.008235
    -0.008433   -0.008623   -0.008806   -0.008980   -0.009147   -0.009306   -0.009459   -0.009605
    -0.009745   -0.009878   -0.010005   -0.010127   -0.010244   -0.010356   -0.010463   -0.010566
    -0.010665   -0.010761   -0.010853   -0.010944   -0.011032   -0.011119   -0.011205   -0.011291
    -0.011376   -0.011389   -0.011176   -0.011242   -0.011308   -0.011377   -0.011448   -0.011523
    -0.011602   -0.011687   -0.011776   -0.011871   -0.011972   -0.012076   -0.012184   -0.012295
    -0.012408
  1.000000  0.000000
     0.200720    0.200720    0.200720    0.200720    0.200720    0.200720    0.200720    0.200720
     0.200720    0.200720    0.200720    0.200720    0.200720    0.200720    0.200720    0.200720
     0.200720    0.200720    0.200720    0.200720    0.200720    0.200720    0.200720    0.200720
     0.200720    0.200720    0.200720    0.200720    0.200720    0.200720    0.200720    0.200720
     0.200720    0.200720    0.200720    0.200720    0.200720    0.200720    0.200720    0.200720
     0.200720    0.200720    0.200720    0.200720    0.200720    0.200720    0.200720    0.200720
     0.200720    0.200720    0.200720    0.200720    0.200720    0.200720    0.200720    0.200720
     0.200720    0.200720    0.200720    0.200720    0.200720    0.200720    0.200720    0.200720
     0.200720    0.200720    0.200720    0.200720    0.200720    0.200720    0.200720    0.200720
     0.200720    0.200720    0.200720    0.200720    0.200720    0.200720    0.200720    0.200720
     0.200720    0.200720    0.200720    0.200720    0.200720    0.200720    0.200720    0.200720
     0.200720    0.200720    0.200720    0.200720    0.200720    0.200720    0.200720    0.200720
     0.200720    0.200720    0.200720    0.200720    0.200720    0.200720    0.200720    0.200720
     0.200720    0.200720    0.200720    0.200720    0.200720    0.200720    0.200720    0.200720
     0.200720    0.200720    0.200720    0.200720    0.200720    0.200720    0.200720    0.200720
     0.200720    0.200720    0.200720    0.200720    0.200720    0.200720    0.200720    0.200720
     0.200720
 ***************************************************************
  ROW NUMBER           5  SECTION NUMBER            4
           0           0           0  IF_DESIGN etc 
   1.00000   0.00000    0
     0.526000    0.530026    0.533963    0.537755    0.541350    0.544704    0.547776    0.550538
     0.552969    0.555059    0.556807    0.558224    0.559331    0.560156    0.560740    0.561127
     0.561369    0.561523    0.561646    0.561770    0.561898    0.562032    0.562169    0.562309
     0.562453    0.562600    0.562751    0.562904    0.563061    0.563222    0.563388    0.563557
     0.563732    0.563913    0.564099    0.564293    0.564494    0.564703    0.564921    0.565148
     0.565385    0.565633    0.565893    0.566165    0.566449    0.566746    0.567058    0.567383
     0.567723    0.568079    0.568450    0.568837    0.569240    0.569659    0.570094    0.570547
     0.571015    0.571501    0.572003    0.572520    0.573054    0.573604    0.574169    0.574749
     0.575343    0.575952    0.576573    0.577207    0.577853    0.578509    0.579176    0.579852
     0.580537    0.581228    0.581926    0.582629    0.583337    0.584047    0.584759    0.585472
     0.586184    0.586895    0.587603    0.588307    0.589006    0.589699    0.590384    0.591061
     0.591728    0.592385    0.593031    0.593665    0.594286    0.594893    0.595487    0.596066
     0.596630    0.597180    0.597714    0.598234    0.598739    0.599229    0.599707    0.600171
     0.600625    0.601067    0.601502    0.601929    0.602351    0.602771    0.603191    0.603613
     0.604043    0.604482    0.604793    0.605103    0.605417    0.605739    0.606074    0.606427
     0.606801    0.607199    0.607622    0.608070    0.608541    0.609034    0.609544    0.610068
     0.610600
  1.000000  0.000000
     0.068040    0.066912    0.063855    0.059400    0.054083    0.048396    0.042748    0.037452
     0.032713    0.028646    0.025285    0.022611    0.020566    0.019068    0.018026    0.017344
     0.016921    0.016654    0.016440    0.016654    0.016631    0.016559    0.016459    0.016340
     0.016211    0.016065    0.015913    0.015748    0.015575    0.015391    0.015199    0.014994
     0.014777    0.014544    0.014299    0.014041    0.013775    0.013502    0.013222    0.012935
     0.012636    0.012325    0.012007    0.011679    0.011341    0.010993    0.010635    0.010267
     0.009889    0.009497    0.009096    0.008687    0.008268    0.007840    0.007404    0.006959
     0.006507    0.006047    0.005581    0.005110    0.004633    0.004152    0.003667    0.003179
     0.002689    0.002197    0.001703    0.001210    0.000717    0.000225   -0.000266   -0.000754
    -0.001239   -0.001721   -0.002198   -0.002670   -0.003137   -0.003598   -0.004052   -0.004499
    -0.004939   -0.005370   -0.005792   -0.006205   -0.006609   -0.007003   -0.007386   -0.007759
    -0.008121   -0.008472   -0.008811   -0.009140   -0.009456   -0.009761   -0.010054   -0.010336
    -0.010607   -0.010867   -0.011116   -0.011354   -0.011582   -0.011801   -0.012010   -0.012211
    -0.012404   -0.012591   -0.012770   -0.012945   -0.013114   -0.013281   -0.013444   -0.013606
    -0.013768   -0.013970   -0.014334   -0.014441   -0.014550   -0.014661   -0.014777   -0.014900
    -0.015029   -0.015168   -0.015315   -0.015470   -0.015634   -0.015806   -0.015984   -0.016166
    -0.016352
  1.000000
     0.068040    0.066912    0.063855    0.059400    0.054083    0.048396    0.042748    0.037452
     0.032713    0.028646    0.025285    0.022611    0.020566    0.019068    0.018026    0.017344
     0.016921    0.016654    0.016440    0.015734    0.015332    0.014978    0.014647    0.014330
     0.014035    0.013750    0.013477    0.013212    0.012948    0.012683    0.012414    0.012141
     0.011865    0.011583    0.011297    0.011004    0.010705    0.010399    0.010084    0.009762
     0.009430    0.009091    0.008742    0.008383    0.008015    0.007638    0.007251    0.006855
     0.006449    0.006035    0.005613    0.005183    0.004746    0.004303    0.003853    0.003399
     0.002940    0.002478    0.002012    0.001544    0.001077    0.000608    0.000139   -0.000327
    -0.000792   -0.001254   -0.001712   -0.002166   -0.002615   -0.003058   -0.003495   -0.003926
    -0.004349   -0.004765   -0.005173   -0.005573   -0.005964   -0.006346   -0.006719   -0.007084
    -0.007439   -0.007785   -0.008121   -0.008448   -0.008765   -0.009074   -0.009372   -0.009662
    -0.009942   -0.010213   -0.010475   -0.010728   -0.010972   -0.011208   -0.011435   -0.011654
    -0.011865   -0.012068   -0.012264   -0.012452   -0.012634   -0.012809   -0.012978   -0.013141
    -0.013299   -0.013452   -0.013601   -0.013748   -0.013891   -0.014033   -0.014175   -0.014317
    -0.014458   -0.014523   -0.014334   -0.014441   -0.014550   -0.014661   -0.014777   -0.014900
    -0.015029   -0.015168   -0.015315   -0.015470   -0.015634   -0.015806   -0.015984   -0.016166
    -0.016352
  1.000000  0.000000
     0.211440    0.211440    0.211440    0.211440    0.211440    0.211440    0.211440    0.211440
     0.211440    0.211440    0.211440    0.211440    0.211440    0.211440    0.211440    0.211440
     0.211440    0.211440    0.211440    0.211440    0.211440    0.211440    0.211440    0.211440
     0.211440    0.211440    0.211440    0.211440    0.211440    0.211440    0.211440    0.211440
     0.211440    0.211440    0.211440    0.211440    0.211440    0.211440    0.211440    0.211440
     0.211440    0.211440    0.211440    0.211440    0.211440    0.211440    0.211440    0.211440
     0.211440    0.211440    0.211440    0.211440    0.211440    0.211440    0.211440    0.211440
     0.211440    0.211440    0.211440    0.211440    0.211440    0.211440    0.211440    0.211440
     0.211440    0.211440    0.211440    0.211440    0.211440    0.211440    0.211440    0.211440
     0.211440    0.211440    0.211440    0.211440    0.211440    0.211440    0.211440    0.211440
     0.211440    0.211440    0.211440    0.211440    0.211440    0.211440    0.211440    0.211440
     0.211440    0.211440    0.211440    0.211440    0.211440    0.211440    0.211440    0.211440
     0.211440    0.211440    0.211440    0.211440    0.211440    0.211440    0.211440    0.211440
     0.211440    0.211440    0.211440    0.211440    0.211440    0.211440    0.211440    0.211440
     0.211440    0.211440    0.211440    0.211440    0.211440    0.211440    0.211440    0.211440
     0.211440    0.211440    0.211440    0.211440    0.211440    0.211440    0.211440    0.211440
     0.211440
 ***************************************************************
  ROW NUMBER           5  SECTION NUMBER            5
           0           0           0  IF_DESIGN etc 
   1.00000   0.00000    0
     0.526000    0.530043    0.533997    0.537806    0.541417    0.544784    0.547870    0.550643
     0.553084    0.555182    0.556937    0.558359    0.559470    0.560298    0.560882    0.561270
     0.561511    0.561664    0.561787    0.561909    0.562037    0.562169    0.562305    0.562444
     0.562587    0.562733    0.562882    0.563035    0.563191    0.563350    0.563514    0.563683
     0.563856    0.564035    0.564220    0.564412    0.564612    0.564819    0.565035    0.565260
     0.565496    0.565742    0.565999    0.566269    0.566551    0.566846    0.567155    0.567478
     0.567815    0.568168    0.568536    0.568920    0.569319    0.569735    0.570167    0.570616
     0.571081    0.571562    0.572060    0.572574    0.573104    0.573649    0.574210    0.574785
     0.575374    0.575978    0.576594    0.577223    0.577864    0.578515    0.579176    0.579847
     0.580526    0.581212    0.581905    0.582602    0.583304    0.584008    0.584715    0.585422
     0.586129    0.586834    0.587536    0.588234    0.588928    0.589615    0.590294    0.590966
     0.591628    0.592280    0.592920    0.593549    0.594165    0.594768    0.595357    0.595931
     0.596491    0.597036    0.597566    0.598081    0.598582    0.599069    0.599543    0.600004
     0.600453    0.600893    0.601323    0.601747    0.602166    0.602582    0.602999    0.603418
     0.603844    0.604280    0.604588    0.604896    0.605208    0.605529    0.605866    0.606223
     0.606605    0.607015    0.607454    0.607922    0.608417    0.608937    0.609478    0.610034
     0.610600
  1.000000  0.000000
     0.068040    0.067090    0.064487    0.060637    0.055968    0.050883    0.045733    0.040801
     0.036290    0.032330    0.028987    0.026272    0.024157    0.022586    0.021480    0.020751
     0.020297    0.020010    0.019781    0.019976    0.019936    0.019846    0.019727    0.019586
     0.019436    0.019265    0.019089    0.018900    0.018702    0.018488    0.018262    0.018017
     0.017763    0.017492    0.017212    0.016921    0.016625    0.016318    0.016002    0.015677
     0.015337    0.014984    0.014624    0.014250    0.013862    0.013462    0.013048    0.012623
     0.012182    0.011725    0.011256    0.010775    0.010280    0.009772    0.009251    0.008719
     0.008175    0.007620    0.007054    0.006479    0.005895    0.005302    0.004701    0.004093
     0.003479    0.002860    0.002236    0.001608    0.000977    0.000345   -0.000289   -0.000924
    -0.001558   -0.002191   -0.002822   -0.003449   -0.004073   -0.004692   -0.005306   -0.005913
    -0.006513   -0.007105   -0.007689   -0.008263   -0.008826   -0.009379   -0.009920   -0.010449
    -0.010966   -0.011469   -0.011959   -0.012435   -0.012897   -0.013344   -0.013777   -0.014195
    -0.014599   -0.014988   -0.015363   -0.015725   -0.016073   -0.016408   -0.016731   -0.017043
    -0.017344   -0.017636   -0.017920   -0.018196   -0.018467   -0.018734   -0.018999   -0.019263
    -0.019528   -0.019819   -0.020253   -0.020436   -0.020620   -0.020811   -0.021010   -0.021222
    -0.021448   -0.021689   -0.021948   -0.022224   -0.022516   -0.022822   -0.023140   -0.023467
    -0.023800
  1.000000
     0.068040    0.067090    0.064487    0.060637    0.055968    0.050883    0.045733    0.040801
     0.036290    0.032330    0.028987    0.026272    0.024157    0.022586    0.021480    0.020751
     0.020297    0.020010    0.019781    0.019061    0.018647    0.018281    0.017938    0.017605
     0.017301    0.017004    0.016716    0.016430    0.016143    0.015850    0.015555    0.015252
     0.014948    0.014633    0.014316    0.013987    0.013653    0.013308    0.012954    0.012591
     0.012215    0.011829    0.011431    0.011020    0.010598    0.010164    0.009718    0.009256
     0.008783    0.008299    0.007803    0.007296    0.006777    0.006249    0.005711    0.005165
     0.004609    0.004047    0.003478    0.002902    0.002323    0.001739    0.001152    0.000563
    -0.000027   -0.000618   -0.001209   -0.001798   -0.002385   -0.002970   -0.003551   -0.004128
    -0.004701   -0.005267   -0.005828   -0.006382   -0.006930   -0.007469   -0.008001   -0.008524
    -0.009039   -0.009544   -0.010040   -0.010526   -0.011002   -0.011467   -0.011922   -0.012367
    -0.012800   -0.013223   -0.013634   -0.014034   -0.014422   -0.014800   -0.015165   -0.015520
    -0.015863   -0.016196   -0.016517   -0.016829   -0.017130   -0.017421   -0.017703   -0.017977
    -0.018243   -0.018502   -0.018756   -0.019005   -0.019250   -0.019493   -0.019736   -0.019980
    -0.020226   -0.020394   -0.020253   -0.020436   -0.020620   -0.020811   -0.021010   -0.021222
    -0.021448   -0.021689   -0.021948   -0.022224   -0.022516   -0.022822   -0.023140   -0.023467
    -0.023800
  1.000000  0.000000
     0.232880    0.232880    0.232880    0.232880    0.232880    0.232880    0.232880    0.232880
     0.232880    0.232880    0.232880    0.232880    0.232880    0.232880    0.232880    0.232880
     0.232880    0.232880    0.232880    0.232880    0.232880    0.232880    0.232880    0.232880
     0.232880    0.232880    0.232880    0.232880    0.232880    0.232880    0.232880    0.232880
     0.232880    0.232880    0.232880    0.232880    0.232880    0.232880    0.232880    0.232880
     0.232880    0.232880    0.232880    0.232880    0.232880    0.232880    0.232880    0.232880
     0.232880    0.232880    0.232880    0.232880    0.232880    0.232880    0.232880    0.232880
     0.232880    0.232880    0.232880    0.232880    0.232880    0.232880    0.232880    0.232880
     0.232880    0.232880    0.232880    0.232880    0.232880    0.232880    0.232880    0.232880
     0.232880    0.232880    0.232880    0.232880    0.232880    0.232880    0.232880    0.232880
     0.232880    0.232880    0.232880    0.232880    0.232880    0.232880    0.232880    0.232880
     0.232880    0.232880    0.232880    0.232880    0.232880    0.232880    0.232880    0.232880
     0.232880    0.232880    0.232880    0.232880    0.232880    0.232880    0.232880    0.232880
     0.232880    0.232880    0.232880    0.232880    0.232880    0.232880    0.232880    0.232880
     0.232880    0.232880    0.232880    0.232880    0.232880    0.232880    0.232880    0.232880
     0.232880    0.232880    0.232880    0.232880    0.232880    0.232880    0.232880    0.232880
     0.232880
 ***************************************************************
  ROW NUMBER           5  SECTION NUMBER            6
           0           0           0  IF_DESIGN etc 
   1.00000   0.00000    0
     0.526000    0.530052    0.534015    0.537832    0.541451    0.544826    0.547918    0.550697
     0.553143    0.555246    0.557004    0.558429    0.559541    0.560370    0.560955    0.561342
     0.561583    0.561735    0.561857    0.561979    0.562106    0.562238    0.562373    0.562511
     0.562653    0.562799    0.562947    0.563098    0.563253    0.563412    0.563575    0.563742
     0.563915    0.564093    0.564277    0.564468    0.564666    0.564872    0.565087    0.565311
     0.565545    0.565790    0.566046    0.566314    0.566594    0.566888    0.567195    0.567516
     0.567851    0.568202    0.568568    0.568949    0.569347    0.569760    0.570190    0.570636
     0.571098    0.571577    0.572072    0.572583    0.573110    0.573652    0.574209    0.574781
     0.575367    0.575967    0.576580    0.577205    0.577842    0.578490    0.579147    0.579814
     0.580489    0.581172    0.581860    0.582554    0.583251    0.583952    0.584654    0.585357
     0.586060    0.586761    0.587459    0.588153    0.588843    0.589526    0.590202    0.590869
     0.591528    0.592176    0.592813    0.593438    0.594050    0.594649    0.595235    0.595806
     0.596363    0.596905    0.597432    0.597944    0.598442    0.598926    0.599397    0.599855
     0.600302    0.600739    0.601167    0.601589    0.602005    0.602419    0.602833    0.603250
     0.603674    0.604107    0.604413    0.604720    0.605030    0.605351    0.605689    0.606051
     0.606440    0.606860    0.607312    0.607797    0.608312    0.608856    0.609422    0.610006
     0.610600
  1.000000  0.000000
     0.068040    0.067179    0.064799    0.061248    0.056898    0.052107    0.047198    0.042440
     0.038035    0.034122    0.030780    0.028039    0.025885    0.024273    0.023134    0.022380
     0.021909    0.021613    0.021376    0.021560    0.021509    0.021410    0.021280    0.021130
     0.020967    0.020784    0.020594    0.020392    0.020177    0.019946    0.019699    0.019435
     0.019160    0.018873    0.018577    0.018273    0.017962    0.017639    0.017304    0.016959
     0.016601    0.016230    0.015848    0.015451    0.015040    0.014615    0.014174    0.013720
     0.013249    0.012762    0.012261    0.011745    0.011214    0.010668    0.010108    0.009534
     0.008947    0.008346    0.007733    0.007109    0.006475    0.005829    0.005174    0.004510
     0.003838    0.003160    0.002475    0.001785    0.001091    0.000393   -0.000308   -0.001010
    -0.001712   -0.002415   -0.003116   -0.003814   -0.004510   -0.005201   -0.005888   -0.006568
    -0.007241   -0.007906   -0.008562   -0.009208   -0.009844   -0.010468   -0.011080   -0.011680
    -0.012266   -0.012837   -0.013394   -0.013936   -0.014463   -0.014974   -0.015469   -0.015947
    -0.016410   -0.016857   -0.017289   -0.017705   -0.018106   -0.018493   -0.018866   -0.019227
    -0.019576   -0.019915   -0.020244   -0.020566   -0.020882   -0.021193   -0.021502   -0.021811
    -0.022122   -0.022452   -0.022915   -0.023131   -0.023350   -0.023576   -0.023814   -0.024069
    -0.024342   -0.024637   -0.024955   -0.025295   -0.025657   -0.026038   -0.026435   -0.026844
    -0.027261
  1.000000
     0.068040    0.067179    0.064799    0.061248    0.056898    0.052107    0.047198    0.042440
     0.038035    0.034122    0.030780    0.028039    0.025885    0.024273    0.023134    0.022380
     0.021909    0.021613    0.021376    0.020656    0.020237    0.019865    0.019517    0.019181
     0.018873    0.018573    0.018277    0.017980    0.017681    0.017375    0.017068    0.016752
     0.016434    0.016105    0.015772    0.015428    0.015077    0.014714    0.014343    0.013959
     0.013563    0.013156    0.012735    0.012301    0.011853    0.011393    0.010919    0.010426
     0.009923    0.009406    0.008875    0.008331    0.007775    0.007207    0.006628    0.006037
     0.005437    0.004827    0.004209    0.003584    0.002951    0.002314    0.001671    0.001024
     0.000375   -0.000277   -0.000930   -0.001583   -0.002235   -0.002886   -0.003535   -0.004181
    -0.004822   -0.005460   -0.006092   -0.006718   -0.007338   -0.007951   -0.008556   -0.009153
    -0.009741   -0.010320   -0.010889   -0.011448   -0.011997   -0.012535   -0.013061   -0.013577
    -0.014080   -0.014572   -0.015051   -0.015517   -0.015971   -0.016413   -0.016841   -0.017257
    -0.017660   -0.018051   -0.018429   -0.018796   -0.019150   -0.019494   -0.019827   -0.020150
    -0.020465   -0.020772   -0.021071   -0.021366   -0.021656   -0.021945   -0.022233   -0.022522
    -0.022815   -0.023033   -0.022915   -0.023131   -0.023350   -0.023576   -0.023814   -0.024069
    -0.024342   -0.024637   -0.024955   -0.025295   -0.025657   -0.026038   -0.026435   -0.026844
    -0.027261
  1.000000  0.000000
     0.243600    0.243600    0.243600    0.243600    0.243600    0.243600    0.243600    0.243600
     0.243600    0.243600    0.243600    0.243600    0.243600    0.243600    0.243600    0.243600
     0.243600    0.243600    0.243600    0.243600    0.243600    0.243600    0.243600    0.243600
     0.243600    0.243600    0.243600    0.243600    0.243600    0.243600    0.243600    0.243600
     0.243600    0.243600    0.243600    0.243600    0.243600    0.243600    0.243600    0.243600
     0.243600    0.243600    0.243600    0.243600    0.243600    0.243600    0.243600    0.243600
     0.243600    0.243600    0.243600    0.243600    0.243600    0.243600    0.243600    0.243600
     0.243600    0.243600    0.243600    0.243600    0.243600    0.243600    0.243600    0.243600
     0.243600    0.243600    0.243600    0.243600    0.243600    0.243600    0.243600    0.243600
     0.243600    0.243600    0.243600    0.243600    0.243600    0.243600    0.243600    0.243600
     0.243600    0.243600    0.243600    0.243600    0.243600    0.243600    0.243600    0.243600
     0.243600    0.243600    0.243600    0.243600    0.243600    0.243600    0.243600    0.243600
     0.243600    0.243600    0.243600    0.243600    0.243600    0.243600    0.243600    0.243600
     0.243600    0.243600    0.243600    0.243600    0.243600    0.243600    0.243600    0.243600
     0.243600    0.243600    0.243600    0.243600    0.243600    0.243600    0.243600    0.243600
     0.243600    0.243600    0.243600    0.243600    0.243600    0.243600    0.243600    0.243600
     0.243600
 ***************************************************************
  ROW NUMBER           5  SECTION NUMBER            7
           0           0           0  IF_DESIGN etc 
   1.00000   0.00000    0
     0.526000    0.530061    0.534033    0.537859    0.541486    0.544868    0.547967    0.550752
     0.553203    0.555310    0.557071    0.558498    0.559612    0.560442    0.561028    0.561415
     0.561656    0.561807    0.561928    0.562049    0.562175    0.562305    0.562440    0.562577
     0.562718    0.562862    0.563010    0.563160    0.563314    0.563472    0.563633    0.563800
     0.563971    0.564148    0.564330    0.564520    0.564717    0.564922    0.565135    0.565357
     0.565590    0.565833    0.566087    0.566353    0.566632    0.566923    0.567228    0.567547
     0.567880    0.568228    0.568591    0.568970    0.569365    0.569775    0.570202    0.570645
     0.571104    0.571579    0.572071    0.572578    0.573101    0.573639    0.574193    0.574761
     0.575343    0.575938    0.576547    0.577168    0.577800    0.578443    0.579097    0.579759
     0.580429    0.581106    0.581790    0.582479    0.583171    0.583867    0.584565    0.585263
     0.585960    0.586656    0.587350    0.588039    0.588724    0.589402    0.590073    0.590736
     0.591390    0.592033    0.592666    0.593287    0.593895    0.594490    0.595071    0.595638
     0.596191    0.596729    0.597252    0.597761    0.598256    0.598736    0.599204    0.599659
     0.600103    0.600537    0.600962    0.601380    0.601794    0.602205    0.602616    0.603030
     0.603450    0.603881    0.604185    0.604489    0.604798    0.605119    0.605459    0.605826
     0.606224    0.606657    0.607127    0.607634    0.608176    0.608750    0.609349    0.609968
     0.610600
  1.000000  0.000000
     0.068040    0.067262    0.065093    0.061823    0.057771    0.053257    0.048575    0.043979
     0.039673    0.035804    0.032464    0.029699    0.027508    0.025858    0.024687    0.023910
     0.023425    0.023120    0.022876    0.023050    0.022990    0.022882    0.022743    0.022585
     0.022411    0.022218    0.022014    0.021798    0.021564    0.021316    0.021049    0.020767
     0.020474    0.020173    0.019864    0.019547    0.019222    0.018885    0.018533    0.018170
     0.017795    0.017407    0.017004    0.016586    0.016154    0.015705    0.015239    0.014759
     0.014261    0.013746    0.013214    0.012666    0.012101    0.011520    0.010923    0.010311
     0.009683    0.009040    0.008383    0.007714    0.007032    0.006337    0.005632    0.004916
     0.004190    0.003457    0.002715    0.001967    0.001213    0.000455   -0.000308   -0.001072
    -0.001839   -0.002606   -0.003373   -0.004138   -0.004900   -0.005658   -0.006412   -0.007160
    -0.007900   -0.008633   -0.009357   -0.010070   -0.010773   -0.011464   -0.012142   -0.012806
    -0.013457   -0.014092   -0.014711   -0.015314   -0.015901   -0.016471   -0.017023   -0.017558
    -0.018076   -0.018577   -0.019060   -0.019527   -0.019977   -0.020412   -0.020832   -0.021239
    -0.021632   -0.022014   -0.022386   -0.022750   -0.023107   -0.023460   -0.023810   -0.024161
    -0.024514   -0.024882   -0.025373   -0.025620   -0.025870   -0.026130   -0.026407   -0.026704
    -0.027027   -0.027379   -0.027760   -0.028171   -0.028610   -0.029075   -0.029561   -0.030063
    -0.030575
  1.000000
     0.068040    0.067262    0.065093    0.061823    0.057771    0.053257    0.048575    0.043979
     0.039673    0.035804    0.032464    0.029699    0.027508    0.025858    0.024687    0.023910
     0.023425    0.023120    0.022876    0.022158    0.021737    0.021360    0.021009    0.020673
     0.020364    0.020060    0.019758    0.019451    0.019142    0.018825    0.018507    0.018180
     0.017849    0.017509    0.017162    0.016805    0.016440    0.016061    0.015674    0.015273
     0.014860    0.014434    0.013992    0.013536    0.013067    0.012583    0.012084    0.011563
     0.011032    0.010485    0.009923    0.009347    0.008756    0.008151    0.007533    0.006903
     0.006260    0.005608    0.004945    0.004272    0.003591    0.002903    0.002208    0.001508
     0.000803    0.000094   -0.000617   -0.001330   -0.002044   -0.002757   -0.003469   -0.004179
    -0.004887   -0.005591   -0.006290   -0.006985   -0.007673   -0.008355   -0.009029   -0.009696
    -0.010354   -0.011002   -0.011641   -0.012269   -0.012886   -0.013493   -0.014087   -0.014669
    -0.015238   -0.015795   -0.016338   -0.016867   -0.017383   -0.017885   -0.018372   -0.018846
    -0.019305   -0.019750   -0.020182   -0.020600   -0.021005   -0.021397   -0.021778   -0.022148
    -0.022508   -0.022859   -0.023202   -0.023539   -0.023872   -0.024202   -0.024532   -0.024864
    -0.025200   -0.025468   -0.025373   -0.025620   -0.025870   -0.026130   -0.026407   -0.026704
    -0.027027   -0.027379   -0.027760   -0.028171   -0.028610   -0.029075   -0.029561   -0.030063
    -0.030575
  1.000000  0.000000
     0.254320    0.254320    0.254320    0.254320    0.254320    0.254320    0.254320    0.254320
     0.254320    0.254320    0.254320    0.254320    0.254320    0.254320    0.254320    0.254320
     0.254320    0.254320    0.254320    0.254320    0.254320    0.254320    0.254320    0.254320
     0.254320    0.254320    0.254320    0.254320    0.254320    0.254320    0.254320    0.254320
     0.254320    0.254320    0.254320    0.254320    0.254320    0.254320    0.254320    0.254320
     0.254320    0.254320    0.254320    0.254320    0.254320    0.254320    0.254320    0.254320
     0.254320    0.254320    0.254320    0.254320    0.254320    0.254320    0.254320    0.254320
     0.254320    0.254320    0.254320    0.254320    0.254320    0.254320    0.254320    0.254320
     0.254320    0.254320    0.254320    0.254320    0.254320    0.254320    0.254320    0.254320
     0.254320    0.254320    0.254320    0.254320    0.254320    0.254320    0.254320    0.254320
     0.254320    0.254320    0.254320    0.254320    0.254320    0.254320    0.254320    0.254320
     0.254320    0.254320    0.254320    0.254320    0.254320    0.254320    0.254320    0.254320
     0.254320    0.254320    0.254320    0.254320    0.254320    0.254320    0.254320    0.254320
     0.254320    0.254320    0.254320    0.254320    0.254320    0.254320    0.254320    0.254320
     0.254320    0.254320    0.254320    0.254320    0.254320    0.254320    0.254320    0.254320
     0.254320    0.254320    0.254320    0.254320    0.254320    0.254320    0.254320    0.254320
     0.254320
 ***************************************************************
  ROW NUMBER           5  SECTION NUMBER            8
           0           0           0  IF_DESIGN etc 
   1.00000   0.00000    0
     0.526000    0.530080    0.534070    0.537912    0.541556    0.544953    0.548066    0.550863
     0.553324    0.555438    0.557207    0.558639    0.559756    0.560587    0.561173    0.561560
     0.561799    0.561949    0.562068    0.562187    0.562311    0.562439    0.562571    0.562707
     0.562845    0.562987    0.563132    0.563280    0.563432    0.563587    0.563746    0.563909
     0.564078    0.564252    0.564432    0.564618    0.564812    0.565013    0.565223    0.565442
     0.565671    0.565910    0.566160    0.566422    0.566696    0.566982    0.567282    0.567596
     0.567924    0.568266    0.568624    0.568996    0.569385    0.569789    0.570208    0.570644
     0.571096    0.571564    0.572047    0.572546    0.573061    0.573590    0.574135    0.574694
     0.575266    0.575852    0.576451    0.577062    0.577684    0.578317    0.578960    0.579611
     0.580270    0.580937    0.581610    0.582287    0.582969    0.583653    0.584339    0.585026
     0.585713    0.586397    0.587080    0.587758    0.588431    0.589099    0.589759    0.590411
     0.591054    0.591687    0.592310    0.592921    0.593519    0.594104    0.594676    0.595234
     0.595778    0.596307    0.596822    0.597323    0.597810    0.598283    0.598742    0.599190
     0.599627    0.600054    0.600472    0.600884    0.601290    0.601695    0.602099    0.602507
     0.602921    0.603344    0.603643    0.603943    0.604247    0.604568    0.604914    0.605293
     0.605713    0.606178    0.606690    0.607250    0.607854    0.608499    0.609177    0.609881
     0.610600
  1.000000  0.000000
     0.068040    0.067406    0.065604    0.062823    0.059294    0.055264    0.050981    0.046676
     0.042550    0.038763    0.035434    0.032632    0.030383    0.028674    0.027452    0.026638
     0.026131    0.025813    0.025559    0.025714    0.025640    0.025516    0.025363    0.025190
     0.024999    0.024789    0.024560    0.024309    0.024038    0.023757    0.023459    0.023152
     0.022835    0.022515    0.022185    0.021845    0.021494    0.021131    0.020752    0.020361
     0.019956    0.019538    0.019100    0.018647    0.018177    0.017688    0.017180    0.016653
     0.016108    0.015544    0.014959    0.014355    0.013731    0.013088    0.012426    0.011746
     0.011046    0.010329    0.009595    0.008845    0.008079    0.007297    0.006502    0.005693
     0.004871    0.004039    0.003196    0.002344    0.001483    0.000616   -0.000257   -0.001135
    -0.002017   -0.002900   -0.003784   -0.004669   -0.005551   -0.006431   -0.007306   -0.008176
    -0.009040   -0.009895   -0.010741   -0.011577   -0.012401   -0.013212   -0.014010   -0.014793
    -0.015560   -0.016310   -0.017044   -0.017759   -0.018455   -0.019133   -0.019791   -0.020429
    -0.021047   -0.021646   -0.022225   -0.022785   -0.023326   -0.023849   -0.024355   -0.024846
    -0.025321   -0.025784   -0.026234   -0.026676   -0.027110   -0.027539   -0.027967   -0.028395
    -0.028827   -0.029269   -0.029812   -0.030116   -0.030426   -0.030752   -0.031104   -0.031491
    -0.031918   -0.032392   -0.032913   -0.033483   -0.034099   -0.034756   -0.035448   -0.036165
    -0.036899
  1.000000
     0.068040    0.067406    0.065604    0.062823    0.059294    0.055264    0.050981    0.046676
     0.042550    0.038763    0.035434    0.032632    0.030383    0.028674    0.027452    0.026638
     0.026131    0.025813    0.025559    0.024853    0.024431    0.024055    0.023704    0.023377
     0.023068    0.022757    0.022444    0.022124    0.021800    0.021471    0.021136    0.020794
     0.020445    0.020088    0.019721    0.019344    0.018956    0.018556    0.018144    0.017717
     0.017276    0.016820    0.016347    0.015857    0.015351    0.014830    0.014290    0.013725
     0.013147    0.012551    0.011937    0.011305    0.010656    0.009989    0.009306    0.008607
     0.007893    0.007164    0.006423    0.005668    0.004900    0.004123    0.003336    0.002539
     0.001735    0.000924    0.000107   -0.000713   -0.001539   -0.002365   -0.003194   -0.004022
    -0.004851   -0.005677   -0.006500   -0.007321   -0.008135   -0.008945   -0.009748   -0.010543
    -0.011331   -0.012109   -0.012877   -0.013634   -0.014380   -0.015114   -0.015834   -0.016541
    -0.017234   -0.017912   -0.018575   -0.019222   -0.019853   -0.020467   -0.021065   -0.021646
    -0.022211   -0.022758   -0.023289   -0.023804   -0.024303   -0.024787   -0.025257   -0.025714
    -0.026158   -0.026591   -0.027015   -0.027432   -0.027844   -0.028252   -0.028660   -0.029071
    -0.029487   -0.029855   -0.029812   -0.030116   -0.030426   -0.030752   -0.031104   -0.031491
    -0.031918   -0.032392   -0.032913   -0.033483   -0.034099   -0.034756   -0.035448   -0.036165
    -0.036899
  1.000000  0.000000
     0.275760    0.275760    0.275760    0.275760    0.275760    0.275760    0.275760    0.275760
     0.275760    0.275760    0.275760    0.275760    0.275760    0.275760    0.275760    0.275760
     0.275760    0.275760    0.275760    0.275760    0.275760    0.275760    0.275760    0.275760
     0.275760    0.275760    0.275760    0.275760    0.275760    0.275760    0.275760    0.275760
     0.275760    0.275760    0.275760    0.275760    0.275760    0.275760    0.275760    0.275760
     0.275760    0.275760    0.275760    0.275760    0.275760    0.275760    0.275760    0.275760
     0.275760    0.275760    0.275760    0.275760    0.275760    0.275760    0.275760    0.275760
     0.275760    0.275760    0.275760    0.275760    0.275760    0.275760    0.275760    0.275760
     0.275760    0.275760    0.275760    0.275760    0.275760    0.275760    0.275760    0.275760
     0.275760    0.275760    0.275760    0.275760    0.275760    0.275760    0.275760    0.275760
     0.275760    0.275760    0.275760    0.275760    0.275760    0.275760    0.275760    0.275760
     0.275760    0.275760    0.275760    0.275760    0.275760    0.275760    0.275760    0.275760
     0.275760    0.275760    0.275760    0.275760    0.275760    0.275760    0.275760    0.275760
     0.275760    0.275760    0.275760    0.275760    0.275760    0.275760    0.275760    0.275760
     0.275760    0.275760    0.275760    0.275760    0.275760    0.275760    0.275760    0.275760
     0.275760    0.275760    0.275760    0.275760    0.275760    0.275760    0.275760    0.275760
     0.275760
 ***************************************************************
  ROW NUMBER           5  SECTION NUMBER            9
           0           0           0  IF_DESIGN etc 
   1.00000   0.00000    0
     0.526000    0.530089    0.534088    0.537939    0.541591    0.544995    0.548114    0.550918
     0.553384    0.555503    0.557274    0.558708    0.559827    0.560660    0.561246    0.561632
     0.561871    0.562020    0.562138    0.562256    0.562379    0.562506    0.562637    0.562772
     0.562910    0.563050    0.563194    0.563341    0.563491    0.563645    0.563803    0.563965
     0.564133    0.564305    0.564484    0.564669    0.564861    0.565061    0.565269    0.565486
     0.565713    0.565950    0.566199    0.566458    0.566730    0.567015    0.567312    0.567624
     0.567949    0.568289    0.568644    0.569013    0.569399    0.569800    0.570216    0.570649
     0.571097    0.571561    0.572041    0.572536    0.573047    0.573572    0.574112    0.574667
     0.575235    0.575817    0.576411    0.577017    0.577635    0.578262    0.578900    0.579547
     0.580201    0.580862    0.581530    0.582202    0.582878    0.583558    0.584239    0.584920
     0.585601    0.586281    0.586958    0.587631    0.588299    0.588962    0.589617    0.590264
     0.590902    0.591531    0.592148    0.592754    0.593348    0.593929    0.594496    0.595050
     0.595590    0.596115    0.596626    0.597123    0.597606    0.598075    0.598531    0.598976
     0.599409    0.599833    0.600248    0.600656    0.601060    0.601461    0.601863    0.602267
     0.602677    0.603097    0.603395    0.603692    0.603995    0.604315    0.604663    0.605049
     0.605479    0.605958    0.606489    0.607073    0.607706    0.608383    0.609098    0.609840
     0.610600
  1.000000  0.000000
     0.068040    0.067470    0.065830    0.063267    0.059971    0.056157    0.052053    0.047879
     0.043835    0.040088    0.036766    0.033950    0.031679    0.029944    0.028701    0.027873
     0.027356    0.027034    0.026776    0.026918    0.026836    0.026703    0.026542    0.026358
     0.026156    0.025935    0.025692    0.025424    0.025137    0.024841    0.024533    0.024218
     0.023894    0.023566    0.023227    0.022876    0.022512    0.022138    0.021748    0.021345
     0.020927    0.020494    0.020042    0.019572    0.019086    0.018579    0.018052    0.017505
     0.016939    0.016352    0.015743    0.015114    0.014464    0.013793    0.013102    0.012390
     0.011659    0.010908    0.010139    0.009352    0.008548    0.007727    0.006890    0.006039
     0.005174    0.004296    0.003407    0.002507    0.001597    0.000680   -0.000244   -0.001174
    -0.002108   -0.003045   -0.003984   -0.004923   -0.005861   -0.006797   -0.007729   -0.008656
    -0.009576   -0.010488   -0.011391   -0.012283   -0.013163   -0.014031   -0.014884   -0.015722
    -0.016544   -0.017349   -0.018135   -0.018902   -0.019650   -0.020378   -0.021086   -0.021772
    -0.022438   -0.023083   -0.023707   -0.024311   -0.024895   -0.025460   -0.026007   -0.026537
    -0.027052   -0.027552   -0.028040   -0.028519   -0.028990   -0.029455   -0.029919   -0.030384
    -0.030854   -0.031333   -0.031895   -0.032227   -0.032566   -0.032924   -0.033314   -0.033745
    -0.034225   -0.034761   -0.035356   -0.036009   -0.036717   -0.037475   -0.038274   -0.039105
    -0.039955
  1.000000
     0.068040    0.067470    0.065830    0.063267    0.059971    0.056157    0.052053    0.047879
     0.043835    0.040088    0.036766    0.033950    0.031679    0.029944    0.028701    0.027873
     0.027356    0.027034    0.026776    0.026083    0.025665    0.025294    0.024949    0.024626
     0.024317    0.024002    0.023685    0.023361    0.023031    0.022697    0.022356    0.022009
     0.021653    0.021289    0.020914    0.020530    0.020133    0.019725    0.019302    0.018866
     0.018413    0.017944    0.017459    0.016955    0.016433    0.015897    0.015339    0.014756
     0.014158    0.013541    0.012904    0.012248    0.011573    0.010880    0.010168    0.009439
     0.008693    0.007931    0.007154    0.006362    0.005555    0.004738    0.003908    0.003067
     0.002218    0.001360    0.000495   -0.000376   -0.001253   -0.002132   -0.003015   -0.003899
    -0.004784   -0.005668   -0.006550   -0.007429   -0.008304   -0.009174   -0.010038   -0.010894
    -0.011743   -0.012583   -0.013413   -0.014231   -0.015038   -0.015833   -0.016614   -0.017381
    -0.018132   -0.018869   -0.019589   -0.020292   -0.020978   -0.021647   -0.022298   -0.022930
    -0.023545   -0.024142   -0.024721   -0.025282   -0.025827   -0.026355   -0.026867   -0.027365
    -0.027850   -0.028323   -0.028786   -0.029241   -0.029690   -0.030136   -0.030581   -0.031030
    -0.031484   -0.031902   -0.031895   -0.032227   -0.032566   -0.032924   -0.033314   -0.033745
    -0.034225   -0.034761   -0.035356   -0.036009   -0.036717   -0.037475   -0.038274   -0.039105
    -0.039955
  1.000000  0.000000
     0.286480    0.286480    0.286480    0.286480    0.286480    0.286480    0.286480    0.286480
     0.286480    0.286480    0.286480    0.286480    0.286480    0.286480    0.286480    0.286480
     0.286480    0.286480    0.286480    0.286480    0.286480    0.286480    0.286480    0.286480
     0.286480    0.286480    0.286480    0.286480    0.286480    0.286480    0.286480    0.286480
     0.286480    0.286480    0.286480    0.286480    0.286480    0.286480    0.286480    0.286480
     0.286480    0.286480    0.286480    0.286480    0.286480    0.286480    0.286480    0.286480
     0.286480    0.286480    0.286480    0.286480    0.286480    0.286480    0.286480    0.286480
     0.286480    0.286480    0.286480    0.286480    0.286480    0.286480    0.286480    0.286480
     0.286480    0.286480    0.286480    0.286480    0.286480    0.286480    0.286480    0.286480
     0.286480    0.286480    0.286480    0.286480    0.286480    0.286480    0.286480    0.286480
     0.286480    0.286480    0.286480    0.286480    0.286480    0.286480    0.286480    0.286480
     0.286480    0.286480    0.286480    0.286480    0.286480    0.286480    0.286480    0.286480
     0.286480    0.286480    0.286480    0.286480    0.286480    0.286480    0.286480    0.286480
     0.286480    0.286480    0.286480    0.286480    0.286480    0.286480    0.286480    0.286480
     0.286480    0.286480    0.286480    0.286480    0.286480    0.286480    0.286480    0.286480
     0.286480    0.286480    0.286480    0.286480    0.286480    0.286480    0.286480    0.286480
     0.286480
 ***************************************************************
  ROW NUMBER           5  SECTION NUMBER            10
           0           0           0  IF_DESIGN etc 
   1.00000   0.00000    0
     0.526000    0.530094    0.534097    0.537952    0.541608    0.545016    0.548139    0.550945
     0.553414    0.555534    0.557308    0.558743    0.559863    0.560696    0.561282    0.561669
     0.561907    0.562055    0.562173    0.562291    0.562414    0.562540    0.562671    0.562805
     0.562942    0.563082    0.563226    0.563372    0.563522    0.563675    0.563833    0.563994
     0.564161    0.564333    0.564511    0.564695    0.564887    0.565086    0.565294    0.565510
     0.565736    0.565973    0.566220    0.566479    0.566750    0.567033    0.567330    0.567640
     0.567965    0.568303    0.568657    0.569025    0.569409    0.569809    0.570224    0.570655
     0.571102    0.571564    0.572042    0.572536    0.573045    0.573569    0.574107    0.574660
     0.575226    0.575806    0.576398    0.577002    0.577618    0.578243    0.578879    0.579523
     0.580175    0.580834    0.581500    0.582170    0.582844    0.583521    0.584199    0.584879
     0.585558    0.586235    0.586910    0.587580    0.588246    0.588906    0.589559    0.590204
     0.590840    0.591467    0.592082    0.592686    0.593278    0.593857    0.594422    0.594974
     0.595512    0.596036    0.596545    0.597040    0.597521    0.597989    0.598444    0.598887
     0.599319    0.599741    0.600154    0.600561    0.600964    0.601364    0.601764    0.602167
     0.602576    0.602995    0.603291    0.603587    0.603889    0.604209    0.604559    0.604946
     0.605380    0.605866    0.606405    0.606999    0.607644    0.608335    0.609065    0.609823
     0.610600
  1.000000  0.000000
     0.068040    0.067502    0.065942    0.063485    0.060302    0.056594    0.052578    0.048467
     0.044463    0.040735    0.037416    0.034594    0.032311    0.030564    0.029311    0.028474
     0.027954    0.027628    0.027369    0.027502    0.027415    0.027277    0.027109    0.026919
     0.026709    0.026480    0.026229    0.025954    0.025660    0.025357    0.025045    0.024727
     0.024399    0.024066    0.023723    0.023366    0.022997    0.022617    0.022221    0.021813
     0.021388    0.020947    0.020489    0.020011    0.019516    0.019000    0.018464    0.017907
     0.017331    0.016732    0.016112    0.015471    0.014808    0.014123    0.013417    0.012691
     0.011944    0.011177    0.010390    0.009585    0.008762    0.007922    0.007065    0.006193
     0.005306    0.004407    0.003495    0.002572    0.001638    0.000697   -0.000253   -0.001208
    -0.002168   -0.003131   -0.004097   -0.005063   -0.006028   -0.006991   -0.007950   -0.008904
    -0.009852   -0.010792   -0.011722   -0.012643   -0.013551   -0.014446   -0.015326   -0.016191
    -0.017040   -0.017870   -0.018683   -0.019476   -0.020249   -0.021002   -0.021733   -0.022443
    -0.023133   -0.023800   -0.024446   -0.025072   -0.025677   -0.026262   -0.026829   -0.027379
    -0.027912   -0.028431   -0.028938   -0.029435   -0.029923   -0.030407   -0.030889   -0.031372
    -0.031861   -0.032358   -0.032926   -0.033272   -0.033625   -0.033999   -0.034407   -0.034860
    -0.035366   -0.035933   -0.036563   -0.037256   -0.038009   -0.038817   -0.039669   -0.040555
    -0.041462
  1.000000
     0.068040    0.067502    0.065942    0.063485    0.060302    0.056594    0.052578    0.048467
     0.044463    0.040735    0.037416    0.034594    0.032311    0.030564    0.029311    0.028474
     0.027954    0.027628    0.027369    0.026684    0.026271    0.025903    0.025562    0.025241
     0.024930    0.024614    0.024294    0.023968    0.023636    0.023299    0.022955    0.022605
     0.022246    0.021879    0.021501    0.021113    0.020712    0.020299    0.019871    0.019430
     0.018971    0.018497    0.018005    0.017495    0.016965    0.016422    0.015854    0.015263
     0.014656    0.014028    0.013380    0.012712    0.012025    0.011318    0.010592    0.009848
     0.009087    0.008309    0.007514    0.006704    0.005878    0.005041    0.004191    0.003328
     0.002457    0.001576    0.000687   -0.000209   -0.001111   -0.002016   -0.002926   -0.003837
    -0.004750   -0.005662   -0.006572   -0.007481   -0.008385   -0.009285   -0.010179   -0.011066
    -0.011945   -0.012815   -0.013675   -0.014524   -0.015361   -0.016186   -0.016996   -0.017793
    -0.018574   -0.019339   -0.020087   -0.020818   -0.021532   -0.022227   -0.022904   -0.023562
    -0.024202   -0.024823   -0.025425   -0.026010   -0.026576   -0.027126   -0.027660   -0.028178
    -0.028683   -0.029176   -0.029658   -0.030132   -0.030599   -0.031064   -0.031528   -0.031995
    -0.032468   -0.032912   -0.032926   -0.033272   -0.033625   -0.033999   -0.034407   -0.034860
    -0.035366   -0.035933   -0.036563   -0.037256   -0.038009   -0.038817   -0.039669   -0.040555
    -0.041462
  1.000000  0.000000
     0.291840    0.291840    0.291840    0.291840    0.291840    0.291840    0.291840    0.291840
     0.291840    0.291840    0.291840    0.291840    0.291840    0.291840    0.291840    0.291840
     0.291840    0.291840    0.291840    0.291840    0.291840    0.291840    0.291840    0.291840
     0.291840    0.291840    0.291840    0.291840    0.291840    0.291840    0.291840    0.291840
     0.291840    0.291840    0.291840    0.291840    0.291840    0.291840    0.291840    0.291840
     0.291840    0.291840    0.291840    0.291840    0.291840    0.291840    0.291840    0.291840
     0.291840    0.291840    0.291840    0.291840    0.291840    0.291840    0.291840    0.291840
     0.291840    0.291840    0.291840    0.291840    0.291840    0.291840    0.291840    0.291840
     0.291840    0.291840    0.291840    0.291840    0.291840    0.291840    0.291840    0.291840
     0.291840    0.291840    0.291840    0.291840    0.291840    0.291840    0.291840    0.291840
     0.291840    0.291840    0.291840    0.291840    0.291840    0.291840    0.291840    0.291840
     0.291840    0.291840    0.291840    0.291840    0.291840    0.291840    0.291840    0.291840
     0.291840    0.291840    0.291840    0.291840    0.291840    0.291840    0.291840    0.291840
     0.291840    0.291840    0.291840    0.291840    0.291840    0.291840    0.291840    0.291840
     0.291840    0.291840    0.291840    0.291840    0.291840    0.291840    0.291840    0.291840
     0.291840    0.291840    0.291840    0.291840    0.291840    0.291840    0.291840    0.291840
     0.291840
 ***************************************************************
  ROW NUMBER           5  SECTION NUMBER            11
           0           0           0  IF_DESIGN etc 
   1.00000   0.00000    0
     0.526000    0.530098    0.534106    0.537966    0.541625    0.545037    0.548163    0.550972
     0.553443    0.555566    0.557341    0.558778    0.559898    0.560732    0.561319    0.561705
     0.561943    0.562091    0.562209    0.562326    0.562448    0.562575    0.562705    0.562839
     0.562975    0.563115    0.563258    0.563404    0.563553    0.563706    0.563863    0.564025
     0.564191    0.564362    0.564539    0.564723    0.564914    0.565113    0.565320    0.565536
     0.565761    0.565997    0.566244    0.566502    0.566772    0.567054    0.567350    0.567660
     0.567983    0.568321    0.568673    0.569041    0.569423    0.569822    0.570236    0.570665
     0.571111    0.571572    0.572049    0.572541    0.573048    0.573570    0.574107    0.574658
     0.575223    0.575801    0.576391    0.576994    0.577607    0.578231    0.578865    0.579507
     0.580157    0.580815    0.581478    0.582146    0.582818    0.583493    0.584169    0.584847
     0.585524    0.586199    0.586871    0.587540    0.588204    0.588862    0.589513    0.590157
     0.590791    0.591415    0.592029    0.592631    0.593221    0.593798    0.594362    0.594912
     0.595449    0.595971    0.596478    0.596972    0.597452    0.597918    0.598372    0.598813
     0.599244    0.599664    0.600077    0.600483    0.600884    0.601283    0.601682    0.602084
     0.602491    0.602909    0.603204    0.603499    0.603801    0.604121    0.604471    0.604861
     0.605298    0.605789    0.606335    0.606937    0.607592    0.608295    0.609037    0.609809
     0.610600
  1.000000  0.000000
     0.068040    0.067533    0.066053    0.063704    0.060635    0.057033    0.053104    0.049057
     0.045092    0.041383    0.038066    0.035236    0.032941    0.031181    0.029917    0.029073
     0.028547    0.028219    0.027958    0.028081    0.027987    0.027842    0.027668    0.027469
     0.027250    0.027012    0.026752    0.026469    0.026169    0.025860    0.025545    0.025222
     0.024891    0.024553    0.024205    0.023843    0.023468    0.023082    0.022681    0.022267
     0.021835    0.021387    0.020921    0.020435    0.019932    0.019407    0.018862    0.018295
     0.017708    0.017098    0.016466    0.015812    0.015136    0.014438    0.013718    0.012976
     0.012214    0.011430    0.010626    0.009803    0.008962    0.008102    0.007225    0.006333
     0.005425    0.004503    0.003568    0.002622    0.001665    0.000699   -0.000275   -0.001255
    -0.002241   -0.003230   -0.004222   -0.005214   -0.006206   -0.007196   -0.008183   -0.009164
    -0.010140   -0.011107   -0.012065   -0.013013   -0.013948   -0.014870   -0.015778   -0.016669
    -0.017544   -0.018401   -0.019239   -0.020057   -0.020855   -0.021632   -0.022388   -0.023121
    -0.023833   -0.024523   -0.025191   -0.025838   -0.026464   -0.027069   -0.027656   -0.028225
    -0.028777   -0.029315   -0.029840   -0.030354   -0.030861   -0.031362   -0.031862   -0.032363
    -0.032870   -0.033386   -0.033958   -0.034317   -0.034684   -0.035073   -0.035499   -0.035973
    -0.036505   -0.037102   -0.037766   -0.038499   -0.039296   -0.040151   -0.041054   -0.041993
    -0.042955
  1.000000
     0.068040    0.067533    0.066053    0.063704    0.060635    0.057033    0.053104    0.049057
     0.045092    0.041383    0.038066    0.035236    0.032941    0.031181    0.029917    0.029073
     0.028547    0.028219    0.027958    0.027284    0.026875    0.026513    0.026175    0.025855
     0.025543    0.025225    0.024902    0.024574    0.024239    0.023900    0.023552    0.023200
     0.022837    0.022466    0.022085    0.021693    0.021287    0.020870    0.020437    0.019991
     0.019527    0.019046    0.018548    0.018031    0.017494    0.016942    0.016365    0.015766
     0.015149    0.014510    0.013852    0.013172    0.012472    0.011752    0.011013    0.010254
     0.009477    0.008682    0.007870    0.007041    0.006197    0.005340    0.004469    0.003585
     0.002692    0.001787    0.000875   -0.000046   -0.000973   -0.001904   -0.002840   -0.003778
    -0.004718   -0.005659   -0.006598   -0.007535   -0.008469   -0.009399   -0.010322   -0.011239
    -0.012149   -0.013049   -0.013939   -0.014818   -0.015686   -0.016540   -0.017380   -0.018206
    -0.019016   -0.019809   -0.020586   -0.021345   -0.022085   -0.022807   -0.023510   -0.024194
    -0.024858   -0.025503   -0.026129   -0.026736   -0.027325   -0.027896   -0.028451   -0.028990
    -0.029514   -0.030026   -0.030527   -0.031020   -0.031506   -0.031989   -0.032472   -0.032957
    -0.033449   -0.033918   -0.033958   -0.034317   -0.034684   -0.035073   -0.035499   -0.035973
    -0.036505   -0.037102   -0.037766   -0.038499   -0.039296   -0.040151   -0.041054   -0.041993
    -0.042955
  1.000000  0.000000
     0.297200    0.297200    0.297200    0.297200    0.297200    0.297200    0.297200    0.297200
     0.297200    0.297200    0.297200    0.297200    0.297200    0.297200    0.297200    0.297200
     0.297200    0.297200    0.297200    0.297200    0.297200    0.297200    0.297200    0.297200
     0.297200    0.297200    0.297200    0.297200    0.297200    0.297200    0.297200    0.297200
     0.297200    0.297200    0.297200    0.297200    0.297200    0.297200    0.297200    0.297200
     0.297200    0.297200    0.297200    0.297200    0.297200    0.297200    0.297200    0.297200
     0.297200    0.297200    0.297200    0.297200    0.297200    0.297200    0.297200    0.297200
     0.297200    0.297200    0.297200    0.297200    0.297200    0.297200    0.297200    0.297200
     0.297200    0.297200    0.297200    0.297200    0.297200    0.297200    0.297200    0.297200
     0.297200    0.297200    0.297200    0.297200    0.297200    0.297200    0.297200    0.297200
     0.297200    0.297200    0.297200    0.297200    0.297200    0.297200    0.297200    0.297200
     0.297200    0.297200    0.297200    0.297200    0.297200    0.297200    0.297200    0.297200
     0.297200    0.297200    0.297200    0.297200    0.297200    0.297200    0.297200    0.297200
     0.297200    0.297200    0.297200    0.297200    0.297200    0.297200    0.297200    0.297200
     0.297200    0.297200    0.297200    0.297200    0.297200    0.297200    0.297200    0.297200
     0.297200    0.297200    0.297200    0.297200    0.297200    0.297200    0.297200    0.297200
     0.297200
 ***************************************************************
 ************STARTING THE INPUT FOR EACH BLADE ROW**************
  BLADE ROW NUMBER =        6                                           
    NUMBER OF BLADES IN ROW 
        70
        JM        JLE       JTE 
        129        19        115
      KTIPSTART  KTIPEND 
         0         0
       BOUNDARY LAYER TRANSITION POINTS 
         0         0         0         0
  SET NEWGRID= 1 TO GENERATE A NEW GRID WITH DIFFERENT "J" POINTS AND SPACINGS.
         0
   RPMROW,    RPMHUB 
    0.0    0.0
       JROTHS    JROTHE    JROTTS    JROTTE 
         1         1         1         1
   PUPROW    PLEROW   PTEROW    PDROW 
   208864.0   208864.0   217584.3  217584.3
      NSECS_ROW   INSURF  
         11         0
  IF_CUSP   IFANGLES 
         0         0
 ***************************************************************
  ROW NUMBER           6  SECTION NUMBER            1
           0           0           0  IF_DESIGN etc 
   1.00000   0.00000    0
     0.610600    0.613359    0.616060    0.618666    0.621142    0.623458    0.625589    0.627516
     0.629224    0.630708    0.631966    0.633006    0.633841    0.634492    0.634983    0.635344
     0.635609    0.635817    0.636004    0.636192    0.636387    0.636589    0.636797    0.637010
     0.637229    0.637452    0.637680    0.637913    0.638152    0.638396    0.638647    0.638904
     0.639170    0.639443    0.639727    0.640020    0.640325    0.640642    0.640973    0.641318
     0.641678    0.642054    0.642448    0.642860    0.643292    0.643743    0.644215    0.644709
     0.645226    0.645765    0.646328    0.646915    0.647526    0.648162    0.648824    0.649510
     0.650221    0.650957    0.651719    0.652505    0.653315    0.654149    0.655007    0.655886
     0.656788    0.657711    0.658654    0.659616    0.660596    0.661592    0.662604    0.663630
     0.664668    0.665718    0.666777    0.667844    0.668917    0.669995    0.671076    0.672157
     0.673238    0.674317    0.675391    0.676459    0.677520    0.678571    0.679610    0.680637
     0.681650    0.682647    0.683627    0.684589    0.685531    0.686453    0.687354    0.688232
     0.689089    0.689922    0.690733    0.691522    0.692288    0.693033    0.693757    0.694462
     0.695150    0.695822    0.696480    0.697128    0.697769    0.698406    0.699043    0.699685
     0.700336    0.701003    0.701474    0.701003    0.700493    0.699873    0.699073    0.698034
     0.696710    0.695068    0.693091    0.690779    0.688148    0.685233    0.682078    0.678745
     0.675300
  1.000000  0.000000
    -0.019030   -0.019175   -0.019505   -0.019869   -0.020145   -0.020246   -0.020128   -0.019791
    -0.019267   -0.018613   -0.017894   -0.017177   -0.016514   -0.015942   -0.015476   -0.015115
    -0.014838   -0.014616   -0.014410   -0.013796   -0.013421   -0.013085   -0.012776   -0.012490
    -0.012219   -0.011958   -0.011708   -0.011453   -0.011198   -0.010939   -0.010677   -0.010413
    -0.010143   -0.009871   -0.009592   -0.009310   -0.009019   -0.008724   -0.008420   -0.008109
    -0.007792   -0.007464   -0.007131   -0.006789   -0.006438   -0.006079   -0.005714   -0.005341
    -0.004960   -0.004573   -0.004180   -0.003783   -0.003381   -0.002976   -0.002568   -0.002159
    -0.001749   -0.001340   -0.000932   -0.000526   -0.000125    0.000272    0.000663    0.001048
     0.001425    0.001794    0.002153    0.002502    0.002841    0.003168    0.003483    0.003786
     0.004076    0.004354    0.004618    0.004869    0.005106    0.005330    0.005541    0.005739
     0.005924    0.006096    0.006256    0.006405    0.006542    0.006668    0.006785    0.006890
     0.006987    0.007075    0.007154    0.007226    0.007290    0.007347    0.007399    0.007444
     0.007484    0.007519    0.007550    0.007577    0.007600    0.007619    0.007636    0.007650
     0.007661    0.007670    0.007677    0.007683    0.007686    0.007688    0.007688    0.007686
     0.007683    0.007643    0.007405    0.007405    0.007405    0.007405    0.007405    0.007405
     0.007405    0.007405    0.007405    0.007405    0.007405    0.007405    0.007405    0.007405
     0.007405
  1.000000
    -0.019030   -0.019175   -0.019505   -0.019869   -0.020145   -0.020246   -0.020128   -0.019791
    -0.019267   -0.018613   -0.017894   -0.017177   -0.016514   -0.015942   -0.015476   -0.015115
    -0.014838   -0.014616   -0.014410   -0.014645   -0.014617   -0.014539   -0.014437   -0.014313
    -0.014176   -0.014027   -0.013862   -0.013686   -0.013497   -0.013289   -0.013071   -0.012843
    -0.012610   -0.012374   -0.012130   -0.011888   -0.011636   -0.011374   -0.011103   -0.010829
    -0.010547   -0.010256   -0.009958   -0.009651   -0.009334   -0.009014   -0.008681   -0.008337
    -0.007987   -0.007630   -0.007265   -0.006894   -0.006521   -0.006134   -0.005745   -0.005353
    -0.004957   -0.004561   -0.004159   -0.003755   -0.003353   -0.002952   -0.002554   -0.002153
    -0.001758   -0.001367   -0.000983   -0.000599   -0.000224    0.000144    0.000506    0.000858
     0.001203    0.001539    0.001865    0.002182    0.002489    0.002785    0.003071    0.003346
     0.003609    0.003862    0.004104    0.004334    0.004553    0.004762    0.004958    0.005144
     0.005320    0.005484    0.005639    0.005783    0.005917    0.006042    0.006158    0.006264
     0.006363    0.006454    0.006536    0.006612    0.006681    0.006743    0.006800    0.006851
     0.006897    0.006938    0.006975    0.007008    0.007037    0.007062    0.007084    0.007103
     0.007118    0.007165    0.007405    0.007405    0.007405    0.007405    0.007405    0.007405
     0.007405    0.007405    0.007405    0.007405    0.007405    0.007405    0.007405    0.007405
     0.007405
  1.000000  0.000000
     0.190000    0.190000    0.190000    0.190000    0.190000    0.190000    0.190000    0.190000
     0.190000    0.190000    0.190000    0.190000    0.190000    0.190000    0.190000    0.190000
     0.190000    0.190000    0.190000    0.190000    0.190000    0.190000    0.190000    0.190000
     0.190000    0.190000    0.190000    0.190000    0.190000    0.190000    0.190000    0.190000
     0.190000    0.190000    0.190000    0.190000    0.190000    0.190000    0.190000    0.190000
     0.190000    0.190000    0.190000    0.190000    0.190000    0.190000    0.190000    0.190000
     0.190000    0.190000    0.190000    0.190000    0.190000    0.190000    0.190000    0.190000
     0.190000    0.190000    0.190000    0.190000    0.190000    0.190000    0.190000    0.190000
     0.190000    0.190000    0.190000    0.190000    0.190000    0.190000    0.190000    0.190000
     0.190000    0.190000    0.190000    0.190000    0.190000    0.190000    0.190000    0.190000
     0.190000    0.190000    0.190000    0.190000    0.190000    0.190000    0.190000    0.190000
     0.190000    0.190000    0.190000    0.190000    0.190000    0.190000    0.190000    0.190000
     0.190000    0.190000    0.190000    0.190000    0.190002    0.190006    0.190010    0.190014
     0.190017    0.190021    0.190024    0.190028    0.190031    0.190035    0.190038    0.190042
     0.190045    0.190049    0.190051    0.190049    0.190046    0.190043    0.190038    0.190033
     0.190026    0.190017    0.190006    0.190000    0.190000    0.190000    0.190000    0.190000
     0.190000
 ***************************************************************
  ROW NUMBER           6  SECTION NUMBER            2
           0           0           0  IF_DESIGN etc 
   1.00000   0.00000    0
     0.610600    0.613366    0.616074    0.618686    0.621168    0.623490    0.625626    0.627557
     0.629269    0.630756    0.632017    0.633058    0.633895    0.634546    0.635037    0.635398
     0.635663    0.635870    0.636057    0.636244    0.636438    0.636640    0.636847    0.637059
     0.637277    0.637499    0.637727    0.637959    0.638197    0.638440    0.638690    0.638946
     0.639211    0.639484    0.639766    0.640058    0.640362    0.640678    0.641007    0.641351
     0.641710    0.642085    0.642478    0.642888    0.643318    0.643768    0.644238    0.644730
     0.645245    0.645782    0.646343    0.646928    0.647537    0.648171    0.648830    0.649513
     0.650222    0.650956    0.651715    0.652498    0.653305    0.654136    0.654990    0.655867
     0.656766    0.657685    0.658625    0.659583    0.660559    0.661552    0.662560    0.663583
     0.664617    0.665663    0.666718    0.667781    0.668851    0.669925    0.671001    0.672079
     0.673156    0.674231    0.675301    0.676365    0.677422    0.678469    0.679505    0.680528
     0.681537    0.682531    0.683507    0.684466    0.685404    0.686323    0.687220    0.688096
     0.688949    0.689780    0.690588    0.691373    0.692137    0.692879    0.693600    0.694303
     0.694988    0.695657    0.696313    0.696959    0.697597    0.698231    0.698866    0.699505
     0.700154    0.700818    0.701288    0.700818    0.700311    0.699693    0.698898    0.697866
     0.696551    0.694920    0.692957    0.690662    0.688051    0.685157    0.682027    0.678719
     0.675300
  1.000000  0.000000
    -0.019030   -0.019158   -0.019443   -0.019747   -0.019958   -0.019997   -0.019828   -0.019452
    -0.018903   -0.018235   -0.017514   -0.016800   -0.016145   -0.015581   -0.015125   -0.014771
    -0.014501   -0.014284   -0.014084   -0.013486   -0.013119   -0.012790   -0.012489   -0.012209
    -0.011944   -0.011689   -0.011446   -0.011197   -0.010948   -0.010696   -0.010440   -0.010183
    -0.009919   -0.009654   -0.009381   -0.009106   -0.008822   -0.008534   -0.008237   -0.007933
    -0.007623   -0.007303   -0.006977   -0.006643   -0.006300   -0.005949   -0.005592   -0.005227
    -0.004855   -0.004477   -0.004092   -0.003703   -0.003310   -0.002913   -0.002514   -0.002114
    -0.001713   -0.001312   -0.000913   -0.000515   -0.000122    0.000266    0.000650    0.001027
     0.001395    0.001757    0.002109    0.002451    0.002782    0.003103    0.003412    0.003709
     0.003992    0.004265    0.004522    0.004768    0.005000    0.005219    0.005426    0.005619
     0.005800    0.005969    0.006125    0.006271    0.006405    0.006528    0.006641    0.006744
     0.006839    0.006924    0.007001    0.007071    0.007134    0.007190    0.007240    0.007284
     0.007323    0.007357    0.007386    0.007412    0.007435    0.007454    0.007470    0.007483
     0.007494    0.007503    0.007510    0.007514    0.007518    0.007519    0.007519    0.007517
     0.007514    0.007475    0.007238    0.007238    0.007238    0.007238    0.007237    0.007237
     0.007237    0.007237    0.007237    0.007237    0.007237    0.007237    0.007237    0.007237
     0.007237
  1.000000
    -0.019030   -0.019158   -0.019443   -0.019747   -0.019958   -0.019997   -0.019828   -0.019452
    -0.018903   -0.018235   -0.017514   -0.016800   -0.016145   -0.015581   -0.015125   -0.014771
    -0.014501   -0.014284   -0.014084   -0.014320   -0.014295   -0.014222   -0.014123   -0.014004
    -0.013872   -0.013728   -0.013568   -0.013397   -0.013214   -0.013012   -0.012800   -0.012578
    -0.012351   -0.012122   -0.011885   -0.011649   -0.011404   -0.011149   -0.010886   -0.010619
    -0.010344   -0.010061   -0.009771   -0.009471   -0.009163   -0.008852   -0.008526   -0.008191
    -0.007850   -0.007501   -0.007146   -0.006784   -0.006420   -0.006042   -0.005662   -0.005279
    -0.004893   -0.004505   -0.004112   -0.003717   -0.003325   -0.002932   -0.002542   -0.002150
    -0.001763   -0.001381   -0.001004   -0.000629   -0.000261    0.000100    0.000454    0.000800
     0.001138    0.001467    0.001787    0.002098    0.002399    0.002690    0.002970    0.003241
     0.003499    0.003748    0.003986    0.004212    0.004427    0.004632    0.004825    0.005008
     0.005181    0.005342    0.005495    0.005636    0.005769    0.005891    0.006005    0.006111
     0.006208    0.006297    0.006378    0.006453    0.006521    0.006582    0.006638    0.006689
     0.006734    0.006775    0.006811    0.006844    0.006872    0.006897    0.006919    0.006937
     0.006952    0.006999    0.007238    0.007238    0.007238    0.007238    0.007237    0.007237
     0.007237    0.007237    0.007237    0.007237    0.007237    0.007237    0.007237    0.007237
     0.007237
  1.000000  0.000000
     0.195360    0.195360    0.195360    0.195360    0.195360    0.195360    0.195360    0.195360
     0.195360    0.195360    0.195360    0.195360    0.195360    0.195360    0.195360    0.195360
     0.195360    0.195360    0.195360    0.195360    0.195360    0.195360    0.195360    0.195360
     0.195360    0.195360    0.195360    0.195360    0.195360    0.195360    0.195360    0.195360
     0.195360    0.195360    0.195360    0.195360    0.195360    0.195360    0.195360    0.195360
     0.195360    0.195360    0.195360    0.195360    0.195360    0.195360    0.195360    0.195360
     0.195360    0.195360    0.195360    0.195360    0.195360    0.195360    0.195360    0.195360
     0.195360    0.195360    0.195360    0.195360    0.195360    0.195360    0.195360    0.195360
     0.195360    0.195360    0.195360    0.195360    0.195360    0.195360    0.195360    0.195360
     0.195360    0.195360    0.195360    0.195360    0.195360    0.195360    0.195360    0.195360
     0.195360    0.195360    0.195360    0.195360    0.195360    0.195360    0.195360    0.195360
     0.195360    0.195360    0.195360    0.195360    0.195360    0.195360    0.195360    0.195360
     0.195360    0.195360    0.195360    0.195360    0.195362    0.195366    0.195369    0.195374
     0.195379    0.195386    0.195392    0.195398    0.195404    0.195410    0.195416    0.195422
     0.195429    0.195435    0.195439    0.195435    0.195430    0.195424    0.195417    0.195407
     0.195395    0.195380    0.195366    0.195360    0.195360    0.195360    0.195360    0.195360
     0.195360
 ***************************************************************
  ROW NUMBER           6  SECTION NUMBER            3
           0           0           0  IF_DESIGN etc 
   1.00000   0.00000    0
     0.610600    0.613373    0.616088    0.618706    0.621194    0.623522    0.625663    0.627598
     0.629314    0.630804    0.632067    0.633111    0.633949    0.634601    0.635092    0.635453
     0.635717    0.635923    0.636109    0.636296    0.636490    0.636690    0.636897    0.637108
     0.637325    0.637547    0.637773    0.638005    0.638241    0.638484    0.638733    0.638988
     0.639252    0.639524    0.639805    0.640096    0.640399    0.640714    0.641042    0.641384
     0.641742    0.642115    0.642506    0.642916    0.643344    0.643792    0.644261    0.644751
     0.645264    0.645799    0.646358    0.646940    0.647547    0.648179    0.648835    0.649516
     0.650222    0.650953    0.651709    0.652489    0.653294    0.654122    0.654973    0.655846
     0.656742    0.657658    0.658594    0.659549    0.660521    0.661510    0.662515    0.663533
     0.664564    0.665606    0.666657    0.667717    0.668782    0.669852    0.670925    0.671998
     0.673071    0.674142    0.675208    0.676269    0.677321    0.678365    0.679397    0.680416
     0.681422    0.682411    0.683384    0.684339    0.685274    0.686190    0.687084    0.687956
     0.688806    0.689633    0.690438    0.691221    0.691982    0.692721    0.693440    0.694139
     0.694822    0.695488    0.696142    0.696785    0.697421    0.698053    0.698685    0.699321
     0.699967    0.700629    0.701097    0.700629    0.700124    0.699509    0.698718    0.697693
     0.696387    0.694768    0.692819    0.690542    0.687951    0.685080    0.681974    0.678692
     0.675300
  1.000000  0.000000
    -0.019030   -0.019140   -0.019379   -0.019621   -0.019765   -0.019741   -0.019519   -0.019103
    -0.018528   -0.017847   -0.017122   -0.016413   -0.015765   -0.015211   -0.014764   -0.014418
    -0.014155   -0.013944   -0.013750   -0.013167   -0.012807   -0.012487   -0.012193   -0.011920
    -0.011661   -0.011413   -0.011176   -0.010934   -0.010691   -0.010446   -0.010197   -0.009946
    -0.009690   -0.009431   -0.009165   -0.008897   -0.008620   -0.008339   -0.008050   -0.007753
    -0.007451   -0.007139   -0.006821   -0.006494   -0.006159   -0.005817   -0.005468   -0.005112
    -0.004748   -0.004378   -0.004003   -0.003622   -0.003238   -0.002850   -0.002460   -0.002069
    -0.001677   -0.001285   -0.000894   -0.000505   -0.000120    0.000260    0.000635    0.001004
     0.001365    0.001719    0.002062    0.002397    0.002722    0.003035    0.003337    0.003628
     0.003905    0.004172    0.004424    0.004664    0.004891    0.005105    0.005307    0.005496
     0.005673    0.005837    0.005990    0.006132    0.006263    0.006383    0.006493    0.006594
     0.006686    0.006769    0.006844    0.006912    0.006973    0.007027    0.007076    0.007118
     0.007156    0.007189    0.007218    0.007243    0.007264    0.007283    0.007298    0.007311
     0.007322    0.007330    0.007337    0.007341    0.007344    0.007345    0.007345    0.007343
     0.007340    0.007301    0.007065    0.007065    0.007065    0.007065    0.007065    0.007065
     0.007065    0.007065    0.007064    0.007064    0.007064    0.007064    0.007064    0.007064
     0.007064
  1.000000
    -0.019030   -0.019140   -0.019379   -0.019621   -0.019765   -0.019741   -0.019519   -0.019103
    -0.018528   -0.017847   -0.017122   -0.016413   -0.015765   -0.015211   -0.014764   -0.014418
    -0.014155   -0.013944   -0.013750   -0.013986   -0.013964   -0.013894   -0.013801   -0.013686
    -0.013559   -0.013420   -0.013265   -0.013100   -0.012922   -0.012726   -0.012520   -0.012305
    -0.012085   -0.011863   -0.011633   -0.011404   -0.011166   -0.010918   -0.010662   -0.010404
    -0.010136   -0.009861   -0.009579   -0.009288   -0.008988   -0.008685   -0.008368   -0.008042
    -0.007710   -0.007370   -0.007024   -0.006671   -0.006316   -0.005948   -0.005578   -0.005204
    -0.004827   -0.004448   -0.004065   -0.003679   -0.003296   -0.002912   -0.002531   -0.002148
    -0.001770   -0.001396   -0.001027   -0.000660   -0.000300    0.000053    0.000400    0.000739
     0.001070    0.001393    0.001707    0.002011    0.002307    0.002592    0.002867    0.003132
     0.003386    0.003630    0.003863    0.004085    0.004297    0.004498    0.004688    0.004868
     0.005037    0.005196    0.005346    0.005485    0.005616    0.005736    0.005848    0.005952
     0.006047    0.006135    0.006215    0.006289    0.006356    0.006416    0.006471    0.006521
     0.006566    0.006606    0.006642    0.006674    0.006702    0.006727    0.006748    0.006766
     0.006781    0.006828    0.007065    0.007065    0.007065    0.007065    0.007065    0.007065
     0.007065    0.007065    0.007064    0.007064    0.007064    0.007064    0.007064    0.007064
     0.007064
  1.000000  0.000000
     0.200720    0.200720    0.200720    0.200720    0.200720    0.200720    0.200720    0.200720
     0.200720    0.200720    0.200720    0.200720    0.200720    0.200720    0.200720    0.200720
     0.200720    0.200720    0.200720    0.200720    0.200720    0.200720    0.200720    0.200720
     0.200720    0.200720    0.200720    0.200720    0.200720    0.200720    0.200720    0.200720
     0.200720    0.200720    0.200720    0.200720    0.200720    0.200720    0.200720    0.200720
     0.200720    0.200720    0.200720    0.200720    0.200720    0.200720    0.200720    0.200720
     0.200720    0.200720    0.200720    0.200720    0.200720    0.200720    0.200720    0.200720
     0.200720    0.200720    0.200720    0.200720    0.200720    0.200720    0.200720    0.200720
     0.200720    0.200720    0.200720    0.200720    0.200720    0.200720    0.200720    0.200720
     0.200720    0.200720    0.200720    0.200720    0.200720    0.200720    0.200720    0.200720
     0.200720    0.200720    0.200720    0.200720    0.200720    0.200720    0.200720    0.200720
     0.200720    0.200720    0.200720    0.200720    0.200720    0.200720    0.200720    0.200720
     0.200720    0.200720    0.200720    0.200720    0.200722    0.200725    0.200729    0.200733
     0.200741    0.200751    0.200760    0.200768    0.200777    0.200786    0.200795    0.200803
     0.200812    0.200821    0.200828    0.200821    0.200814    0.200806    0.200795    0.200781
     0.200764    0.200742    0.200726    0.200720    0.200720    0.200720    0.200720    0.200720
     0.200720
 ***************************************************************
  ROW NUMBER           6  SECTION NUMBER            4
           0           0           0  IF_DESIGN etc 
   1.00000   0.00000    0
     0.610600    0.613387    0.616115    0.618746    0.621247    0.623585    0.625737    0.627681
     0.629404    0.630900    0.632169    0.633216    0.634056    0.634710    0.635201    0.635561
     0.635825    0.636030    0.636215    0.636400    0.636592    0.636791    0.636996    0.637206
     0.637422    0.637642    0.637866    0.638096    0.638331    0.638572    0.638819    0.639073
     0.639334    0.639604    0.639883    0.640172    0.640473    0.640785    0.641111    0.641451
     0.641806    0.642177    0.642565    0.642971    0.643396    0.643841    0.644306    0.644793
     0.645302    0.645833    0.646388    0.646966    0.647568    0.648195    0.648847    0.649523
     0.650224    0.650950    0.651700    0.652474    0.653273    0.654094    0.654939    0.655806
     0.656695    0.657604    0.658533    0.659481    0.660447    0.661429    0.662426    0.663437
     0.664460    0.665494    0.666538    0.667589    0.668647    0.669709    0.670774    0.671839
     0.672905    0.673967    0.675026    0.676078    0.677123    0.678159    0.679183    0.680195
     0.681193    0.682176    0.683141    0.684089    0.685018    0.685926    0.686813    0.687679
     0.688523    0.689344    0.690143    0.690920    0.691675    0.692409    0.693122    0.693817
     0.694493    0.695155    0.695803    0.696441    0.697072    0.697699    0.698326    0.698958
     0.699599    0.700255    0.700719    0.700255    0.699754    0.699146    0.698364    0.697352
     0.696064    0.694468    0.692548    0.690304    0.687753    0.684926    0.681869    0.678638
     0.675300
  1.000000  0.000000
    -0.019030   -0.019104   -0.019252   -0.019373   -0.019385   -0.019236   -0.018909   -0.018415
    -0.017788   -0.017081   -0.016350   -0.015648   -0.015016   -0.014480   -0.014051   -0.013721
    -0.013471   -0.013273   -0.013090   -0.012537   -0.012193   -0.011888   -0.011610   -0.011350
    -0.011103   -0.010867   -0.010643   -0.010414   -0.010185   -0.009952   -0.009717   -0.009479
    -0.009236   -0.008991   -0.008738   -0.008483   -0.008221   -0.007954   -0.007679   -0.007398
    -0.007110   -0.006813   -0.006510   -0.006200   -0.005881   -0.005555   -0.005222   -0.004883
    -0.004536   -0.004183   -0.003825   -0.003462   -0.003095   -0.002725   -0.002352   -0.001978
    -0.001604   -0.001229   -0.000855   -0.000484   -0.000116    0.000247    0.000606    0.000959
     0.001305    0.001643    0.001972    0.002293    0.002603    0.002903    0.003191    0.003469
     0.003735    0.003989    0.004230    0.004459    0.004676    0.004880    0.005073    0.005253
     0.005421    0.005579    0.005724    0.005859    0.005983    0.006097    0.006202    0.006297
     0.006384    0.006463    0.006534    0.006598    0.006656    0.006707    0.006752    0.006792
     0.006828    0.006859    0.006886    0.006909    0.006929    0.006946    0.006960    0.006973
     0.006982    0.006990    0.006996    0.007000    0.007002    0.007003    0.007002    0.007001
     0.006997    0.006958    0.006725    0.006725    0.006725    0.006725    0.006725    0.006725
     0.006725    0.006725    0.006724    0.006724    0.006724    0.006724    0.006724    0.006724
     0.006724
  1.000000
    -0.019030   -0.019104   -0.019252   -0.019373   -0.019385   -0.019236   -0.018909   -0.018415
    -0.017788   -0.017081   -0.016350   -0.015648   -0.015016   -0.014480   -0.014051   -0.013721
    -0.013471   -0.013273   -0.013090   -0.013328   -0.013311   -0.013249   -0.013165   -0.013059
    -0.012941   -0.012813   -0.012669   -0.012514   -0.012348   -0.012163   -0.011969   -0.011767
    -0.011561   -0.011351   -0.011136   -0.010920   -0.010696   -0.010463   -0.010222   -0.009978
    -0.009726   -0.009466   -0.009200   -0.008925   -0.008641   -0.008355   -0.008055   -0.007747
    -0.007433   -0.007111   -0.006783   -0.006448   -0.006111   -0.005761   -0.005410   -0.005055
    -0.004696   -0.004336   -0.003970   -0.003604   -0.003238   -0.002872   -0.002509   -0.002143
    -0.001782   -0.001424   -0.001072   -0.000721   -0.000376   -0.000038    0.000294    0.000619
     0.000937    0.001247    0.001548    0.001841    0.002125    0.002398    0.002663    0.002918
     0.003163    0.003397    0.003622    0.003836    0.004040    0.004234    0.004418    0.004591
     0.004755    0.004909    0.005053    0.005188    0.005314    0.005431    0.005539    0.005639
     0.005732    0.005817    0.005894    0.005966    0.006030    0.006089    0.006143    0.006191
     0.006235    0.006274    0.006309    0.006340    0.006367    0.006391    0.006412    0.006430
     0.006444    0.006490    0.006725    0.006725    0.006725    0.006725    0.006725    0.006725
     0.006725    0.006725    0.006724    0.006724    0.006724    0.006724    0.006724    0.006724
     0.006724
  1.000000  0.000000
     0.211440    0.211440    0.211440    0.211440    0.211440    0.211440    0.211440    0.211440
     0.211440    0.211440    0.211440    0.211440    0.211440    0.211440    0.211440    0.211440
     0.211440    0.211440    0.211440    0.211440    0.211440    0.211440    0.211440    0.211440
     0.211440    0.211440    0.211440    0.211440    0.211440    0.211440    0.211440    0.211440
     0.211440    0.211440    0.211440    0.211440    0.211440    0.211440    0.211440    0.211440
     0.211440    0.211440    0.211440    0.211440    0.211440    0.211440    0.211440    0.211440
     0.211440    0.211440    0.211440    0.211440    0.211440    0.211440    0.211440    0.211440
     0.211440    0.211440    0.211440    0.211440    0.211440    0.211440    0.211440    0.211440
     0.211440    0.211440    0.211440    0.211440    0.211440    0.211440    0.211440    0.211440
     0.211440    0.211440    0.211440    0.211440    0.211440    0.211440    0.211440    0.211440
     0.211440    0.211440    0.211440    0.211440    0.211440    0.211440    0.211440    0.211440
     0.211440    0.211440    0.211440    0.211440    0.211440    0.211440    0.211440    0.211440
     0.211440    0.211440    0.211440    0.211440    0.211442    0.211445    0.211448    0.211453
     0.211465    0.211480    0.211495    0.211509    0.211523    0.211537    0.211551    0.211565
     0.211579    0.211594    0.211604    0.211594    0.211583    0.211569    0.211552    0.211530
     0.211502    0.211468    0.211445    0.211440    0.211440    0.211440    0.211440    0.211440
     0.211440
 ***************************************************************
  ROW NUMBER           6  SECTION NUMBER            5
           0           0           0  IF_DESIGN etc 
   1.00000   0.00000    0
     0.610600    0.613414    0.616169    0.618826    0.621350    0.623711    0.625883    0.627845
     0.629583    0.631092    0.632370    0.633425    0.634270    0.634926    0.635419    0.635779
     0.636041    0.636243    0.636425    0.636608    0.636797    0.636994    0.637196    0.637403
     0.637616    0.637833    0.638054    0.638281    0.638513    0.638750    0.638994    0.639244
     0.639502    0.639768    0.640043    0.640328    0.640625    0.640933    0.641254    0.641589
     0.641939    0.642305    0.642688    0.643088    0.643508    0.643946    0.644405    0.644885
     0.645387    0.645911    0.646458    0.647029    0.647623    0.648241    0.648884    0.649551
     0.650242    0.650958    0.651697    0.652461    0.653249    0.654059    0.654893    0.655748
     0.656624    0.657521    0.658437    0.659372    0.660324    0.661293    0.662276    0.663273
     0.664282    0.665302    0.666332    0.667369    0.668412    0.669459    0.670509    0.671560
     0.672611    0.673659    0.674703    0.675741    0.676771    0.677793    0.678803    0.679801
     0.680786    0.681755    0.682707    0.683642    0.684557    0.685453    0.686329    0.687182
     0.688015    0.688825    0.689613    0.690379    0.691124    0.691847    0.692550    0.693235
     0.693902    0.694553    0.695192    0.695821    0.696442    0.697060    0.697678    0.698300
     0.698931    0.699578    0.700035    0.699578    0.699085    0.698488    0.697723    0.696735
     0.695479    0.693925    0.692057    0.689876    0.687396    0.684650    0.681680    0.678542
     0.675300
  1.000000  0.000000
    -0.019030   -0.019042   -0.019030   -0.018935   -0.018714   -0.018346   -0.017833   -0.017199
    -0.016482   -0.015727   -0.014984   -0.014293   -0.013687   -0.013182   -0.012784   -0.012481
    -0.012255   -0.012077   -0.011914   -0.011424   -0.011107   -0.010828   -0.010575   -0.010338
    -0.010112   -0.009899   -0.009696   -0.009490   -0.009282   -0.009072   -0.008859   -0.008644
    -0.008423   -0.008202   -0.007973   -0.007742   -0.007503   -0.007261   -0.007011   -0.006756
    -0.006494   -0.006223   -0.005948   -0.005665   -0.005374   -0.005077   -0.004774   -0.004463
    -0.004146   -0.003823   -0.003496   -0.003163   -0.002827   -0.002488   -0.002147   -0.001804
    -0.001460   -0.001116   -0.000773   -0.000432   -0.000094    0.000240    0.000569    0.000894
     0.001211    0.001522    0.001824    0.002118    0.002403    0.002679    0.002944    0.003199
     0.003442    0.003675    0.003896    0.004106    0.004304    0.004491    0.004667    0.004831
     0.004984    0.005127    0.005259    0.005381    0.005494    0.005597    0.005692    0.005777
     0.005856    0.005926    0.005990    0.006047    0.006098    0.006144    0.006184    0.006219
     0.006251    0.006278    0.006301    0.006321    0.006339    0.006353    0.006366    0.006376
     0.006384    0.006390    0.006395    0.006398    0.006399    0.006399    0.006398    0.006396
     0.006393    0.006354    0.006125    0.006125    0.006125    0.006125    0.006125    0.006125
     0.006125    0.006125    0.006124    0.006124    0.006124    0.006124    0.006124    0.006124
     0.006124
  1.000000
    -0.019030   -0.019042   -0.019030   -0.018935   -0.018714   -0.018346   -0.017833   -0.017199
    -0.016482   -0.015727   -0.014984   -0.014293   -0.013687   -0.013182   -0.012784   -0.012481
    -0.012255   -0.012077   -0.011914   -0.012168   -0.012160   -0.012111   -0.012042   -0.011953
    -0.011851   -0.011739   -0.011614   -0.011477   -0.011330   -0.011165   -0.010992   -0.010812
    -0.010629   -0.010442   -0.010251   -0.010058   -0.009858   -0.009649   -0.009434   -0.009216
    -0.008991   -0.008758   -0.008519   -0.008273   -0.008018   -0.007761   -0.007490   -0.007213
    -0.006930   -0.006640   -0.006343   -0.006040   -0.005735   -0.005418   -0.005100   -0.004777
    -0.004451   -0.004124   -0.003790   -0.003457   -0.003123   -0.002788   -0.002457   -0.002122
    -0.001790   -0.001463   -0.001140   -0.000816   -0.000499   -0.000188    0.000118    0.000418
     0.000711    0.000998    0.001276    0.001547    0.001811    0.002065    0.002310    0.002547
     0.002775    0.002993    0.003203    0.003402    0.003593    0.003774    0.003945    0.004107
     0.004261    0.004405    0.004540    0.004666    0.004784    0.004894    0.004996    0.005090
     0.005177    0.005257    0.005330    0.005397    0.005458    0.005514    0.005565    0.005611
     0.005652    0.005689    0.005722    0.005751    0.005777    0.005800    0.005820    0.005837
     0.005851    0.005896    0.006125    0.006125    0.006125    0.006125    0.006125    0.006125
     0.006125    0.006125    0.006124    0.006124    0.006124    0.006124    0.006124    0.006124
     0.006124
  1.000000  0.000000
     0.232880    0.232880    0.232880    0.232880    0.232880    0.232880    0.232880    0.232880
     0.232880    0.232880    0.232880    0.232880    0.232880    0.232880    0.232880    0.232880
     0.232880    0.232880    0.232880    0.232880    0.232880    0.232880    0.232880    0.232880
     0.232880    0.232880    0.232880    0.232880    0.232880    0.232880    0.232880    0.232880
     0.232880    0.232880    0.232880    0.232880    0.232880    0.232880    0.232880    0.232880
     0.232880    0.232880    0.232880    0.232880    0.232880    0.232880    0.232880    0.232880
     0.232880    0.232880    0.232880    0.232880    0.232880    0.232880    0.232880    0.232880
     0.232880    0.232880    0.232880    0.232880    0.232880    0.232880    0.232880    0.232880
     0.232880    0.232880    0.232880    0.232880    0.232880    0.232880    0.232880    0.232880
     0.232880    0.232880    0.232880    0.232880    0.232880    0.232880    0.232880    0.232880
     0.232880    0.232880    0.232880    0.232880    0.232880    0.232880    0.232880    0.232880
     0.232880    0.232880    0.232880    0.232880    0.232880    0.232880    0.232880    0.232880
     0.232880    0.232880    0.232880    0.232880    0.232881    0.232884    0.232886    0.232893
     0.232913    0.232939    0.232965    0.232990    0.233015    0.233039    0.233064    0.233089
     0.233114    0.233140    0.233158    0.233140    0.233120    0.233096    0.233066    0.233028
     0.232979    0.232918    0.232884    0.232880    0.232880    0.232880    0.232880    0.232880
     0.232880
 ***************************************************************
  ROW NUMBER           6  SECTION NUMBER            6
           0           0           0  IF_DESIGN etc 
   1.00000   0.00000    0
     0.610600    0.613428    0.616196    0.618865    0.621402    0.623773    0.625955    0.627926
     0.629672    0.631187    0.632470    0.633528    0.634376    0.635034    0.635527    0.635886
     0.636148    0.636349    0.636530    0.636711    0.636900    0.637095    0.637296    0.637502
     0.637713    0.637929    0.638149    0.638374    0.638604    0.638840    0.639082    0.639331
     0.639587    0.639851    0.640125    0.640409    0.640703    0.641009    0.641328    0.641661
     0.642009    0.642373    0.642753    0.643151    0.643568    0.644003    0.644460    0.644937
     0.645435    0.645956    0.646500    0.647066    0.647657    0.648271    0.648909    0.649572
     0.650259    0.650970    0.651705    0.652464    0.653247    0.654052    0.654880    0.655730
     0.656601    0.657492    0.658402    0.659331    0.660277    0.661239    0.662216    0.663207
     0.664210    0.665223    0.666246    0.667276    0.668313    0.669354    0.670397    0.671442
     0.672485    0.673527    0.674564    0.675596    0.676620    0.677634    0.678638    0.679630
     0.680608    0.681571    0.682517    0.683446    0.684356    0.685246    0.686116    0.686964
     0.687791    0.688596    0.689379    0.690141    0.690880    0.691599    0.692298    0.692978
     0.693640    0.694287    0.694922    0.695546    0.696163    0.696777    0.697390    0.698008
     0.698635    0.699277    0.699731    0.699277    0.698788    0.698196    0.697439    0.696461
     0.695220    0.693685    0.691839    0.689686    0.687238    0.684527    0.681596    0.678500
     0.675300
  1.000000  0.000000
    -0.019030   -0.019015   -0.018936   -0.018750   -0.018430   -0.017969   -0.017379   -0.016685
    -0.015929   -0.015155   -0.014406   -0.013720   -0.013124   -0.012632   -0.012246   -0.011955
    -0.011738   -0.011568   -0.011413   -0.010946   -0.010640   -0.010373   -0.010129   -0.009901
    -0.009684   -0.009480   -0.009286   -0.009089   -0.008891   -0.008690   -0.008486   -0.008281
    -0.008069   -0.007857   -0.007638   -0.007417   -0.007189   -0.006957   -0.006718   -0.006473
    -0.006222   -0.005963   -0.005699   -0.005427   -0.005148   -0.004863   -0.004572   -0.004274
    -0.003970   -0.003660   -0.003345   -0.003026   -0.002703   -0.002377   -0.002049   -0.001720
    -0.001390   -0.001059   -0.000730   -0.000402   -0.000076    0.000244    0.000561    0.000873
     0.001178    0.001477    0.001768    0.002050    0.002324    0.002589    0.002843    0.003088
     0.003322    0.003545    0.003757    0.003959    0.004149    0.004328    0.004496    0.004653
     0.004800    0.004936    0.005062    0.005179    0.005287    0.005385    0.005475    0.005557
     0.005631    0.005698    0.005759    0.005813    0.005861    0.005904    0.005942    0.005975
     0.006005    0.006030    0.006052    0.006071    0.006087    0.006100    0.006111    0.006121
     0.006128    0.006134    0.006138    0.006140    0.006141    0.006141    0.006140    0.006138
     0.006134    0.006096    0.005869    0.005869    0.005869    0.005869    0.005869    0.005869
     0.005869    0.005869    0.005868    0.005868    0.005868    0.005868    0.005868    0.005868
     0.005868
  1.000000
    -0.019030   -0.019015   -0.018936   -0.018750   -0.018430   -0.017969   -0.017379   -0.016685
    -0.015929   -0.015155   -0.014406   -0.013720   -0.013124   -0.012632   -0.012246   -0.011955
    -0.011738   -0.011568   -0.011413   -0.011671   -0.011667   -0.011624   -0.011561   -0.011478
    -0.011383   -0.011278   -0.011161   -0.011031   -0.010891   -0.010736   -0.010571   -0.010400
    -0.010226   -0.010049   -0.009868   -0.009685   -0.009494   -0.009295   -0.009092   -0.008884
    -0.008670   -0.008448   -0.008221   -0.007986   -0.007744   -0.007498   -0.007240   -0.006976
    -0.006706   -0.006429   -0.006146   -0.005858   -0.005566   -0.005263   -0.004959   -0.004650
    -0.004338   -0.004025   -0.003705   -0.003386   -0.003066   -0.002745   -0.002426   -0.002105
    -0.001787   -0.001472   -0.001162   -0.000851   -0.000546   -0.000246    0.000049    0.000337
     0.000620    0.000896    0.001165    0.001426    0.001680    0.001926    0.002163    0.002392
     0.002612    0.002823    0.003026    0.003219    0.003404    0.003579    0.003745    0.003902
     0.004051    0.004190    0.004322    0.004444    0.004559    0.004666    0.004765    0.004856
     0.004941    0.005018    0.005089    0.005155    0.005214    0.005268    0.005318    0.005363
     0.005403    0.005439    0.005471    0.005500    0.005525    0.005547    0.005567    0.005583
     0.005597    0.005641    0.005869    0.005869    0.005869    0.005869    0.005869    0.005869
     0.005869    0.005869    0.005868    0.005868    0.005868    0.005868    0.005868    0.005868
     0.005868
  1.000000  0.000000
     0.243600    0.243600    0.243600    0.243600    0.243600    0.243600    0.243600    0.243600
     0.243600    0.243600    0.243600    0.243600    0.243600    0.243600    0.243600    0.243600
     0.243600    0.243600    0.243600    0.243600    0.243600    0.243600    0.243600    0.243600
     0.243600    0.243600    0.243600    0.243600    0.243600    0.243600    0.243600    0.243600
     0.243600    0.243600    0.243600    0.243600    0.243600    0.243600    0.243600    0.243600
     0.243600    0.243600    0.243600    0.243600    0.243600    0.243600    0.243600    0.243600
     0.243600    0.243600    0.243600    0.243600    0.243600    0.243600    0.243600    0.243600
     0.243600    0.243600    0.243600    0.243600    0.243600    0.243600    0.243600    0.243600
     0.243600    0.243600    0.243600    0.243600    0.243600    0.243600    0.243600    0.243600
     0.243600    0.243600    0.243600    0.243600    0.243600    0.243600    0.243600    0.243600
     0.243600    0.243600    0.243600    0.243600    0.243600    0.243600    0.243600    0.243600
     0.243600    0.243600    0.243600    0.243600    0.243600    0.243600    0.243600    0.243600
     0.243600    0.243600    0.243600    0.243600    0.243601    0.243603    0.243605    0.243612
     0.243638    0.243669    0.243700    0.243730    0.243761    0.243790    0.243820    0.243850
     0.243881    0.243912    0.243934    0.243912    0.243889    0.243860    0.243823    0.243776
     0.243717    0.243644    0.243603    0.243600    0.243600    0.243600    0.243600    0.243600
     0.243600
 ***************************************************************
  ROW NUMBER           6  SECTION NUMBER            7
           0           0           0  IF_DESIGN etc 
   1.00000   0.00000    0
     0.610600    0.613441    0.616222    0.618904    0.621453    0.623835    0.626027    0.628006
     0.629760    0.631281    0.632569    0.633631    0.634482    0.635140    0.635634    0.635994
     0.636255    0.636455    0.636635    0.636815    0.637002    0.637196    0.637396    0.637601
     0.637810    0.638025    0.638244    0.638467    0.638696    0.638931    0.639171    0.639418
     0.639673    0.639936    0.640208    0.640489    0.640782    0.641086    0.641404    0.641735
     0.642080    0.642442    0.642820    0.643215    0.643629    0.644062    0.644516    0.644990
     0.645485    0.646003    0.646543    0.647106    0.647693    0.648304    0.648938    0.649597
     0.650280    0.650986    0.651717    0.652471    0.653249    0.654049    0.654872    0.655717
     0.656582    0.657468    0.658373    0.659296    0.660236    0.661193    0.662164    0.663148
     0.664145    0.665152    0.666169    0.667193    0.668223    0.669257    0.670294    0.671333
     0.672370    0.673405    0.674436    0.675461    0.676479    0.677487    0.678485    0.679471
     0.680443    0.681400    0.682341    0.683264    0.684168    0.685053    0.685917    0.686760
     0.687582    0.688382    0.689160    0.689917    0.690652    0.691367    0.692062    0.692737
     0.693395    0.694038    0.694668    0.695288    0.695901    0.696510    0.697120    0.697734
     0.698357    0.698994    0.699445    0.698994    0.698509    0.697922    0.697171    0.696204
     0.694976    0.693459    0.691635    0.689508    0.687090    0.684412    0.681518    0.678460
     0.675300
  1.000000  0.000000
    -0.019030   -0.018991   -0.018851   -0.018583   -0.018174   -0.017629   -0.016968   -0.016222
    -0.015431   -0.014638   -0.013884   -0.013202   -0.012616   -0.012136   -0.011761   -0.011480
    -0.011272   -0.011110   -0.010962   -0.010507   -0.010210   -0.009953   -0.009718   -0.009498
    -0.009289   -0.009094   -0.008907   -0.008718   -0.008528   -0.008336   -0.008140   -0.007943
    -0.007741   -0.007537   -0.007327   -0.007115   -0.006896   -0.006674   -0.006444   -0.006209
    -0.005968   -0.005719   -0.005466   -0.005205   -0.004936   -0.004663   -0.004383   -0.004096
    -0.003803   -0.003505   -0.003203   -0.002896   -0.002585   -0.002271   -0.001956   -0.001638
    -0.001321   -0.001003   -0.000685   -0.000370   -0.000056    0.000252    0.000557    0.000858
     0.001151    0.001439    0.001719    0.001991    0.002254    0.002509    0.002754    0.002989
     0.003214    0.003428    0.003632    0.003825    0.004008    0.004179    0.004341    0.004491
     0.004632    0.004762    0.004883    0.004995    0.005097    0.005191    0.005277    0.005355
     0.005425    0.005489    0.005546    0.005598    0.005643    0.005684    0.005720    0.005751
     0.005778    0.005802    0.005823    0.005840    0.005855    0.005867    0.005878    0.005886
     0.005893    0.005898    0.005901    0.005903    0.005904    0.005904    0.005902    0.005900
     0.005896    0.005858    0.005633    0.005633    0.005633    0.005633    0.005633    0.005633
     0.005633    0.005633    0.005632    0.005632    0.005632    0.005632    0.005632    0.005632
     0.005632
  1.000000
    -0.019030   -0.018991   -0.018851   -0.018583   -0.018174   -0.017629   -0.016968   -0.016222
    -0.015431   -0.014638   -0.013884   -0.013202   -0.012616   -0.012136   -0.011761   -0.011480
    -0.011272   -0.011110   -0.010962   -0.011215   -0.011215   -0.011176   -0.011118   -0.011042
    -0.010953   -0.010854   -0.010743   -0.010620   -0.010487   -0.010339   -0.010182   -0.010020
    -0.009854   -0.009685   -0.009513   -0.009338   -0.009157   -0.008967   -0.008774   -0.008575
    -0.008371   -0.008160   -0.007943   -0.007719   -0.007489   -0.007253   -0.007007   -0.006755
    -0.006497   -0.006232   -0.005962   -0.005685   -0.005406   -0.005116   -0.004825   -0.004529
    -0.004230   -0.003929   -0.003623   -0.003316   -0.003009   -0.002701   -0.002395   -0.002086
    -0.001780   -0.001477   -0.001178   -0.000879   -0.000585   -0.000297   -0.000012    0.000266
     0.000539    0.000805    0.001065    0.001317    0.001563    0.001800    0.002030    0.002251
     0.002464    0.002669    0.002865    0.003052    0.003231    0.003401    0.003562    0.003715
     0.003859    0.003994    0.004122    0.004241    0.004353    0.004456    0.004552    0.004641
     0.004724    0.004799    0.004869    0.004932    0.004990    0.005043    0.005091    0.005134
     0.005174    0.005209    0.005240    0.005268    0.005293    0.005315    0.005334    0.005350
     0.005363    0.005407    0.005633    0.005633    0.005633    0.005633    0.005633    0.005633
     0.005633    0.005633    0.005632    0.005632    0.005632    0.005632    0.005632    0.005632
     0.005632
  1.000000  0.000000
     0.254320    0.254320    0.254320    0.254320    0.254320    0.254320    0.254320    0.254320
     0.254320    0.254320    0.254320    0.254320    0.254320    0.254320    0.254320    0.254320
     0.254320    0.254320    0.254320    0.254320    0.254320    0.254320    0.254320    0.254320
     0.254320    0.254320    0.254320    0.254320    0.254320    0.254320    0.254320    0.254320
     0.254320    0.254320    0.254320    0.254320    0.254320    0.254320    0.254320    0.254320
     0.254320    0.254320    0.254320    0.254320    0.254320    0.254320    0.254320    0.254320
     0.254320    0.254320    0.254320    0.254320    0.254320    0.254320    0.254320    0.254320
     0.254320    0.254320    0.254320    0.254320    0.254320    0.254320    0.254320    0.254320
     0.254320    0.254320    0.254320    0.254320    0.254320    0.254320    0.254320    0.254320
     0.254320    0.254320    0.254320    0.254320    0.254320    0.254320    0.254320    0.254320
     0.254320    0.254320    0.254320    0.254320    0.254320    0.254320    0.254320    0.254320
     0.254320    0.254320    0.254320    0.254320    0.254320    0.254320    0.254320    0.254320
     0.254320    0.254320    0.254320    0.254320    0.254321    0.254322    0.254324    0.254332
     0.254362    0.254399    0.254435    0.254471    0.254506    0.254542    0.254577    0.254612
     0.254648    0.254685    0.254711    0.254685    0.254657    0.254623    0.254580    0.254525
     0.254455    0.254369    0.254323    0.254320    0.254320    0.254320    0.254320    0.254320
     0.254320
 ***************************************************************
  ROW NUMBER           6  SECTION NUMBER            8
           0           0           0  IF_DESIGN etc 
   1.00000   0.00000    0
     0.610600    0.613468    0.616275    0.618982    0.621553    0.623958    0.626169    0.628166
     0.629934    0.631468    0.632765    0.633835    0.634691    0.635353    0.635848    0.636207
     0.636467    0.636665    0.636843    0.637021    0.637206    0.637398    0.637595    0.637797
     0.638005    0.638216    0.638433    0.638654    0.638880    0.639112    0.639349    0.639594
     0.639845    0.640105    0.640374    0.640652    0.640941    0.641242    0.641555    0.641883
     0.642224    0.642581    0.642955    0.643346    0.643755    0.644183    0.644631    0.645099
     0.645589    0.646101    0.646634    0.647191    0.647771    0.648374    0.649001    0.649652
     0.650327    0.651025    0.651747    0.652493    0.653261    0.654052    0.654866    0.655700
     0.656555    0.657431    0.658325    0.659237    0.660166    0.661112    0.662071    0.663044
     0.664029    0.665025    0.666029    0.667041    0.668059    0.669081    0.670106    0.671132
     0.672157    0.673180    0.674199    0.675212    0.676218    0.677214    0.678200    0.679175
     0.680135    0.681081    0.682010    0.682922    0.683816    0.684690    0.685544    0.686378
     0.687190    0.687981    0.688750    0.689497    0.690224    0.690931    0.691617    0.692285
     0.692935    0.693569    0.694191    0.694803    0.695408    0.696010    0.696611    0.697217
     0.697832    0.698462    0.698907    0.698462    0.697983    0.697405    0.696668    0.695720
     0.694518    0.693033    0.691251    0.689172    0.686811    0.684196    0.681370    0.678384
     0.675300
  1.000000  0.000000
    -0.019030   -0.018949   -0.018699   -0.018284   -0.017717   -0.017023   -0.016236   -0.015396
    -0.014544   -0.013720   -0.012958   -0.012285   -0.011717   -0.011258   -0.010904   -0.010641
    -0.010448   -0.010299   -0.010164   -0.009702   -0.009424   -0.009184   -0.008964   -0.008758
    -0.008563   -0.008383   -0.008210   -0.008036   -0.007861   -0.007684   -0.007503   -0.007322
    -0.007135   -0.006947   -0.006754   -0.006558   -0.006355   -0.006150   -0.005937   -0.005720
    -0.005497   -0.005267   -0.005032   -0.004791   -0.004542   -0.004289   -0.004029   -0.003764
    -0.003492   -0.003216   -0.002935   -0.002651   -0.002363   -0.002071   -0.001778   -0.001483
    -0.001188   -0.000893   -0.000598   -0.000305   -0.000014    0.000272    0.000556    0.000835
     0.001107    0.001374    0.001634    0.001886    0.002130    0.002366    0.002593    0.002811
     0.003019    0.003217    0.003405    0.003584    0.003752    0.003910    0.004059    0.004197
     0.004326    0.004446    0.004556    0.004658    0.004751    0.004837    0.004915    0.004985
     0.005049    0.005107    0.005158    0.005204    0.005245    0.005281    0.005313    0.005341
     0.005365    0.005386    0.005403    0.005418    0.005431    0.005441    0.005450    0.005457
     0.005462    0.005466    0.005468    0.005470    0.005470    0.005469    0.005467    0.005464
     0.005460    0.005422    0.005201    0.005201    0.005201    0.005201    0.005201    0.005201
     0.005201    0.005201    0.005200    0.005201    0.005201    0.005201    0.005201    0.005201
     0.005201
  1.000000
    -0.019030   -0.018949   -0.018699   -0.018284   -0.017717   -0.017023   -0.016236   -0.015396
    -0.014544   -0.013720   -0.012958   -0.012285   -0.011717   -0.011258   -0.010904   -0.010641
    -0.010448   -0.010299   -0.010164   -0.010380   -0.010386   -0.010356   -0.010307   -0.010243
    -0.010164   -0.010076   -0.009979   -0.009867   -0.009745   -0.009612   -0.009469   -0.009321
    -0.009171   -0.009017   -0.008861   -0.008700   -0.008535   -0.008365   -0.008189   -0.008007
    -0.007821   -0.007628   -0.007430   -0.007226   -0.007015   -0.006799   -0.006576   -0.006345
    -0.006108   -0.005866   -0.005617   -0.005364   -0.005106   -0.004842   -0.004573   -0.004301
    -0.004026   -0.003748   -0.003467   -0.003183   -0.002899   -0.002614   -0.002331   -0.002046
    -0.001762   -0.001481   -0.001203   -0.000926   -0.000653   -0.000385   -0.000120    0.000140
     0.000394    0.000643    0.000885    0.001121    0.001351    0.001573    0.001788    0.001996
     0.002196    0.002388    0.002572    0.002748    0.002916    0.003077    0.003229    0.003373
     0.003509    0.003637    0.003757    0.003870    0.003975    0.004073    0.004165    0.004249
     0.004327    0.004399    0.004465    0.004525    0.004580    0.004630    0.004675    0.004717
     0.004754    0.004788    0.004818    0.004845    0.004868    0.004889    0.004907    0.004923
     0.004936    0.004979    0.005201    0.005201    0.005201    0.005201    0.005201    0.005201
     0.005201    0.005201    0.005200    0.005201    0.005201    0.005201    0.005201    0.005201
     0.005201
  1.000000  0.000000
     0.275760    0.275760    0.275760    0.275760    0.275760    0.275760    0.275760    0.275760
     0.275760    0.275760    0.275760    0.275760    0.275760    0.275760    0.275760    0.275760
     0.275760    0.275760    0.275760    0.275760    0.275760    0.275760    0.275760    0.275760
     0.275760    0.275760    0.275760    0.275760    0.275760    0.275760    0.275760    0.275760
     0.275760    0.275760    0.275760    0.275760    0.275760    0.275760    0.275760    0.275760
     0.275760    0.275760    0.275760    0.275760    0.275760    0.275760    0.275760    0.275760
     0.275760    0.275760    0.275760    0.275760    0.275760    0.275760    0.275760    0.275760
     0.275760    0.275760    0.275760    0.275760    0.275760    0.275760    0.275760    0.275760
     0.275760    0.275760    0.275760    0.275760    0.275760    0.275760    0.275760    0.275760
     0.275760    0.275760    0.275760    0.275760    0.275760    0.275760    0.275760    0.275760
     0.275760    0.275760    0.275760    0.275760    0.275760    0.275760    0.275760    0.275760
     0.275760    0.275760    0.275760    0.275760    0.275760    0.275760    0.275760    0.275760
     0.275760    0.275760    0.275760    0.275760    0.275760    0.275761    0.275762    0.275771
     0.275810    0.275858    0.275905    0.275952    0.275998    0.276044    0.276090    0.276136
     0.276183    0.276231    0.276264    0.276231    0.276194    0.276150    0.276094    0.276023
     0.275932    0.275819    0.275761    0.275760    0.275760    0.275760    0.275760    0.275760
     0.275760
 ***************************************************************
  ROW NUMBER           6  SECTION NUMBER            9
           0           0           0  IF_DESIGN etc 
   1.00000   0.00000    0
     0.610600    0.613481    0.616301    0.619020    0.621604    0.624019    0.626240    0.628245
     0.630021    0.631560    0.632863    0.633937    0.634795    0.635458    0.635954    0.636313
     0.636572    0.636770    0.636947    0.637123    0.637308    0.637498    0.637694    0.637895
     0.638101    0.638312    0.638527    0.638747    0.638972    0.639202    0.639438    0.639681
     0.639932    0.640190    0.640457    0.640734    0.641021    0.641320    0.641632    0.641957
     0.642297    0.642652    0.643023    0.643412    0.643819    0.644244    0.644690    0.645156
     0.645642    0.646151    0.646682    0.647235    0.647812    0.648412    0.649035    0.649682
     0.650353    0.651047    0.651765    0.652506    0.653271    0.654057    0.654866    0.655695
     0.656546    0.657416    0.658305    0.659212    0.660136    0.661076    0.662030    0.662997
     0.663977    0.664966    0.665965    0.666971    0.667983    0.669000    0.670019    0.671039
     0.672058    0.673075    0.674088    0.675095    0.676095    0.677086    0.678067    0.679035
     0.679990    0.680930    0.681855    0.682761    0.683650    0.684519    0.685368    0.686197
     0.687005    0.687791    0.688555    0.689299    0.690021    0.690724    0.691407    0.692071
     0.692716    0.693347    0.693965    0.694573    0.695174    0.695772    0.696370    0.696972
     0.697583    0.698208    0.698651    0.698208    0.697733    0.697160    0.696429    0.695490
     0.694300    0.692832    0.691069    0.689013    0.686679    0.684094    0.681300    0.678349
     0.675300
  1.000000  0.000000
    -0.019030   -0.018929   -0.018630   -0.018148   -0.017509   -0.016747   -0.015903   -0.015020
    -0.014140   -0.013302   -0.012537   -0.011868   -0.011308   -0.010859   -0.010515   -0.010260
    -0.010074   -0.009931   -0.009802   -0.009332   -0.009062   -0.008830   -0.008617   -0.008417
    -0.008229   -0.008056   -0.007889   -0.007722   -0.007553   -0.007384   -0.007209   -0.007035
    -0.006856   -0.006675   -0.006489   -0.006300   -0.006105   -0.005908   -0.005703   -0.005494
    -0.005279   -0.005058   -0.004832   -0.004599   -0.004360   -0.004116   -0.003866   -0.003609
    -0.003348   -0.003081   -0.002811   -0.002537   -0.002259   -0.001978   -0.001695   -0.001411
    -0.001126   -0.000841   -0.000557   -0.000274    0.000007    0.000283    0.000556    0.000825
     0.001088    0.001345    0.001596    0.001839    0.002075    0.002301    0.002520    0.002730
     0.002930    0.003121    0.003302    0.003474    0.003635    0.003787    0.003930    0.004062
     0.004186    0.004300    0.004406    0.004504    0.004593    0.004674    0.004749    0.004816
     0.004877    0.004931    0.004980    0.005024    0.005062    0.005096    0.005126    0.005152
     0.005175    0.005194    0.005211    0.005225    0.005236    0.005246    0.005253    0.005260
     0.005264    0.005267    0.005269    0.005270    0.005270    0.005269    0.005267    0.005264
     0.005259    0.005222    0.005003    0.005003    0.005003    0.005003    0.005003    0.005003
     0.005003    0.005003    0.005002    0.005002    0.005002    0.005002    0.005002    0.005002
     0.005002
  1.000000
    -0.019030   -0.018929   -0.018630   -0.018148   -0.017509   -0.016747   -0.015903   -0.015020
    -0.014140   -0.013302   -0.012537   -0.011868   -0.011308   -0.010859   -0.010515   -0.010260
    -0.010074   -0.009931   -0.009802   -0.009996   -0.010005   -0.009979   -0.009934   -0.009875
    -0.009801   -0.009718   -0.009627   -0.009520   -0.009404   -0.009277   -0.009140   -0.008999
    -0.008856   -0.008709   -0.008560   -0.008406   -0.008249   -0.008087   -0.007919   -0.007745
    -0.007567   -0.007383   -0.007193   -0.006998   -0.006796   -0.006588   -0.006376   -0.006155
    -0.005928   -0.005696   -0.005458   -0.005215   -0.004967   -0.004715   -0.004456   -0.004195
    -0.003930   -0.003663   -0.003394   -0.003120   -0.002847   -0.002573   -0.002300   -0.002026
    -0.001753   -0.001482   -0.001213   -0.000947   -0.000683   -0.000424   -0.000168    0.000083
     0.000328    0.000569    0.000803    0.001032    0.001254    0.001469    0.001678    0.001879
     0.002073    0.002259    0.002438    0.002609    0.002773    0.002928    0.003076    0.003216
     0.003348    0.003473    0.003590    0.003700    0.003802    0.003898    0.003987    0.004069
     0.004145    0.004215    0.004279    0.004338    0.004392    0.004441    0.004485    0.004525
     0.004562    0.004594    0.004624    0.004650    0.004673    0.004694    0.004712    0.004727
     0.004740    0.004782    0.005003    0.005003    0.005003    0.005003    0.005003    0.005003
     0.005003    0.005003    0.005002    0.005002    0.005002    0.005002    0.005002    0.005002
     0.005002
  1.000000  0.000000
     0.286480    0.286480    0.286480    0.286480    0.286480    0.286480    0.286480    0.286480
     0.286480    0.286480    0.286480    0.286480    0.286480    0.286480    0.286480    0.286480
     0.286480    0.286480    0.286480    0.286480    0.286480    0.286480    0.286480    0.286480
     0.286480    0.286480    0.286480    0.286480    0.286480    0.286480    0.286480    0.286480
     0.286480    0.286480    0.286480    0.286480    0.286480    0.286480    0.286480    0.286480
     0.286480    0.286480    0.286480    0.286480    0.286480    0.286480    0.286480    0.286480
     0.286480    0.286480    0.286480    0.286480    0.286480    0.286480    0.286480    0.286480
     0.286480    0.286480    0.286480    0.286480    0.286480    0.286480    0.286480    0.286480
     0.286480    0.286480    0.286480    0.286480    0.286480    0.286480    0.286480    0.286480
     0.286480    0.286480    0.286480    0.286480    0.286480    0.286480    0.286480    0.286480
     0.286480    0.286480    0.286480    0.286480    0.286480    0.286480    0.286480    0.286480
     0.286480    0.286480    0.286480    0.286480    0.286480    0.286480    0.286480    0.286480
     0.286480    0.286480    0.286480    0.286480    0.286480    0.286481    0.286481    0.286491
     0.286534    0.286588    0.286640    0.286692    0.286744    0.286795    0.286846    0.286898
     0.286950    0.287003    0.287041    0.287003    0.286963    0.286914    0.286851    0.286771
     0.286670    0.286545    0.286481    0.286480    0.286480    0.286480    0.286480    0.286480
     0.286480
 ***************************************************************
  ROW NUMBER           6  SECTION NUMBER            10
           0           0           0  IF_DESIGN etc 
   1.00000   0.00000    0
     0.610600    0.613488    0.616314    0.619040    0.621629    0.624049    0.626275    0.628284
     0.630064    0.631607    0.632912    0.633987    0.634846    0.635511    0.636007    0.636366
     0.636625    0.636822    0.636998    0.637175    0.637358    0.637548    0.637744    0.637944
     0.638150    0.638360    0.638574    0.638794    0.639018    0.639247    0.639483    0.639725
     0.639975    0.640232    0.640499    0.640775    0.641061    0.641360    0.641670    0.641995
     0.642333    0.642687    0.643058    0.643445    0.643851    0.644275    0.644720    0.645184
     0.645670    0.646177    0.646706    0.647258    0.647833    0.648431    0.649053    0.649698
     0.650367    0.651059    0.651775    0.652514    0.653276    0.654061    0.654867    0.655694
     0.656542    0.657410    0.658297    0.659201    0.660122    0.661059    0.662011    0.662976
     0.663952    0.664939    0.665935    0.666938    0.667947    0.668961    0.669977    0.670994
     0.672011    0.673025    0.674035    0.675039    0.676036    0.677024    0.678002    0.678968
     0.679920    0.680858    0.681779    0.682684    0.683570    0.684437    0.685283    0.686110
     0.686915    0.687699    0.688461    0.689203    0.689923    0.690624    0.691305    0.691967
     0.692611    0.693239    0.693855    0.694462    0.695061    0.695657    0.696253    0.696853
     0.697462    0.698086    0.698527    0.698086    0.697612    0.697041    0.696313    0.695379
     0.694195    0.692734    0.690981    0.688936    0.686615    0.684044    0.681266    0.678331
     0.675300
  1.000000  0.000000
    -0.019030   -0.018920   -0.018597   -0.018083   -0.017410   -0.016615   -0.015744   -0.014840
    -0.013947   -0.013102   -0.012336   -0.011669   -0.011112   -0.010668   -0.010328   -0.010078
    -0.009895   -0.009755   -0.009628   -0.009156   -0.008891   -0.008662   -0.008452   -0.008256
    -0.008070   -0.007901   -0.007737   -0.007573   -0.007407   -0.007241   -0.007070   -0.006899
    -0.006723   -0.006546   -0.006363   -0.006178   -0.005987   -0.005792   -0.005591   -0.005387
    -0.005176   -0.004958   -0.004736   -0.004508   -0.004273   -0.004033   -0.003787   -0.003536
    -0.003279   -0.003017   -0.002751   -0.002482   -0.002209   -0.001933   -0.001655   -0.001376
    -0.001096   -0.000816   -0.000537   -0.000259    0.000017    0.000288    0.000557    0.000821
     0.001079    0.001332    0.001578    0.001817    0.002048    0.002271    0.002486    0.002692
     0.002888    0.003076    0.003253    0.003421    0.003580    0.003729    0.003869    0.003998
     0.004120    0.004232    0.004335    0.004431    0.004518    0.004598    0.004670    0.004736
     0.004795    0.004848    0.004896    0.004938    0.004976    0.005009    0.005038    0.005063
     0.005085    0.005104    0.005119    0.005133    0.005144    0.005153    0.005160    0.005166
     0.005170    0.005173    0.005175    0.005176    0.005175    0.005174    0.005172    0.005169
     0.005165    0.005127    0.004909    0.004909    0.004909    0.004909    0.004909    0.004909
     0.004909    0.004909    0.004908    0.004908    0.004908    0.004908    0.004908    0.004908
     0.004908
  1.000000
    -0.019030   -0.018920   -0.018597   -0.018083   -0.017410   -0.016615   -0.015744   -0.014840
    -0.013947   -0.013102   -0.012336   -0.011669   -0.011112   -0.010668   -0.010328   -0.010078
    -0.009895   -0.009755   -0.009628   -0.009814   -0.009824   -0.009800   -0.009757   -0.009701
    -0.009629   -0.009549   -0.009460   -0.009356   -0.009242   -0.009118   -0.008984   -0.008846
    -0.008707   -0.008563   -0.008417   -0.008267   -0.008113   -0.007955   -0.007791   -0.007620
    -0.007446   -0.007266   -0.007081   -0.006890   -0.006692   -0.006488   -0.006281   -0.006064
    -0.005842   -0.005614   -0.005381   -0.005143   -0.004901   -0.004654   -0.004400   -0.004144
    -0.003884   -0.003622   -0.003358   -0.003090   -0.002822   -0.002553   -0.002285   -0.002016
    -0.001748   -0.001482   -0.001217   -0.000956   -0.000697   -0.000442   -0.000191    0.000056
     0.000298    0.000534    0.000765    0.000990    0.001209    0.001421    0.001626    0.001824
     0.002015    0.002199    0.002375    0.002544    0.002705    0.002858    0.003004    0.003142
     0.003272    0.003395    0.003511    0.003619    0.003721    0.003815    0.003903    0.003984
     0.004059    0.004128    0.004191    0.004249    0.004303    0.004351    0.004395    0.004435
     0.004471    0.004503    0.004532    0.004558    0.004581    0.004601    0.004619    0.004634
     0.004647    0.004689    0.004909    0.004909    0.004909    0.004909    0.004909    0.004909
     0.004909    0.004909    0.004908    0.004908    0.004908    0.004908    0.004908    0.004908
     0.004908
  1.000000  0.000000
     0.291840    0.291840    0.291840    0.291840    0.291840    0.291840    0.291840    0.291840
     0.291840    0.291840    0.291840    0.291840    0.291840    0.291840    0.291840    0.291840
     0.291840    0.291840    0.291840    0.291840    0.291840    0.291840    0.291840    0.291840
     0.291840    0.291840    0.291840    0.291840    0.291840    0.291840    0.291840    0.291840
     0.291840    0.291840    0.291840    0.291840    0.291840    0.291840    0.291840    0.291840
     0.291840    0.291840    0.291840    0.291840    0.291840    0.291840    0.291840    0.291840
     0.291840    0.291840    0.291840    0.291840    0.291840    0.291840    0.291840    0.291840
     0.291840    0.291840    0.291840    0.291840    0.291840    0.291840    0.291840    0.291840
     0.291840    0.291840    0.291840    0.291840    0.291840    0.291840    0.291840    0.291840
     0.291840    0.291840    0.291840    0.291840    0.291840    0.291840    0.291840    0.291840
     0.291840    0.291840    0.291840    0.291840    0.291840    0.291840    0.291840    0.291840
     0.291840    0.291840    0.291840    0.291840    0.291840    0.291840    0.291840    0.291840
     0.291840    0.291840    0.291840    0.291840    0.291840    0.291840    0.291840    0.291851
     0.291896    0.291952    0.292008    0.292063    0.292117    0.292171    0.292224    0.292278
     0.292333    0.292390    0.292429    0.292390    0.292347    0.292295    0.292230    0.292146
     0.292039    0.291907    0.291840    0.291840    0.291840    0.291840    0.291840    0.291840
     0.291840
 ***************************************************************
  ROW NUMBER           6  SECTION NUMBER            11
           0           0           0  IF_DESIGN etc 
   1.00000   0.00000    0
     0.610600    0.613494    0.616327    0.619059    0.621654    0.624079    0.626310    0.628324
     0.630107    0.631653    0.632960    0.634038    0.634898    0.635563    0.636060    0.636419
     0.636677    0.636874    0.637050    0.637226    0.637409    0.637598    0.637793    0.637994
     0.638198    0.638408    0.638622    0.638840    0.639064    0.639293    0.639528    0.639769
     0.640018    0.640275    0.640541    0.640816    0.641102    0.641399    0.641709    0.642032
     0.642370    0.642723    0.643093    0.643479    0.643884    0.644307    0.644750    0.645213
     0.645697    0.646203    0.646731    0.647281    0.647854    0.648451    0.649071    0.649714
     0.650381    0.651072    0.651786    0.652523    0.653283    0.654065    0.654869    0.655694
     0.656539    0.657405    0.658289    0.659191    0.660110    0.661044    0.661993    0.662955
     0.663929    0.664913    0.665906    0.666907    0.667913    0.668924    0.669937    0.670951
     0.671965    0.672976    0.673983    0.674985    0.675979    0.676965    0.677940    0.678903
     0.679853    0.680788    0.681706    0.682608    0.683492    0.684356    0.685201    0.686025
     0.686828    0.687609    0.688370    0.689109    0.689828    0.690526    0.691205    0.691866
     0.692508    0.693134    0.693749    0.694353    0.694951    0.695545    0.696139    0.696737
     0.697345    0.697966    0.698406    0.697966    0.697494    0.696925    0.696201    0.695270
     0.694092    0.692639    0.690895    0.688861    0.686552    0.683996    0.681233    0.678315
     0.675300
  1.000000  0.000000
    -0.019030   -0.018911   -0.018565   -0.018020   -0.017313   -0.016487   -0.015589   -0.014666
    -0.013760   -0.012908   -0.012140   -0.011475   -0.010922   -0.010482   -0.010147   -0.009900
    -0.009720   -0.009583   -0.009459   -0.008988   -0.008726   -0.008500   -0.008294   -0.008100
    -0.007918   -0.007751   -0.007590   -0.007430   -0.007267   -0.007104   -0.006936   -0.006768
    -0.006596   -0.006421   -0.006242   -0.006060   -0.005872   -0.005682   -0.005484   -0.005283
    -0.005076   -0.004862   -0.004644   -0.004420   -0.004189   -0.003953   -0.003712   -0.003465
    -0.003212   -0.002955   -0.002694   -0.002429   -0.002161   -0.001890   -0.001616   -0.001342
    -0.001067   -0.000792   -0.000517   -0.000244    0.000027    0.000294    0.000558    0.000818
     0.001071    0.001320    0.001561    0.001796    0.002023    0.002242    0.002453    0.002655
     0.002848    0.003032    0.003206    0.003372    0.003527    0.003673    0.003810    0.003937
     0.004056    0.004166    0.004267    0.004361    0.004446    0.004524    0.004595    0.004659
     0.004717    0.004769    0.004815    0.004856    0.004893    0.004925    0.004953    0.004977
     0.004999    0.005017    0.005032    0.005045    0.005056    0.005064    0.005071    0.005077
     0.005081    0.005083    0.005085    0.005085    0.005085    0.005083    0.005081    0.005078
     0.005074    0.005036    0.004819    0.004819    0.004819    0.004819    0.004819    0.004819
     0.004819    0.004819    0.004819    0.004819    0.004819    0.004819    0.004819    0.004819
     0.004819
  1.000000
    -0.019030   -0.018911   -0.018565   -0.018020   -0.017313   -0.016487   -0.015589   -0.014666
    -0.013760   -0.012908   -0.012140   -0.011475   -0.010922   -0.010482   -0.010147   -0.009900
    -0.009720   -0.009583   -0.009459   -0.009639   -0.009650   -0.009628   -0.009588   -0.009533
    -0.009464   -0.009386   -0.009299   -0.009198   -0.009087   -0.008965   -0.008834   -0.008700
    -0.008563   -0.008423   -0.008279   -0.008132   -0.007982   -0.007828   -0.007667   -0.007500
    -0.007330   -0.007154   -0.006972   -0.006785   -0.006591   -0.006392   -0.006189   -0.005977
    -0.005759   -0.005536   -0.005308   -0.005074   -0.004836   -0.004594   -0.004345   -0.004094
    -0.003840   -0.003582   -0.003324   -0.003061   -0.002798   -0.002533   -0.002270   -0.002006
    -0.001742   -0.001481   -0.001221   -0.000964   -0.000709   -0.000459   -0.000212    0.000031
     0.000269    0.000502    0.000729    0.000950    0.001165    0.001374    0.001576    0.001772
     0.001960    0.002141    0.002315    0.002481    0.002640    0.002791    0.002935    0.003071
     0.003200    0.003321    0.003435    0.003542    0.003642    0.003735    0.003822    0.003902
     0.003976    0.004045    0.004107    0.004165    0.004217    0.004265    0.004308    0.004348
     0.004383    0.004415    0.004444    0.004470    0.004492    0.004512    0.004530    0.004545
     0.004557    0.004600    0.004819    0.004819    0.004819    0.004819    0.004819    0.004819
     0.004819    0.004819    0.004819    0.004819    0.004819    0.004819    0.004819    0.004819
     0.004819
  1.000000  0.000000
     0.297200    0.297200    0.297200    0.297200    0.297200    0.297200    0.297200    0.297200
     0.297200    0.297200    0.297200    0.297200    0.297200    0.297200    0.297200    0.297200
     0.297200    0.297200    0.297200    0.297200    0.297200    0.297200    0.297200    0.297200
     0.297200    0.297200    0.297200    0.297200    0.297200    0.297200    0.297200    0.297200
     0.297200    0.297200    0.297200    0.297200    0.297200    0.297200    0.297200    0.297200
     0.297200    0.297200    0.297200    0.297200    0.297200    0.297200    0.297200    0.297200
     0.297200    0.297200    0.297200    0.297200    0.297200    0.297200    0.297200    0.297200
     0.297200    0.297200    0.297200    0.297200    0.297200    0.297200    0.297200    0.297200
     0.297200    0.297200    0.297200    0.297200    0.297200    0.297200    0.297200    0.297200
     0.297200    0.297200    0.297200    0.297200    0.297200    0.297200    0.297200    0.297200
     0.297200    0.297200    0.297200    0.297200    0.297200    0.297200    0.297200    0.297200
     0.297200    0.297200    0.297200    0.297200    0.297200    0.297200    0.297200    0.297200
     0.297200    0.297200    0.297200    0.297200    0.297200    0.297200    0.297200    0.297211
     0.297258    0.297317    0.297376    0.297433    0.297490    0.297546    0.297603    0.297659
     0.297717    0.297776    0.297818    0.297776    0.297731    0.297677    0.297608    0.297520
     0.297408    0.297270    0.297200    0.297200    0.297200    0.297200    0.297200    0.297200
     0.297200
  STARTING INLET BOUNDARY CONDITION DATA .
  NUMBER OF POINTS FOR INLET BOUNDARY CONDITIONS 
        37
  SPACING OF INLET BOUNDARY CONDITION POINTS 
1.000000 1.385743 1.856644 2.428309 3.117521 3.941360 4.915740 6.053166
7.359609 8.830507 10.446177 12.167338 13.931915 15.654741 17.231756 18.549715
19.500851 20.000000 20.000000 19.500851 18.549715 17.231756 15.654741 13.931915
12.167338 10.446177 8.830507 7.359609 6.053166 4.915740 3.941360 3.117521
2.428309 1.856644 1.385743 1.000000
   INLET STAGNATION PRESSURES 
101325.000000 101325.000000 101325.000000 101325.000000 101325.000000 101325.000000 101325.000000 101325.000000
101325.000000 101325.000000 101325.000000 101325.000000 101325.000000 101325.000000 101325.000000 101325.000000
101325.000000 101325.000000 101325.000000 101325.000000 101325.000000 101325.000000 101325.000000 101325.000000
101325.000000 101325.000000 101325.000000 101325.000000 101325.000000 101325.000000 101325.000000 101325.000000
101325.000000 101325.000000 101325.000000 101325.000000 101325.000000
   INLET STAGNATION TEMPERATURES 
293.150000 293.150000 293.150000 293.150000 293.150000 293.150000 293.150000 293.150000
293.150000 293.150000 293.150000 293.150000 293.150000 293.150000 293.150000 293.150000
293.150000 293.150000 293.150000 293.150000 293.150000 293.150000 293.150000 293.150000
293.150000 293.150000 293.150000 293.150000 293.150000 293.150000 293.150000 293.150000
293.150000 293.150000 293.150000 293.150000 293.150000
   INLET ABSOLUTE TANGENTIAL VELOCITY 
0.000000 0.000000 0.000000 0.000000 0.000000 0.000000 0.000000 0.000000
0.000000 0.000000 0.000000 0.000000 0.000000 0.000000 0.000000 0.000000
0.000000 0.000000 0.000000 0.000000 0.000000 0.000000 0.000000 0.000000
0.000000 0.000000 0.000000 0.000000 0.000000 0.000000 0.000000 0.000000
0.000000 0.000000 0.000000 0.000000 0.000000
   INLET MERIDIONAL VELOCITY 
142.379900 142.379900 142.379900 142.379900 142.379900 142.379900 142.379900 142.379900
142.379900 142.379900 142.379900 142.379900 142.379900 142.379900 142.379900 142.379900
142.379900 142.379900 142.379900 142.379900 142.379900 142.379900 142.379900 142.379900
142.379900 142.379900 142.379900 142.379900 142.379900 142.379900 142.379900 142.379900
142.379900 142.379900 142.379900 142.379900 142.379900
   INLET MERIDIONAL YAW ANGLE 
0.000000 0.000000 0.000000 0.000000 0.000000 0.000000 0.000000 0.000000
0.000000 0.000000 0.000000 0.000000 0.000000 0.000000 0.000000 0.000000
0.000000 0.000000 0.000000 0.000000 0.000000 0.000000 0.000000 0.000000
0.000000 0.000000 0.000000 0.000000 0.000000 0.000000 0.000000 0.000000
0.000000 0.000000 0.000000 0.000000 0.000000
   INLET PITCH ANGLE 
0.000000 0.000000 0.000000 0.000000 0.000000 0.000000 0.000000 0.000000
0.000000 0.000000 0.000000 0.000000 0.000000 0.000000 0.000000 0.000000
0.000000 0.000000 0.000000 0.000000 0.000000 0.000000 0.000000 0.000000
0.000000 0.000000 0.000000 0.000000 0.000000 0.000000 0.000000 0.000000
0.000000 0.000000 0.000000 0.000000 0.000000
   PDOWN_HUB   PDOWN_TIP 
  169242.0  169242.0
 MIXING LENGTH LIMITS ON ALL BLADE ROWS
  0.030000  0.030000  0.030000  0.030000  0.030000  0.020000
  0.030000  0.030000  0.030000  0.030000  0.030000  0.020000
  0.030000  0.030000  0.030000  0.030000  0.030000  0.020000
  0.030000  0.030000  0.030000  0.030000  0.030000  0.020000
  0.030000  0.030000  0.030000  0.030000  0.030000  0.020000
  0.030000  0.030000  0.030000  0.030000  0.030000  0.020000
  FACTOR TO INCREASE THE TURBULENT VISCOSITY OVER THE FIRST NMIXUP STEPS 
   2.00000 1000
NBLEED
0
NBLEED
0
NBLEED
0
NBLEED
0
NBLEED
0
NBLEED
1
1	37	10	50	12	37	5.0
