 DATA SET FOR "multall" . GENERATED BY "stagen" .                       
    CP   and   GAMMA 
 1004.5    1.4
       ITIMST 
         3
     CFL,    DAMP,    MACHLIM,    F_PDOWN 
  0.320000 9.000000  2.000000  0.000000
  IF_RESTART 
         0
  NSTEPS_MAX, CONLIM
      9000  0.005000
   SFX,      SFT,      FAC_4TH,     NCHANGE 
  0.005000  0.005000  0.800000      1000
       NUMBER OF BLADE ROWS 
         2
        IM        KM 
        37        37
  FP(I),I=1,IMM1 
  1.000000  1.250000  1.562500  1.953125  2.441406  3.051758  3.814697  4.768372
  5.960464  7.450581  9.313226 11.641532 14.551915 18.189894 20.000000 20.000000
 20.000000 20.000000 20.000000 20.000000 20.000000 20.000000 18.189894 14.551915
 11.641532  9.313226  7.450581  5.960464  4.768372  3.814697  3.051758  2.441406
  1.953125  1.562500  1.250000  1.000000
  FR(K),K=1,KMM1 
  1.000000  1.250000  1.562500  1.953125  2.441406  3.051758  3.814697  4.768372
  5.960464  7.450581  9.313226 11.641532 14.551915 18.189894 20.000000 20.000000
 20.000000 20.000000 20.000000 20.000000 20.000000 20.000000 18.189894 14.551915
 11.641532  9.313226  7.450581  5.960464  4.768372  3.814697  3.051758  2.441406
  1.953125  1.562500  1.250000  1.000000
        IR        JR        KR        IRBB      JRBB      KRBB 
         3         3         3         9         9         9
   FBLK1,     FBLK2,     FBLK3  
  0.400000  0.200000  0.100000
       IFMIX 
         1
   RFMIX,    FEXTRAP,   FSMTHB,    FANGLE 
  0.020000  0.800000  1.000000  0.800000
      IFCOOL    IFBLEED    IF_ROUGH 
         0         0         0
       NSECS_IN 
         11
       IN_PRESS  IN_VTAN   IN_VR    IN_FLOW  IF_REPEAT  RFIN 
         0         0         1         0         0   0.50000
  IPOUT  SFEXIT  NSFEXIT 
    1  0.000000    0
  PLATE_LOSS  THROTTLE_EXIT 
  0.000000  0.000000
        ILOS      NLOS      IBOUND 
        10         5         0
   REYNO,     RF_VIS,   FTRANS, TURBVIS_LIM, PRANDTL, YPLUSWALL
  800000.0     0.500     0.000  1000.000       1.0     0.000
   YPLAM      YPTURB 
  5.000000 25.000000
      ISHIFT    NEXTRAP_LE  NEXTRAP_TE 
         2        10        10
  (NSTG(N),N=1,NROWS) 
         1         1
  5  TIME STEPS FOR PRINTOUT 
      9000      9000      9000      9000      9000
  MARKER FOR VARIABLES TO BE SENT TO THE OUTPUT FILE.
 0 0 0 0 0 0 0 0 0 0 0 0 0 0 0 0 0 0 0 0
  STREAM SURFACES ON WHICH RESULTS ARE TO BE SENT TO   THE OUTPUT FILE 
 0 0 0 0 0 0 0 0 0 0 0 0 0 0 0 0 0 0 0 0 0 0 0 0 0 0 0 0 0 0 0 0 0 0 0 0 0
 ***************************************************************
 ************STARTING THE INPUT FOR EACH BLADE ROW**************
  BLADE ROW NUMBER =        1                                           
    NUMBER OF BLADES IN ROW 
        20
        JM        JLE       JTE 
       111        26        96
      KTIPSTART  KTIPEND 
         0         0
       BOUNDARY LAYER TRANSITION POINTS 
         0         0         0         0
  SET NEWGRID= 1 TO GENERATE A NEW GRID WITH DIFFERENT "J" POINTS AND SPACINGS.
         0
   RPMROW,    RPMHUB 
    10538.584957036075    10538.584957036075
       JROTHS    JROTHE    JROTTS    JROTTE 
         1         1         1         1
   PUPROW    PLEROW   PTEROW    PDROW 
   87569.2   87569.2   120329.1  120329.1
      NSECS_ROW   INSURF  
         11         0
  IF_CUSP   IFANGLES 
         0         0
 ***************************************************************
  ROW NUMBER           1  SECTION NUMBER            1
           0           0           0  IF_DESIGN etc 
   1.00000   0.00000    0
 -0.202500 -0.181643 -0.161029 -0.140815 -0.121152 -0.102183 -0.084039 -0.066839 
 -0.050687 -0.035669 -0.021856 -0.009296  0.001979  0.011959  0.020654  0.028096 
  0.034333  0.039436  0.043491  0.046603  0.048889  0.050481  0.051522  0.052163 
  0.052561  0.052878  0.053195  0.053528  0.053876  0.054237  0.054608  0.054991 
  0.055386  0.055793  0.056215  0.056653  0.057111  0.057590  0.058095  0.058627 
  0.059190  0.059787  0.060422  0.061098  0.061817  0.062582  0.063396  0.064261 
  0.065179  0.066152  0.067182  0.068268  0.069412  0.070613  0.071872  0.073188 
  0.074560  0.075986  0.077463  0.078991  0.080566  0.082184  0.083842  0.085537 
  0.087263  0.089017  0.090793  0.092586  0.094392  0.096204  0.098017  0.099825 
  0.101624  0.103406  0.105168  0.106903  0.108607  0.110274  0.111902  0.113486 
  0.115023  0.116510  0.117946  0.119330  0.120662  0.121943  0.123175  0.124362 
  0.125508  0.126621  0.127709  0.128780  0.129847  0.130924  0.132026  0.132908 
  0.133789  0.134673  0.135561  0.136459  0.137368  0.138291  0.139230  0.140187 
  0.141160  0.142151  0.143158  0.144179  0.145212  0.146253  0.147300 
  1.000000  0.000000
  0.173216  0.172299  0.169564  0.165077  0.158960  0.151389  0.142582  0.132796 
  0.122309  0.111416  0.100409  0.089571  0.079158  0.069397  0.060472  0.052522 
  0.045633  0.039845  0.035146  0.031482  0.028757  0.026842  0.025583  0.024805 
  0.024321  0.023935  0.024501  0.024514  0.024425  0.024280  0.024097  0.023898 
  0.023660  0.023413  0.023132  0.022838  0.022507  0.022159  0.021763  0.021338 
  0.020855  0.020331  0.019766  0.019171  0.018547  0.017885  0.017191  0.016463 
  0.015698  0.014901  0.014063  0.013192  0.012287  0.011350  0.010378  0.009377 
  0.008350  0.007295  0.006219  0.005126  0.004014  0.002895  0.001772  0.000647 
 -0.000470 -0.001575 -0.002661 -0.003717 -0.004744 -0.005728 -0.006665 -0.007547 
 -0.008369 -0.009125 -0.009813 -0.010425 -0.010964 -0.011422 -0.011805 -0.012111 
 -0.012342 -0.012499 -0.012587 -0.012610 -0.012571 -0.012475 -0.012322 -0.012119 
 -0.011869 -0.011571 -0.011221 -0.010821 -0.010360 -0.009843 -0.009459 -0.009675 
 -0.009101 -0.008525 -0.007946 -0.007361 -0.006768 -0.006166 -0.005554 -0.004930 
 -0.004296 -0.003650 -0.002993 -0.002328 -0.001655 -0.000976 -0.000293 
  1.000000
  0.000000  0.000000  0.000000  0.000000  0.000000  0.000000  0.000000  0.000000 
  0.000000  0.000000  0.000000  0.000000  0.000000  0.000000  0.000000  0.000000 
  0.000000  0.000000  0.000000  0.000000  0.000000  0.000000  0.000000  0.000000 
  0.000000  0.000000  0.001944  0.002799  0.003456  0.004013  0.004482  0.004903 
  0.005273  0.005587  0.005873  0.006126  0.006357  0.006589  0.006793  0.006988 
  0.007150  0.007297  0.007431  0.007565  0.007698  0.007825  0.007951  0.008073 
  0.008185  0.008292  0.008386  0.008468  0.008537  0.008591  0.008623  0.008637 
  0.008632  0.008599  0.008543  0.008463  0.008353  0.008219  0.008060  0.007872 
  0.007662  0.007428  0.007174  0.006905  0.006616  0.006319  0.006013  0.005705 
  0.005393  0.005085  0.004783  0.004491  0.004209  0.003941  0.003688  0.003450 
  0.003230  0.003028  0.002844  0.002677  0.002524  0.002387  0.002268  0.002165 
  0.002070  0.001990  0.001923  0.001865  0.001820  0.001772  0.001454  0.000000 
  0.000000  0.000000  0.000000  0.000000  0.000000  0.000000  0.000000  0.000000 
  0.000000  0.000000  0.000000  0.000000  0.000000  0.000000  0.000000 
  1.000000  0.000000
  0.106589  0.107861  0.109118  0.110351  0.111550  0.112707  0.113814  0.114863 
  0.115848  0.116764  0.117607  0.118373  0.119103  0.119926  0.120644  0.121259 
  0.121775  0.122198  0.122534  0.122791  0.122981  0.123113  0.123199  0.123253 
  0.123286  0.123312  0.123338  0.123366  0.123395  0.123425  0.123455  0.123487 
  0.123520  0.123554  0.123588  0.123625  0.123663  0.123702  0.123744  0.123788 
  0.123834  0.123883  0.123936  0.123991  0.124051  0.124113  0.124180  0.124252 
  0.124327  0.124407  0.124492  0.124581  0.124675  0.124773  0.124877  0.124985 
  0.125097  0.125214  0.125335  0.125461  0.125590  0.125723  0.125859  0.125998 
  0.126139  0.126283  0.126429  0.126577  0.126725  0.126874  0.127023  0.127172 
  0.127321  0.127468  0.127613  0.127756  0.127897  0.128035  0.128170  0.128302 
  0.128429  0.128553  0.128672  0.128788  0.128899  0.129006  0.129109  0.129208 
  0.129304  0.129398  0.129490  0.129580  0.129670  0.129761  0.129855  0.129930 
  0.130005  0.130080  0.130156  0.130233  0.130311  0.130391  0.130473  0.130556 
  0.130641  0.130728  0.130817  0.130909  0.131002  0.131097  0.131195 
 ***************************************************************
  ROW NUMBER           1  SECTION NUMBER            2
           0           0           0  IF_DESIGN etc 
   1.00000   0.00000    0
 -0.202500 -0.181638 -0.161018 -0.140799 -0.121131 -0.102158 -0.084009 -0.066805 
 -0.050649 -0.035628 -0.021811 -0.009248  0.002030  0.012012  0.020710  0.028153 
  0.034392  0.039496  0.043552  0.046665  0.048951  0.050544  0.051585  0.052226 
  0.052624  0.052941  0.053258  0.053591  0.053939  0.054300  0.054671  0.055054 
  0.055448  0.055856  0.056278  0.056716  0.057174  0.057653  0.058157  0.058690 
  0.059253  0.059850  0.060485  0.061161  0.061880  0.062645  0.063459  0.064324 
  0.065242  0.066215  0.067244  0.068330  0.069474  0.070676  0.071935  0.073251 
  0.074622  0.076048  0.077526  0.079053  0.080628  0.082246  0.083904  0.085599 
  0.087325  0.089079  0.090855  0.092648  0.094454  0.096266  0.098079  0.099887 
  0.101685  0.103468  0.105229  0.106964  0.108668  0.110336  0.111964  0.113547 
  0.115084  0.116571  0.118007  0.119391  0.120723  0.122004  0.123236  0.124423 
  0.125569  0.126682  0.127770  0.128841  0.129908  0.130985  0.132087  0.132968 
  0.133850  0.134733  0.135621  0.136518  0.137426  0.138347  0.139283  0.140235 
  0.141204  0.142190  0.143190  0.144204  0.145229  0.146262  0.147300 
  1.000000  0.000000
  0.173216  0.172452  0.170121  0.166207  0.160753  0.153863  0.145695  0.136459 
  0.126404  0.115807  0.104961  0.094156  0.083669  0.073752  0.064614  0.056421 
  0.049283  0.043258  0.038351  0.034513  0.031652  0.029640  0.028315  0.027496 
  0.026986  0.026579  0.027164  0.027177  0.027084  0.026931  0.026740  0.026526 
  0.026278  0.026015  0.025719  0.025406  0.025059  0.024688  0.024273  0.023821 
  0.023314  0.022758  0.022156  0.021518  0.020845  0.020133  0.019384  0.018595 
  0.017766  0.016898  0.015986  0.015034  0.014042  0.013011  0.011940  0.010834 
  0.009694  0.008521  0.007319  0.006094  0.004845  0.003581  0.002306  0.001024 
 -0.000256 -0.001530 -0.002789 -0.004025 -0.005234 -0.006403 -0.007530 -0.008603 
 -0.009619 -0.010570 -0.011453 -0.012261 -0.012994 -0.013647 -0.014221 -0.014718 
 -0.015135 -0.015477 -0.015747 -0.015947 -0.016083 -0.016159 -0.016177 -0.016141 
 -0.016056 -0.015923 -0.015740 -0.015510 -0.015224 -0.014888 -0.014681 -0.015071 
 -0.014657 -0.014242 -0.013825 -0.013403 -0.012976 -0.012541 -0.012099 -0.011649 
 -0.011190 -0.010723 -0.010248 -0.009766 -0.009278 -0.008786 -0.008291 
  1.000000
  0.000000  0.000000  0.000000  0.000000  0.000000  0.000000  0.000000  0.000000 
  0.000000  0.000000  0.000000  0.000000  0.000000  0.000000  0.000000  0.000000 
  0.000000  0.000000  0.000000  0.000000  0.000000  0.000000  0.000000  0.000000 
  0.000000  0.000000  0.002067  0.002972  0.003670  0.004263  0.004766  0.005212 
  0.005612  0.005945  0.006256  0.006527  0.006782  0.007032  0.007261  0.007476 
  0.007662  0.007829  0.007981  0.008130  0.008278  0.008421  0.008562  0.008697 
  0.008824  0.008946  0.009053  0.009148  0.009229  0.009293  0.009334  0.009356 
  0.009356  0.009327  0.009273  0.009192  0.009080  0.008940  0.008773  0.008575 
  0.008351  0.008102  0.007830  0.007540  0.007230  0.006909  0.006577  0.006243 
  0.005904  0.005568  0.005237  0.004916  0.004606  0.004311  0.004031  0.003767 
  0.003522  0.003297  0.003091  0.002904  0.002732  0.002578  0.002442  0.002322 
  0.002214  0.002121  0.002040  0.001970  0.001912  0.001853  0.001507  0.000000 
  0.000000  0.000000  0.000000  0.000000  0.000000  0.000000  0.000000  0.000000 
  0.000000  0.000000  0.000000  0.000000  0.000000  0.000000  0.000000 
  1.000000  0.000000
  0.121933  0.123075  0.124205  0.125312  0.126389  0.127428  0.128422  0.129364 
  0.130249  0.131072  0.131829  0.132517  0.133171  0.133910  0.134555  0.135107 
  0.135571  0.135950  0.136252  0.136484  0.136654  0.136773  0.136851  0.136898 
  0.136928  0.136952  0.136976  0.137001  0.137027  0.137054  0.137082  0.137110 
  0.137140  0.137170  0.137202  0.137234  0.137268  0.137304  0.137342  0.137381 
  0.137423  0.137468  0.137515  0.137565  0.137619  0.137676  0.137736  0.137800 
  0.137868  0.137941  0.138017  0.138097  0.138182  0.138271  0.138365  0.138462 
  0.138564  0.138669  0.138779  0.138892  0.139008  0.139128  0.139251  0.139377 
  0.139504  0.139634  0.139766  0.139899  0.140033  0.140168  0.140302  0.140437 
  0.140571  0.140703  0.140835  0.140964  0.141091  0.141216  0.141338  0.141456 
  0.141571  0.141683  0.141791  0.141895  0.141995  0.142092  0.142185  0.142275 
  0.142362  0.142446  0.142529  0.142611  0.142692  0.142774  0.142859  0.142926 
  0.142994  0.143062  0.143131  0.143200  0.143270  0.143341  0.143413  0.143487 
  0.143562  0.143638  0.143715  0.143795  0.143875  0.143958  0.144042 
 ***************************************************************
  ROW NUMBER           1  SECTION NUMBER            3
           0           0           0  IF_DESIGN etc 
   1.00000   0.00000    0
 -0.202500 -0.181633 -0.161009 -0.140785 -0.121113 -0.102135 -0.083982 -0.066774 
 -0.050614 -0.035589 -0.021769 -0.009203  0.002077  0.012062  0.020762  0.028207 
  0.034448  0.039553  0.043610  0.046723  0.049010  0.050604  0.051645  0.052286 
  0.052685  0.053002  0.053319  0.053653  0.054001  0.054362  0.054734  0.055117 
  0.055512  0.055920  0.056342  0.056781  0.057239  0.057719  0.058223  0.058756 
  0.059320  0.059918  0.060553  0.061229  0.061949  0.062715  0.063530  0.064395 
  0.065315  0.066288  0.067318  0.068406  0.069550  0.070753  0.072013  0.073330 
  0.074703  0.076130  0.077609  0.079138  0.080714  0.082334  0.083994  0.085690 
  0.087418  0.089173  0.090951  0.092746  0.094553  0.096366  0.098181  0.099991 
  0.101791  0.103575  0.105338  0.107075  0.108780  0.110449  0.112078  0.113664 
  0.115202  0.116690  0.118128  0.119513  0.120846  0.122128  0.123361  0.124549 
  0.125697  0.126811  0.127899  0.128971  0.130039  0.131117  0.132220  0.133102 
  0.133985  0.134868  0.135757  0.136652  0.137557  0.138474  0.139404  0.140347 
  0.141306  0.142278  0.143264  0.144261  0.145268  0.146282  0.147300 
  1.000000  0.000000
  0.173216  0.172610  0.170697  0.167376  0.162609  0.156422  0.148914  0.140246 
  0.130636  0.120344  0.109662  0.098890  0.088324  0.078243  0.068883  0.060435 
  0.053038  0.046767  0.041641  0.037621  0.034620  0.032505  0.031111  0.030249 
  0.029712  0.029283  0.029890  0.029904  0.029807  0.029648  0.029448  0.029220 
  0.028961  0.028681  0.028372  0.028039  0.027676  0.027281  0.026848  0.026370 
  0.025839  0.025248  0.024608  0.023923  0.023201  0.022435  0.021628  0.020776 
  0.019879  0.018938  0.017947  0.016911  0.015829  0.014702  0.013528  0.012312 
  0.011056  0.009760  0.008430  0.007068  0.005677  0.004264  0.002834  0.001390 
 -0.000057 -0.001503 -0.002939 -0.004357 -0.005752 -0.007111 -0.008430 -0.009698 
 -0.010912 -0.012060 -0.013142 -0.014148 -0.015079 -0.015928 -0.016697 -0.017386 
 -0.017993 -0.018522 -0.018976 -0.019359 -0.019673 -0.019924 -0.020115 -0.020251 
 -0.020336 -0.020373 -0.020363 -0.020307 -0.020204 -0.020056 -0.020035 -0.020613 
 -0.020367 -0.020121 -0.019873 -0.019622 -0.019367 -0.019107 -0.018842 -0.018571 
 -0.018294 -0.018011 -0.017722 -0.017428 -0.017131 -0.016829 -0.016526 
  1.000000
  0.000000  0.000000  0.000000  0.000000  0.000000  0.000000  0.000000  0.000000 
  0.000000  0.000000  0.000000  0.000000  0.000000  0.000000  0.000000  0.000000 
  0.000000  0.000000  0.000000  0.000000  0.000000  0.000000  0.000000  0.000000 
  0.000000  0.000000  0.002201  0.003162  0.003906  0.004539  0.005080  0.005554 
  0.005987  0.006341  0.006679  0.006970  0.007249  0.007520  0.007777  0.008012 
  0.008226  0.008412  0.008582  0.008746  0.008909  0.009067  0.009222  0.009372 
  0.009513  0.009648  0.009769  0.009876  0.009968  0.010041  0.010092  0.010120 
  0.010124  0.010099  0.010045  0.009962  0.009846  0.009700  0.009523  0.009314 
  0.009076  0.008810  0.008519  0.008208  0.007875  0.007528  0.007170  0.006807 
  0.006439  0.006074  0.005713  0.005363  0.005023  0.004699  0.004391  0.004100 
  0.003830  0.003581  0.003352  0.003143  0.002951  0.002778  0.002625  0.002488 
  0.002365  0.002257  0.002161  0.002079  0.002007  0.001936  0.001559  0.000000 
  0.000000  0.000000  0.000000  0.000000  0.000000  0.000000  0.000000  0.000000 
  0.000000  0.000000  0.000000  0.000000  0.000000  0.000000  0.000000 
  1.000000  0.000000
  0.137277  0.138290  0.139291  0.140273  0.141228  0.142149  0.143030  0.143865 
  0.144650  0.145379  0.146050  0.146660  0.147239  0.147894  0.148466  0.148956 
  0.149367  0.149703  0.149971  0.150176  0.150327  0.150433  0.150502  0.150544 
  0.150571  0.150592  0.150613  0.150636  0.150659  0.150683  0.150708  0.150733 
  0.150760  0.150787  0.150815  0.150844  0.150874  0.150906  0.150940  0.150975 
  0.151013  0.151052  0.151095  0.151139  0.151187  0.151238  0.151292  0.151349 
  0.151410  0.151474  0.151542  0.151614  0.151690  0.151769  0.151852  0.151939 
  0.152030  0.152124  0.152222  0.152323  0.152427  0.152534  0.152643  0.152755 
  0.152869  0.152985  0.153103  0.153222  0.153341  0.153461  0.153581  0.153701 
  0.153821  0.153939  0.154056  0.154172  0.154285  0.154397  0.154505  0.154611 
  0.154714  0.154813  0.154910  0.155003  0.155092  0.155178  0.155261  0.155342 
  0.155419  0.155495  0.155568  0.155641  0.155714  0.155787  0.155863  0.155923 
  0.155984  0.156044  0.156105  0.156167  0.156229  0.156291  0.156354  0.156418 
  0.156482  0.156547  0.156614  0.156681  0.156749  0.156818  0.156888 
 ***************************************************************
  ROW NUMBER           1  SECTION NUMBER            4
           0           0           0  IF_DESIGN etc 
   1.00000   0.00000    0
 -0.202500 -0.181622 -0.160988 -0.140754 -0.121071 -0.102083 -0.083922 -0.066705 
 -0.050537 -0.035504 -0.021677 -0.009105  0.002181  0.012171  0.020875  0.028324 
  0.034567  0.039675  0.043734  0.046848  0.049136  0.050730  0.051772  0.052413 
  0.052811  0.053129  0.053446  0.053779  0.054128  0.054488  0.054860  0.055243 
  0.055637  0.056045  0.056467  0.056906  0.057364  0.057843  0.058348  0.058880 
  0.059444  0.060041  0.060677  0.061352  0.062072  0.062837  0.063651  0.064517 
  0.065436  0.066409  0.067439  0.068525  0.069670  0.070872  0.072131  0.073448 
  0.074820  0.076246  0.077725  0.079253  0.080829  0.082448  0.084107  0.085802 
  0.087529  0.089284  0.091060  0.092855  0.094661  0.096474  0.098287  0.100097 
  0.101896  0.103679  0.105441  0.107177  0.108881  0.110550  0.112178  0.113763 
  0.115300  0.116788  0.118225  0.119609  0.120942  0.122223  0.123456  0.124643 
  0.125790  0.126904  0.127991  0.129063  0.130131  0.131208  0.132311  0.133193 
  0.134074  0.134958  0.135845  0.136739  0.137641  0.138555  0.139480  0.140418 
  0.141369  0.142333  0.143310  0.144296  0.145292  0.146294  0.147300 
  1.000000  0.000000
  0.173216  0.172913  0.171803  0.169620  0.166168  0.161333  0.155093  0.147518 
  0.138764  0.129062  0.118698  0.107996  0.097284  0.086893  0.077112  0.068184 
  0.060292  0.053553  0.048013  0.043649  0.040380  0.038071  0.036548  0.035604 
  0.035016  0.034547  0.035189  0.035202  0.035097  0.034922  0.034706  0.034450 
  0.034169  0.033856  0.033519  0.033147  0.032752  0.032311  0.031840  0.031308 
  0.030730  0.030076  0.029362  0.028591  0.027774  0.026908  0.025990  0.025020 
  0.023995  0.022914  0.021775  0.020578  0.019324  0.018011  0.016641  0.015216 
  0.013737  0.012206  0.010626  0.009002  0.007336  0.005635  0.003903  0.002148 
  0.000376 -0.001405 -0.003187 -0.004961 -0.006718 -0.008449 -0.010145 -0.011796 
 -0.013395 -0.014932 -0.016403 -0.017799 -0.019119 -0.020355 -0.021507 -0.022574 
 -0.023555 -0.024452 -0.025268 -0.026005 -0.026668 -0.027261 -0.027790 -0.028260 
 -0.028673 -0.029039 -0.029361 -0.029641 -0.029885 -0.030095 -0.030427 -0.031346 
 -0.031418 -0.031490 -0.031562 -0.031635 -0.031707 -0.031780 -0.031853 -0.031925 
 -0.031998 -0.032070 -0.032142 -0.032214 -0.032286 -0.032356 -0.032427 
  1.000000
  0.000000  0.000000  0.000000  0.000000  0.000000  0.000000  0.000000  0.000000 
  0.000000  0.000000  0.000000  0.000000  0.000000  0.000000  0.000000  0.000000 
  0.000000  0.000000  0.000000  0.000000  0.000000  0.000000  0.000000  0.000000 
  0.000000  0.000000  0.002441  0.003501  0.004325  0.005027  0.005636  0.006158 
  0.006649  0.007041  0.007427  0.007754  0.008080  0.008386  0.008691  0.008965 
  0.009228  0.009453  0.009660  0.009853  0.010045  0.010235  0.010420  0.010599 
  0.010770  0.010934  0.011081  0.011216  0.011330  0.011424  0.011495  0.011538 
  0.011553  0.011536  0.011486  0.011402  0.011281  0.011124  0.010931  0.010703 
  0.010439  0.010143  0.009816  0.009465  0.009089  0.008695  0.008287  0.007871 
  0.007449  0.007027  0.006610  0.006203  0.005808  0.005429  0.005068  0.004726 
  0.004409  0.004113  0.003841  0.003591  0.003362  0.003155  0.002968  0.002800 
  0.002650  0.002515  0.002393  0.002287  0.002190  0.002097  0.001665  0.000000 
  0.000000  0.000000  0.000000  0.000000  0.000000  0.000000  0.000000  0.000000 
  0.000000  0.000000  0.000000  0.000000  0.000000  0.000000  0.000000 
  1.000000  0.000000
  0.167966  0.168719  0.169464  0.170195  0.170905  0.171591  0.172246  0.172868 
  0.173452  0.173994  0.174494  0.174948  0.175374  0.175862  0.176287  0.176652 
  0.176958  0.177209  0.177408  0.177561  0.177674  0.177752  0.177804  0.177836 
  0.177856  0.177872  0.177888  0.177905  0.177923  0.177941  0.177960  0.177979 
  0.177999  0.178020  0.178041  0.178063  0.178086  0.178111  0.178136  0.178163 
  0.178191  0.178221  0.178253  0.178287  0.178323  0.178362  0.178403  0.178446 
  0.178492  0.178541  0.178593  0.178647  0.178705  0.178765  0.178828  0.178894 
  0.178963  0.179034  0.179108  0.179185  0.179264  0.179345  0.179428  0.179513 
  0.179599  0.179687  0.179777  0.179867  0.179957  0.180048  0.180139  0.180231 
  0.180321  0.180411  0.180500  0.180587  0.180673  0.180758  0.180840  0.180920 
  0.180998  0.181074  0.181147  0.181218  0.181286  0.181351  0.181414  0.181475 
  0.181534  0.181591  0.181647  0.181702  0.181757  0.181813  0.181870  0.181916 
  0.181962  0.182008  0.182054  0.182100  0.182146  0.182191  0.182235  0.182279 
  0.182323  0.182367  0.182410  0.182453  0.182496  0.182538  0.182582 
 ***************************************************************
  ROW NUMBER           1  SECTION NUMBER            5
           0           0           0  IF_DESIGN etc 
   1.00000   0.00000    0
 -0.202500 -0.181593 -0.160929 -0.140667 -0.120957 -0.101943 -0.083757 -0.066517 
 -0.050328 -0.035276 -0.021431 -0.008844  0.002455  0.012455  0.021168  0.028623 
  0.034871  0.039981  0.044040  0.047154  0.049439  0.051029  0.052066  0.052702 
  0.053095  0.053406  0.053717  0.054045  0.054387  0.054741  0.055105  0.055481 
  0.055869  0.056269  0.056683  0.057114  0.057563  0.058034  0.058529  0.059051 
  0.059604  0.060191  0.060814  0.061478  0.062184  0.062935  0.063734  0.064584 
  0.065485  0.066441  0.067451  0.068518  0.069641  0.070821  0.072057  0.073349 
  0.074696  0.076096  0.077547  0.079047  0.080593  0.082181  0.083810  0.085474 
  0.087169  0.088890  0.090634  0.092395  0.094168  0.095947  0.097727  0.099502 
  0.101268  0.103018  0.104747  0.106451  0.108123  0.109761  0.111359  0.112914 
  0.114423  0.115883  0.117292  0.118651  0.119958  0.121216  0.122425  0.123591 
  0.124716  0.125809  0.126877  0.127928  0.128976  0.130033  0.131115  0.131980 
  0.132846  0.133715  0.134594  0.135492  0.136412  0.137362  0.138343  0.139358 
  0.140408  0.141493  0.142609  0.143753  0.144920  0.146105  0.147300 
  1.000000  0.000000
  0.173216  0.173448  0.173753  0.173580  0.172452  0.170005  0.166007  0.160365 
  0.153130  0.144476  0.134686  0.124115  0.113158  0.102233  0.091721  0.081958 
  0.073209  0.065658  0.059399  0.054441  0.050711  0.048073  0.046331  0.045256 
  0.044589  0.044059  0.044730  0.044734  0.044607  0.044403  0.044153  0.043852 
  0.043528  0.043161  0.042771  0.042334  0.041875  0.041351  0.040801  0.040175 
  0.039502  0.038742  0.037904  0.036996  0.036030  0.035003  0.033909  0.032747 
  0.031513  0.030205  0.028821  0.027359  0.025818  0.024198  0.022497  0.020718 
  0.018860  0.016927  0.014920  0.012844  0.010702  0.008500  0.006243  0.003939 
  0.001595 -0.000778 -0.003174 -0.005580 -0.007987 -0.010383 -0.012757 -0.015098 
 -0.017394 -0.019636 -0.021814 -0.023919 -0.025943 -0.027881 -0.029727 -0.031477 
 -0.033131 -0.034687 -0.036147 -0.037512 -0.038785 -0.039973 -0.041080 -0.042113 
 -0.043079 -0.043986 -0.044844 -0.045661 -0.046446 -0.047209 -0.048073 -0.049489 
 -0.050026 -0.050566 -0.051113 -0.051672 -0.052247 -0.052841 -0.053456 -0.054095 
 -0.054756 -0.055440 -0.056146 -0.056869 -0.057607 -0.058356 -0.059111 
  1.000000
  0.000000  0.000000  0.000000  0.000000  0.000000  0.000000  0.000000  0.000000 
  0.000000  0.000000  0.000000  0.000000  0.000000  0.000000  0.000000  0.000000 
  0.000000  0.000000  0.000000  0.000000  0.000000  0.000000  0.000000  0.000000 
  0.000000  0.000000  0.002771  0.003959  0.004876  0.005663  0.006363  0.006940 
  0.007488  0.007943  0.008381  0.008765  0.009155  0.009511  0.009878  0.010208 
  0.010537  0.010827  0.011090  0.011340  0.011589  0.011838  0.012081  0.012322 
  0.012553  0.012773  0.012979  0.013168  0.013334  0.013477  0.013592  0.013674 
  0.013722  0.013733  0.013703  0.013631  0.013515  0.013354  0.013149  0.012899 
  0.012606  0.012273  0.011900  0.011493  0.011057  0.010595  0.010113  0.009618 
  0.009114  0.008608  0.008104  0.007609  0.007128  0.006664  0.006220  0.005800 
  0.005406  0.005039  0.004699  0.004387  0.004103  0.003845  0.003611  0.003400 
  0.003212  0.003043  0.002890  0.002755  0.002633  0.002488  0.001964  0.000000 
  0.000000  0.000000  0.000000  0.000000  0.000000  0.000000  0.000000  0.000000 
  0.000000  0.000000  0.000000  0.000000  0.000000  0.000000  0.000000 
  1.000000  0.000000
  0.229343  0.229578  0.229810  0.230038  0.230260  0.230474  0.230679  0.230873 
  0.231055  0.231224  0.231380  0.231522  0.231644  0.231797  0.231930  0.232045 
  0.232141  0.232219  0.232282  0.232331  0.232367  0.232392  0.232409  0.232420 
  0.232427  0.232432  0.232438  0.232444  0.232451  0.232457  0.232464  0.232471 
  0.232479  0.232486  0.232494  0.232502  0.232510  0.232519  0.232528  0.232538 
  0.232548  0.232559  0.232571  0.232583  0.232596  0.232610  0.232625  0.232641 
  0.232658  0.232676  0.232694  0.232714  0.232735  0.232757  0.232780  0.232804 
  0.232828  0.232854  0.232881  0.232909  0.232938  0.232967  0.232997  0.233028 
  0.233059  0.233091  0.233124  0.233156  0.233189  0.233222  0.233255  0.233289 
  0.233321  0.233354  0.233386  0.233418  0.233449  0.233480  0.233510  0.233539 
  0.233568  0.233595  0.233622  0.233648  0.233672  0.233696  0.233719  0.233741 
  0.233763  0.233784  0.233804  0.233825  0.233845  0.233865  0.233886  0.233903 
  0.233920  0.233937  0.233953  0.233967  0.233980  0.233990  0.233998  0.234003 
  0.234006  0.234005  0.234002  0.233997  0.233989  0.233980  0.233969 
 ***************************************************************
  ROW NUMBER           1  SECTION NUMBER            6
           0           0           0  IF_DESIGN etc 
   1.00000   0.00000    0
 -0.202500 -0.181576 -0.160896 -0.140618 -0.120893 -0.101864 -0.083664 -0.066411 
 -0.050210 -0.035147 -0.021293 -0.008698  0.002607  0.012613  0.021330  0.028788 
  0.035037  0.040148  0.044207  0.047319  0.049602  0.051189  0.052222  0.052854 
  0.053242  0.053549  0.053855  0.054179  0.054515  0.054864  0.055224  0.055594 
  0.055976  0.056370  0.056778  0.057203  0.057646  0.058110  0.058598  0.059113 
  0.059658  0.060236  0.060851  0.061504  0.062200  0.062941  0.063729  0.064566 
  0.065455  0.066396  0.067392  0.068443  0.069550  0.070713  0.071932  0.073205 
  0.074533  0.075912  0.077343  0.078821  0.080345  0.081911  0.083516  0.085156 
  0.086826  0.088523  0.090242  0.091978  0.093725  0.095478  0.097233  0.098983 
  0.100723  0.102448  0.104152  0.105831  0.107480  0.109094  0.110669  0.112201 
  0.113688  0.115127  0.116517  0.117856  0.119144  0.120384  0.121576  0.122724 
  0.123834  0.124911  0.125963  0.127000  0.128032  0.129074  0.130140  0.130993 
  0.131846  0.132704  0.133579  0.134480  0.135416  0.136395  0.137421  0.138499 
  0.139630  0.140811  0.142041  0.143313  0.144619  0.145952  0.147300 
  1.000000  0.000000
  0.173216  0.173723  0.174755  0.175610  0.175670  0.174442  0.171582  0.166918 
  0.160443  0.152305  0.142785  0.132256  0.121149  0.109925  0.099015  0.088802 
  0.079595  0.071612  0.064973  0.059701  0.055731  0.052920  0.051066  0.049924 
  0.049219  0.048661  0.049347  0.049350  0.049214  0.048996  0.048728  0.048411 
  0.048064  0.047675  0.047258  0.046796  0.046303  0.045751  0.045160  0.044495 
  0.043766  0.042949  0.042046  0.041073  0.040035  0.038930  0.037753  0.036499 
  0.035167  0.033751  0.032251  0.030665  0.028989  0.027224  0.025369  0.023424 
  0.021391  0.019271  0.017066  0.014780  0.012418  0.009985  0.007486  0.004930 
  0.002325 -0.000321 -0.002997 -0.005692 -0.008395 -0.011094 -0.013777 -0.016431 
 -0.019044 -0.021605 -0.024102 -0.026526 -0.028868 -0.031120 -0.033276 -0.035331 
 -0.037283 -0.039129 -0.040871 -0.042509 -0.044047 -0.045488 -0.046840 -0.048109 
 -0.049304 -0.050432 -0.051505 -0.052534 -0.053528 -0.054502 -0.055568 -0.057224 
 -0.057927 -0.058635 -0.059357 -0.060100 -0.060871 -0.061677 -0.062522 -0.063408 
 -0.064337 -0.065307 -0.066315 -0.067356 -0.068425 -0.069514 -0.070614 
  1.000000
  0.000000  0.000000  0.000000  0.000000  0.000000  0.000000  0.000000  0.000000 
  0.000000  0.000000  0.000000  0.000000  0.000000  0.000000  0.000000  0.000000 
  0.000000  0.000000  0.000000  0.000000  0.000000  0.000000  0.000000  0.000000 
  0.000000  0.000000  0.002931  0.004179  0.005144  0.005965  0.006701  0.007315 
  0.007877  0.008364  0.008815  0.009230  0.009644  0.010031  0.010420  0.010778 
  0.011123  0.011433  0.011713  0.011985  0.012256  0.012527  0.012792  0.013059 
  0.013314  0.013557  0.013786  0.013996  0.014184  0.014347  0.014480  0.014579 
  0.014642  0.014665  0.014645  0.014580  0.014469  0.014309  0.014101  0.013845 
  0.013544  0.013198  0.012810  0.012385  0.011927  0.011442  0.010934  0.010409 
  0.009876  0.009338  0.008803  0.008275  0.007761  0.007264  0.006789  0.006339 
  0.005916  0.005521  0.005155  0.004819  0.004513  0.004235  0.003984  0.003758 
  0.003555  0.003373  0.003211  0.003066  0.002938  0.002762  0.002174  0.000000 
  0.000000  0.000000  0.000000  0.000000  0.000000  0.000000  0.000000  0.000000 
  0.000000  0.000000  0.000000  0.000000  0.000000  0.000000  0.000000 
  1.000000  0.000000
  0.260031  0.260007  0.259983  0.259960  0.259937  0.259915  0.259895  0.259875 
  0.259856  0.259839  0.259824  0.259810  0.259780  0.259765  0.259752  0.259741 
  0.259732  0.259725  0.259719  0.259716  0.259713  0.259712  0.259711  0.259711 
  0.259712  0.259713  0.259713  0.259714  0.259715  0.259716  0.259717  0.259717 
  0.259718  0.259719  0.259720  0.259721  0.259722  0.259723  0.259725  0.259726 
  0.259727  0.259728  0.259730  0.259731  0.259733  0.259735  0.259736  0.259738 
  0.259740  0.259743  0.259745  0.259747  0.259750  0.259753  0.259755  0.259758 
  0.259761  0.259764  0.259768  0.259771  0.259775  0.259778  0.259782  0.259786 
  0.259789  0.259793  0.259797  0.259801  0.259805  0.259809  0.259813  0.259818 
  0.259822  0.259826  0.259830  0.259834  0.259838  0.259841  0.259845  0.259849 
  0.259852  0.259856  0.259859  0.259863  0.259866  0.259869  0.259872  0.259875 
  0.259878  0.259880  0.259883  0.259886  0.259889  0.259891  0.259894  0.259897 
  0.259899  0.259901  0.259902  0.259901  0.259897  0.259890  0.259880  0.259865 
  0.259847  0.259825  0.259798  0.259769  0.259736  0.259700  0.259662 
 ***************************************************************
  ROW NUMBER           1  SECTION NUMBER            7
           0           0           0  IF_DESIGN etc 
   1.00000   0.00000    0
 -0.202500 -0.181560 -0.160864 -0.140570 -0.120830 -0.101788 -0.083574 -0.066309 
 -0.050096 -0.035023 -0.021160 -0.008557  0.002756  0.012767  0.021488  0.028949 
  0.035200  0.040311  0.044369  0.047480  0.049761  0.051345  0.052375  0.053003 
  0.053387  0.053689  0.053992  0.054311  0.054643  0.054987  0.055342  0.055707 
  0.056084  0.056473  0.056876  0.057294  0.057731  0.058189  0.058670  0.059179 
  0.059716  0.060287  0.060893  0.061538  0.062224  0.062955  0.063732  0.064558 
  0.065435  0.066364  0.067346  0.068383  0.069476  0.070623  0.071825  0.073081 
  0.074391  0.075752  0.077163  0.078621  0.080125  0.081670  0.083253  0.084871 
  0.086519  0.088193  0.089889  0.091601  0.093324  0.095054  0.096785  0.098512 
  0.100228  0.101930  0.103611  0.105268  0.106894  0.108486  0.110040  0.111552 
  0.113019  0.114439  0.115810  0.117131  0.118402  0.119625  0.120801  0.121934 
  0.123028  0.124091  0.125129  0.126151  0.127170  0.128198  0.129250  0.130091 
  0.130933  0.131781  0.132651  0.133555  0.134505  0.135511  0.136579  0.137714 
  0.138918  0.140188  0.141521  0.142910  0.144344  0.145811  0.147300 
  1.000000  0.000000
  0.173216  0.174033  0.175883  0.177896  0.179292  0.179427  0.177839  0.174260 
  0.168621  0.161042  0.151799  0.141289  0.129982  0.118393  0.107006  0.096260 
  0.086513  0.078023  0.070939  0.065300  0.061048  0.058036  0.056051  0.054830 
  0.054080  0.053487  0.054197  0.054199  0.054054  0.053820  0.053531  0.053196 
  0.052820  0.052409  0.051959  0.051470  0.050937  0.050358  0.049720  0.049012 
  0.048215  0.047329  0.046349  0.045299  0.044178  0.042984  0.041711  0.040354 
  0.038910  0.037376  0.035747  0.034023  0.032200  0.030279  0.028257  0.026135 
  0.023915  0.021597  0.019185  0.016682  0.014091  0.011420  0.008675  0.005862 
  0.002991  0.000072 -0.002885 -0.005868 -0.008865 -0.011863 -0.014848 -0.017809 
 -0.020730 -0.023601 -0.026407 -0.029140 -0.031786 -0.034341 -0.036794 -0.039139 
 -0.041375 -0.043499 -0.045508 -0.047406 -0.049193 -0.050876 -0.052459 -0.053951 
 -0.055361 -0.056698 -0.057973 -0.059201 -0.060392 -0.061565 -0.062825 -0.064750 
 -0.065608 -0.066474 -0.067360 -0.068280 -0.069245 -0.070263 -0.071342 -0.072485 
 -0.073695 -0.074969 -0.076303 -0.077690 -0.079120 -0.080581 -0.082061 
  1.000000
  0.000000  0.000000  0.000000  0.000000  0.000000  0.000000  0.000000  0.000000 
  0.000000  0.000000  0.000000  0.000000  0.000000  0.000000  0.000000  0.000000 
  0.000000  0.000000  0.000000  0.000000  0.000000  0.000000  0.000000  0.000000 
  0.000000  0.000000  0.003110  0.004429  0.005456  0.006315  0.007085  0.007749 
  0.008323  0.008844  0.009308  0.009754  0.010187  0.010612  0.011019  0.011407 
  0.011758  0.012078  0.012369  0.012655  0.012942  0.013229  0.013508  0.013793 
  0.014063  0.014322  0.014568  0.014792  0.014995  0.015172  0.015316  0.015427 
  0.015500  0.015531  0.015517  0.015456  0.015345  0.015185  0.014973  0.014712 
  0.014402  0.014046  0.013645  0.013204  0.012729  0.012224  0.011695  0.011147 
  0.010590  0.010027  0.009466  0.008910  0.008370  0.007846  0.007345  0.006870 
  0.006422  0.006004  0.005616  0.005259  0.004934  0.004639  0.004372  0.004131 
  0.003915  0.003721  0.003549  0.003394  0.003258  0.003056  0.002394  0.000000 
  0.000000  0.000000  0.000000  0.000000  0.000000  0.000000  0.000000  0.000000 
  0.000000  0.000000  0.000000  0.000000  0.000000  0.000000  0.000000 
  1.000000  0.000000
  0.290720  0.290436  0.290156  0.289882  0.289615  0.289357  0.289111  0.288877 
  0.288658  0.288454  0.288267  0.288097  0.287915  0.287732  0.287573  0.287437 
  0.287323  0.287230  0.287157  0.287100  0.287059  0.287031  0.287013  0.287003 
  0.286997  0.286993  0.286988  0.286984  0.286979  0.286974  0.286969  0.286964 
  0.286958  0.286952  0.286947  0.286941  0.286934  0.286928  0.286921  0.286913 
  0.286906  0.286897  0.286889  0.286879  0.286869  0.286859  0.286848  0.286836 
  0.286823  0.286810  0.286796  0.286781  0.286765  0.286748  0.286731  0.286713 
  0.286694  0.286675  0.286654  0.286633  0.286612  0.286589  0.286566  0.286543 
  0.286519  0.286495  0.286471  0.286446  0.286421  0.286396  0.286371  0.286347 
  0.286322  0.286297  0.286273  0.286249  0.286226  0.286203  0.286180  0.286158 
  0.286137  0.286117  0.286097  0.286078  0.286059  0.286041  0.286024  0.286008 
  0.285992  0.285977  0.285962  0.285947  0.285932  0.285917  0.285902  0.285890 
  0.285878  0.285865  0.285851  0.285834  0.285814  0.285790  0.285761  0.285727 
  0.285688  0.285644  0.285595  0.285541  0.285483  0.285421  0.285355 
 ***************************************************************
  ROW NUMBER           1  SECTION NUMBER            8
           0           0           0  IF_DESIGN etc 
   1.00000   0.00000    0
 -0.202500 -0.181531 -0.160805 -0.140483 -0.120715 -0.101645 -0.083407 -0.066118 
 -0.049883 -0.034791 -0.020910 -0.008291  0.003034  0.013057  0.021787  0.029254 
  0.035510  0.040624  0.044683  0.047793  0.050071  0.051652  0.052678  0.053301 
  0.053680  0.053977  0.054274  0.054587  0.054913  0.055250  0.055599  0.055958 
  0.056327  0.056709  0.057105  0.057516  0.057945  0.058394  0.058867  0.059366 
  0.059893  0.060453  0.061049  0.061682  0.062356  0.063073  0.063836  0.064647 
  0.065507  0.066420  0.067384  0.068402  0.069474  0.070601  0.071781  0.073014 
  0.074300  0.075636  0.077022  0.078453  0.079929  0.081446  0.083000  0.084589 
  0.086207  0.087851  0.089515  0.091196  0.092889  0.094587  0.096286  0.097981 
  0.099667  0.101337  0.102988  0.104615  0.106212  0.107775  0.109300  0.110785 
  0.112225  0.113619  0.114965  0.116262  0.117510  0.118711  0.119866  0.120978 
  0.122053  0.123096  0.124115  0.125119  0.126120  0.127129  0.128162  0.128988 
  0.129814  0.130649  0.131512  0.132419  0.133385  0.134423  0.135541  0.136746 
  0.138040  0.139419  0.140880  0.142412  0.144003  0.145638  0.147300 
  1.000000  0.000000
  0.173216  0.174766  0.178552  0.183300  0.187843  0.191191  0.192587  0.191542 
  0.187843  0.181538  0.172901  0.162383  0.150550  0.138039  0.125470  0.113413 
  0.102344  0.092616  0.084445  0.077911  0.072970  0.069465  0.067156  0.065741 
  0.064875  0.064194  0.064922  0.064894  0.064703  0.064408  0.064048  0.063644 
  0.063180  0.062687  0.062132  0.061548  0.060891  0.060200  0.059412  0.058561 
  0.057583  0.056511  0.055344  0.054098  0.052768  0.051351  0.049839  0.048226 
  0.046509  0.044684  0.042746  0.040692  0.038521  0.036231  0.033820  0.031290 
  0.028640  0.025873  0.022992  0.020000  0.016903  0.013707  0.010420  0.007051 
  0.003609  0.000105 -0.003449 -0.007038 -0.010650 -0.014270 -0.017883 -0.021474 
 -0.025028 -0.028530 -0.031965 -0.035322 -0.038586 -0.041749 -0.044801 -0.047733 
 -0.050542 -0.053223 -0.055774 -0.058196 -0.060491 -0.062665 -0.064723 -0.066674 
 -0.068529 -0.070299 -0.072001 -0.073648 -0.075261 -0.076860 -0.078535 -0.080961 
 -0.082165 -0.083382 -0.084639 -0.085959 -0.087364 -0.088870 -0.090493 -0.092239 
 -0.094112 -0.096107 -0.098218 -0.100430 -0.102725 -0.105083 -0.107478 
  1.000000
  0.000000  0.000000  0.000000  0.000000  0.000000  0.000000  0.000000  0.000000 
  0.000000  0.000000  0.000000  0.000000  0.000000  0.000000  0.000000  0.000000 
  0.000000  0.000000  0.000000  0.000000  0.000000  0.000000  0.000000  0.000000 
  0.000000  0.000000  0.003383  0.004810  0.005936  0.006843  0.007645  0.008372 
  0.008950  0.009507  0.009983  0.010463  0.010910  0.011367  0.011777  0.012181 
  0.012523  0.012839  0.013135  0.013434  0.013732  0.014034  0.014326  0.014624 
  0.014907  0.015181  0.015438  0.015676  0.015890  0.016079  0.016233  0.016353 
  0.016433  0.016471  0.016461  0.016402  0.016292  0.016130  0.015915  0.015648 
  0.015330  0.014963  0.014549  0.014094  0.013602  0.013079  0.012528  0.011959 
  0.011377  0.010790  0.010202  0.009620  0.009052  0.008501  0.007972  0.007469 
  0.006995  0.006550  0.006137  0.005757  0.005408  0.005091  0.004802  0.004542 
  0.004308  0.004097  0.003908  0.003739  0.003588  0.003374  0.002660  0.000000 
  0.000000  0.000000  0.000000  0.000000  0.000000  0.000000  0.000000  0.000000 
  0.000000  0.000000  0.000000  0.000000  0.000000  0.000000  0.000000 
  1.000000  0.000000
  0.352097  0.351295  0.350502  0.349725  0.348969  0.348240  0.347543  0.346882 
  0.346261  0.345684  0.345154  0.344672  0.344186  0.343668  0.343216  0.342830 
  0.342506  0.342241  0.342031  0.341870  0.341752  0.341671  0.341618  0.341587 
  0.341568  0.341553  0.341538  0.341523  0.341507  0.341490  0.341473  0.341456 
  0.341438  0.341419  0.341399  0.341379  0.341358  0.341336  0.341313  0.341289 
  0.341263  0.341235  0.341206  0.341175  0.341142  0.341107  0.341070  0.341031 
  0.340988  0.340944  0.340897  0.340847  0.340795  0.340740  0.340683  0.340622 
  0.340560  0.340495  0.340427  0.340357  0.340285  0.340212  0.340136  0.340058 
  0.339979  0.339899  0.339818  0.339736  0.339653  0.339571  0.339488  0.339405 
  0.339322  0.339240  0.339160  0.339080  0.339002  0.338925  0.338850  0.338777 
  0.338706  0.338638  0.338571  0.338508  0.338446  0.338387  0.338330  0.338275 
  0.338221  0.338170  0.338119  0.338069  0.338020  0.337969  0.337918  0.337877 
  0.337835  0.337793  0.337749  0.337701  0.337648  0.337589  0.337524  0.337451 
  0.337371  0.337283  0.337187  0.337085  0.336976  0.336862  0.336742 
 ***************************************************************
  ROW NUMBER           1  SECTION NUMBER            9
           0           0           0  IF_DESIGN etc 
   1.00000   0.00000    0
 -0.202500 -0.181515 -0.160775 -0.140438 -0.120656 -0.101573 -0.083321 -0.066021 
 -0.049775 -0.034672 -0.020782 -0.008155  0.003178  0.013207  0.021941  0.029413 
  0.035672  0.040788  0.044848  0.047958  0.050237  0.051817  0.052841  0.053463 
  0.053840  0.054135  0.054430  0.054741  0.055065  0.055400  0.055747  0.056103 
  0.056471  0.056850  0.057243  0.057651  0.058078  0.058524  0.058994  0.059489 
  0.060014  0.060571  0.061162  0.061791  0.062461  0.063173  0.063932  0.064737 
  0.065593  0.066499  0.067457  0.068469  0.069534  0.070654  0.071826  0.073052 
  0.074329  0.075657  0.077034  0.078457  0.079923  0.081431  0.082975  0.084553 
  0.086161  0.087795  0.089449  0.091119  0.092801  0.094489  0.096177  0.097862 
  0.099537  0.101197  0.102837  0.104453  0.106040  0.107594  0.109110  0.110585 
  0.112016  0.113401  0.114739  0.116028  0.117268  0.118461  0.119609  0.120714 
  0.121782  0.122819  0.123832  0.124829  0.125823  0.126826  0.127853  0.128674 
  0.129495  0.130326  0.131186  0.132093  0.133063  0.134109  0.135242  0.136467 
  0.137785  0.139197  0.140694  0.142267  0.143904  0.145587  0.147300 
  1.000000  0.000000
  0.173216  0.175159  0.179982  0.186196  0.192426  0.197494  0.200489  0.200803 
  0.198145  0.192522  0.184209  0.173686  0.161572  0.148567  0.135364  0.122605 
  0.110827  0.100434  0.091680  0.084666  0.079354  0.075585  0.073102  0.071581 
  0.070653  0.069924  0.070610  0.070535  0.070293  0.069946  0.069531  0.069065 
  0.068537  0.067975  0.067344  0.066673  0.065927  0.065122  0.064218  0.063246 
  0.062161  0.060983  0.059713  0.058358  0.056912  0.055371  0.053725  0.051971 
  0.050103  0.048117  0.046008  0.043774  0.041411  0.038919  0.036296  0.033542 
  0.030659  0.027649  0.024514  0.021258  0.017889  0.014412  0.010836  0.007169 
  0.003423 -0.000391 -0.004260 -0.008171 -0.012107 -0.016055 -0.019998 -0.023921 
 -0.027806 -0.031639 -0.035405 -0.039090 -0.042679 -0.046163 -0.049530 -0.052772 
 -0.055884 -0.058861 -0.061700 -0.064402 -0.066969 -0.069406 -0.071720 -0.073919 
 -0.076014 -0.078021 -0.079955 -0.081832 -0.083677 -0.085510 -0.087405 -0.089951 
 -0.091350 -0.092767 -0.094233 -0.095780 -0.097435 -0.099220 -0.101153 -0.103244 
 -0.105495 -0.107904 -0.110460 -0.113146 -0.115939 -0.118812 -0.121733 
  1.000000
  0.000000  0.000000  0.000000  0.000000  0.000000  0.000000  0.000000  0.000000 
  0.000000  0.000000  0.000000  0.000000  0.000000  0.000000  0.000000  0.000000 
  0.000000  0.000000  0.000000  0.000000  0.000000  0.000000  0.000000  0.000000 
  0.000000  0.000000  0.003367  0.004787  0.005896  0.006787  0.007561  0.008253 
  0.008806  0.009343  0.009809  0.010271  0.010701  0.011122  0.011496  0.011866 
  0.012191  0.012499  0.012796  0.013096  0.013397  0.013700  0.013997  0.014296 
  0.014583  0.014859  0.015119  0.015362  0.015581  0.015773  0.015933  0.016058 
  0.016143  0.016185  0.016181  0.016128  0.016024  0.015867  0.015658  0.015397 
  0.015086  0.014725  0.014318  0.013869  0.013383  0.012866  0.012323  0.011760 
  0.011184  0.010602  0.010019  0.009443  0.008879  0.008332  0.007807  0.007307 
  0.006835  0.006392  0.005981  0.005602  0.005255  0.004939  0.004651  0.004391 
  0.004158  0.003948  0.003758  0.003590  0.003439  0.003251  0.002623  0.000000 
  0.000000  0.000000  0.000000  0.000000  0.000000  0.000000  0.000000  0.000000 
  0.000000  0.000000  0.000000  0.000000  0.000000  0.000000  0.000000 
  1.000000  0.000000
  0.382785  0.381724  0.380675  0.379647  0.378647  0.377682  0.376759  0.375884 
  0.375063  0.374299  0.373597  0.372959  0.372321  0.371635  0.371038  0.370526 
  0.370097  0.369747  0.369468  0.369255  0.369099  0.368990  0.368920  0.368878 
  0.368853  0.368833  0.368813  0.368793  0.368771  0.368749  0.368726  0.368702 
  0.368677  0.368652  0.368626  0.368599  0.368570  0.368540  0.368509  0.368476 
  0.368441  0.368404  0.368365  0.368323  0.368279  0.368232  0.368181  0.368128 
  0.368071  0.368011  0.367948  0.367881  0.367810  0.367736  0.367658  0.367577 
  0.367493  0.367405  0.367314  0.367219  0.367122  0.367023  0.366920  0.366816 
  0.366709  0.366601  0.366492  0.366381  0.366269  0.366158  0.366046  0.365934 
  0.365822  0.365712  0.365603  0.365495  0.365390  0.365286  0.365185  0.365087 
  0.364991  0.364898  0.364809  0.364723  0.364639  0.364559  0.364482  0.364408 
  0.364336  0.364266  0.364198  0.364130  0.364063  0.363995  0.363926  0.363870 
  0.363814  0.363758  0.363698  0.363635  0.363565  0.363489  0.363405  0.363313 
  0.363212  0.363102  0.362983  0.362857  0.362723  0.362583  0.362436 
 ***************************************************************
  ROW NUMBER           1  SECTION NUMBER            10
           0           0           0  IF_DESIGN etc 
   1.00000   0.00000    0
 -0.202500 -0.181507 -0.160759 -0.140415 -0.120625 -0.101535 -0.083277 -0.065969 
 -0.049718 -0.034610 -0.020715 -0.008083  0.003253  0.013285  0.022023  0.029496 
  0.035757  0.040874  0.044935  0.048045  0.050324  0.051903  0.052927  0.053548 
  0.053924  0.054218  0.054512  0.054822  0.055145  0.055480  0.055825  0.056180 
  0.056546  0.056925  0.057316  0.057723  0.058148  0.058593  0.059062  0.059556 
  0.060079  0.060633  0.061223  0.061850  0.062517  0.063228  0.063984  0.064787 
  0.065639  0.066543  0.067498  0.068507  0.069569  0.070684  0.071853  0.073075 
  0.074348  0.075672  0.077044  0.078463  0.079924  0.081427  0.082967  0.084540 
  0.086143  0.087771  0.089420  0.091085  0.092761  0.094443  0.096127  0.097806 
  0.099475  0.101130  0.102766  0.104376  0.105958  0.107507  0.109018  0.110488 
  0.111915  0.113296  0.114629  0.115914  0.117150  0.118340  0.119483  0.120585 
  0.121650  0.122684  0.123693  0.124688  0.125679  0.126678  0.127701  0.128520 
  0.129338  0.130167  0.131025  0.131932  0.132905  0.133955  0.135095  0.136329 
  0.137661  0.139087  0.140603  0.142196  0.143855  0.145563  0.147300 
  1.000000  0.000000
  0.173216  0.175354  0.180692  0.187634  0.194702  0.200626  0.204417  0.205408 
  0.203267  0.197987  0.189838  0.179316  0.167067  0.153819  0.140305  0.127200 
  0.115072  0.104352  0.095310  0.088060  0.082565  0.078665  0.076097  0.074524 
  0.073566  0.072813  0.073464  0.073358  0.073084  0.072705  0.072260  0.071757 
  0.071193  0.070590  0.069916  0.069194  0.068398  0.067523  0.066552  0.065510 
  0.064368  0.063138  0.061816  0.060407  0.058903  0.057300  0.055587  0.053762 
  0.051818  0.049752  0.047557  0.045232  0.042773  0.040180  0.037450  0.034584 
  0.031584  0.028450  0.025188  0.021800  0.018293  0.014674  0.010952  0.007135 
  0.003235 -0.000736 -0.004764 -0.008837 -0.012938 -0.017052 -0.021163 -0.025254 
 -0.029308 -0.033310 -0.037244 -0.041096 -0.044852 -0.048499 -0.052028 -0.055429 
 -0.058696 -0.061825 -0.064813 -0.067659 -0.070366 -0.072938 -0.075383 -0.077710 
 -0.079929 -0.082057 -0.084109 -0.086105 -0.088068 -0.090020 -0.092024 -0.094590 
 -0.096090 -0.097608 -0.099182 -0.100846 -0.102629 -0.104558 -0.106650 -0.108918 
 -0.111365 -0.113987 -0.116772 -0.119703 -0.122753 -0.125892 -0.129085 
  1.000000
  0.000000  0.000000  0.000000  0.000000  0.000000  0.000000  0.000000  0.000000 
  0.000000  0.000000  0.000000  0.000000  0.000000  0.000000  0.000000  0.000000 
  0.000000  0.000000  0.000000  0.000000  0.000000  0.000000  0.000000  0.000000 
  0.000000  0.000000  0.003316  0.004714  0.005797  0.006668  0.007418  0.008074 
  0.008606  0.009123  0.009579  0.010024  0.010440  0.010829  0.011177  0.011519 
  0.011832  0.012136  0.012434  0.012735  0.013038  0.013341  0.013640  0.013941 
  0.014229  0.014508  0.014769  0.015016  0.015238  0.015433  0.015596  0.015724 
  0.015814  0.015860  0.015860  0.015811  0.015712  0.015561  0.015358  0.015102 
  0.014797  0.014442  0.014041  0.013599  0.013121  0.012611  0.012074  0.011518 
  0.010949  0.010374  0.009798  0.009228  0.008671  0.008130  0.007610  0.007115 
  0.006648  0.006210  0.005803  0.005428  0.005085  0.004772  0.004487  0.004230 
  0.004000  0.003792  0.003606  0.003440  0.003291  0.003124  0.002565  0.000000 
  0.000000  0.000000  0.000000  0.000000  0.000000  0.000000  0.000000  0.000000 
  0.000000  0.000000  0.000000  0.000000  0.000000  0.000000  0.000000 
  1.000000  0.000000
  0.398130  0.396939  0.395762  0.394608  0.393486  0.392403  0.391367  0.390386 
  0.389464  0.388607  0.387819  0.387103  0.386389  0.385619  0.384949  0.384374 
  0.383893  0.383499  0.383187  0.382947  0.382772  0.382650  0.382572  0.382524 
  0.382496  0.382473  0.382451  0.382428  0.382403  0.382378  0.382352  0.382325 
  0.382297  0.382269  0.382239  0.382208  0.382176  0.382143  0.382107  0.382070 
  0.382031  0.381989  0.381945  0.381897  0.381847  0.381794  0.381737  0.381677 
  0.381613  0.381545  0.381473  0.381397  0.381318  0.381234  0.381146  0.381055 
  0.380959  0.380860  0.380757  0.380650  0.380541  0.380428  0.380313  0.380195 
  0.380074  0.379952  0.379828  0.379703  0.379578  0.379451  0.379325  0.379198 
  0.379073  0.378948  0.378825  0.378703  0.378584  0.378467  0.378353  0.378241 
  0.378133  0.378029  0.377928  0.377830  0.377736  0.377646  0.377559  0.377475 
  0.377393  0.377314  0.377237  0.377161  0.377085  0.377008  0.376930  0.376867 
  0.376804  0.376740  0.376673  0.376601  0.376524  0.376439  0.376346  0.376244 
  0.376132  0.376011  0.375882  0.375743  0.375597  0.375443  0.375282 
 ***************************************************************
  ROW NUMBER           1  SECTION NUMBER            11
           0           0           0  IF_DESIGN etc 
   1.00000   0.00000    0
 -0.202500 -0.181499 -0.160743 -0.140391 -0.120594 -0.101497 -0.083231 -0.065918 
 -0.049660 -0.034546 -0.020646 -0.008011  0.003330  0.013365  0.022105  0.029581 
  0.035843  0.040961  0.045023  0.048134  0.050412  0.051991  0.053014  0.053634 
  0.054009  0.054303  0.054596  0.054905  0.055227  0.055560  0.055904  0.056258 
  0.056623  0.057000  0.057391  0.057796  0.058220  0.058664  0.059130  0.059623 
  0.060144  0.060697  0.061284  0.061909  0.062574  0.063283  0.064036  0.064836 
  0.065686  0.066586  0.067539  0.068544  0.069602  0.070714  0.071879  0.073097 
  0.074366  0.075686  0.077053  0.078467  0.079924  0.081421  0.082956  0.084524 
  0.086121  0.087744  0.089388  0.091047  0.092718  0.094395  0.096072  0.097746 
  0.099410  0.101059  0.102689  0.104295  0.105872  0.107415  0.108921  0.110387 
  0.111809  0.113185  0.114514  0.115794  0.117027  0.118212  0.119352  0.120450 
  0.121511  0.122541  0.123548  0.124539  0.125527  0.126523  0.127543  0.128358 
  0.129174  0.130000  0.130857  0.131765  0.132739  0.133794  0.134941  0.136185 
  0.137530  0.138973  0.140507  0.142122  0.143805  0.145537  0.147300 
  1.000000  0.000000
  0.173216  0.175548  0.181397  0.189062  0.196963  0.203737  0.208319  0.209982 
  0.208358  0.203418  0.195434  0.184914  0.172531  0.159044  0.145222  0.131774 
  0.119301  0.108256  0.098929  0.091444  0.085770  0.081740  0.079087  0.077463 
  0.076475  0.075699  0.076311  0.076172  0.075864  0.075452  0.074976  0.074435 
  0.073833  0.073189  0.072471  0.071696  0.070848  0.069900  0.068861  0.067747 
  0.066547  0.065265  0.063893  0.062430  0.060868  0.059202  0.057424  0.055528 
  0.053509  0.051363  0.049083  0.046667  0.044113  0.041418  0.038582  0.035605 
  0.032487  0.029231  0.025841  0.022321  0.018677  0.014917  0.011048  0.007082 
  0.003028 -0.001100 -0.005288 -0.009524 -0.013789 -0.018070 -0.022348 -0.026608 
 -0.030832 -0.035004 -0.039106 -0.043126 -0.047049 -0.050861 -0.054552 -0.058113 
 -0.061537 -0.064819 -0.067955 -0.070946 -0.073793 -0.076502 -0.079079 -0.081534 
 -0.083877 -0.086127 -0.088298 -0.090413 -0.092494 -0.094566 -0.096678 -0.099253 
 -0.100853 -0.102473 -0.104154 -0.105934 -0.107846 -0.109918 -0.112171 -0.114616 
 -0.117259 -0.120095 -0.123112 -0.126287 -0.129595 -0.133001 -0.136468 
  1.000000
  0.000000  0.000000  0.000000  0.000000  0.000000  0.000000  0.000000  0.000000 
  0.000000  0.000000  0.000000  0.000000  0.000000  0.000000  0.000000  0.000000 
  0.000000  0.000000  0.000000  0.000000  0.000000  0.000000  0.000000  0.000000 
  0.000000  0.000000  0.003254  0.004626  0.005676  0.006524  0.007248  0.007862 
  0.008372  0.008867  0.009312  0.009737  0.010138  0.010491  0.010811  0.011123 
  0.011424  0.011724  0.012022  0.012325  0.012629  0.012932  0.013234  0.013536 
  0.013827  0.014108  0.014370  0.014621  0.014847  0.015045  0.015212  0.015345 
  0.015438  0.015489  0.015494  0.015450  0.015357  0.015212  0.015015  0.014766 
  0.014467  0.014119  0.013726  0.013292  0.012821  0.012319  0.011790  0.011242 
  0.010681  0.010113  0.009546  0.008983  0.008432  0.007898  0.007385  0.006896 
  0.006434  0.006002  0.005601  0.005231  0.004891  0.004582  0.004302  0.004048 
  0.003822  0.003617  0.003435  0.003272  0.003127  0.002981  0.002499  0.000000 
  0.000000  0.000000  0.000000  0.000000  0.000000  0.000000  0.000000  0.000000 
  0.000000  0.000000  0.000000  0.000000  0.000000  0.000000  0.000000 
  1.000000  0.000000
  0.413474  0.412153  0.410849  0.409569  0.408324  0.407124  0.405975  0.404887 
  0.403865  0.402914  0.402041  0.401246  0.400456  0.399603  0.398859  0.398223 
  0.397689  0.397252  0.396905  0.396640  0.396445  0.396310  0.396223  0.396170 
  0.396138  0.396113  0.396088  0.396062  0.396035  0.396007  0.395978  0.395948 
  0.395917  0.395885  0.395852  0.395818  0.395782  0.395745  0.395705  0.395664 
  0.395620  0.395573  0.395524  0.395471  0.395415  0.395356  0.395293  0.395225 
  0.395154  0.395078  0.394998  0.394914  0.394825  0.394732  0.394634  0.394532 
  0.394425  0.394315  0.394200  0.394082  0.393959  0.393834  0.393705  0.393573 
  0.393439  0.393303  0.393165  0.393026  0.392886  0.392745  0.392604  0.392463 
  0.392323  0.392184  0.392046  0.391911  0.391778  0.391647  0.391520  0.391396 
  0.391276  0.391159  0.391046  0.390938  0.390833  0.390732  0.390635  0.390541 
  0.390451  0.390363  0.390277  0.390192  0.390107  0.390021  0.389934  0.389863 
  0.389793  0.389722  0.389647  0.389568  0.389483  0.389389  0.389287  0.389175 
  0.389053  0.388921  0.388780  0.388629  0.388470  0.388303  0.388129 
 ***************************************************************
 ************STARTING THE INPUT FOR EACH BLADE ROW**************
  BLADE ROW NUMBER =        2                                           
    NUMBER OF BLADES IN ROW 
        52
        JM        JLE       JTE 
       150        21        140
      KTIPSTART  KTIPEND 
         0         0
       BOUNDARY LAYER TRANSITION POINTS 
         0         0         0         0
  SET NEWGRID= 1 TO GENERATE A NEW GRID WITH DIFFERENT "J" POINTS AND SPACINGS.
         0
   RPMROW,    RPMHUB 
    0.0    0.0
       JROTHS    JROTHE    JROTTS    JROTTE 
         1         1         1         1
   PUPROW    PLEROW   PTEROW    PDROW 
   120329.1   120329.1   123247.5  123247.5
      NSECS_ROW   INSURF  
         11         0
  IF_CUSP   IFANGLES 
         0         0
 ***************************************************************
  ROW NUMBER           2  SECTION NUMBER            1
           0           0           0  IF_DESIGN etc 
   1.00000   0.00000    0
  0.147300  0.152369  0.157348  0.162177  0.166803  0.171177  0.175254  0.178999 
  0.182384  0.185391  0.188009  0.190240  0.192091  0.193583  0.194743  0.195607 
  0.196218  0.196626  0.196884  0.197052  0.197189  0.197326  0.197468  0.197614 
  0.197764  0.197917  0.198074  0.198233  0.198396  0.198561  0.198729  0.198900 
  0.199074  0.199252  0.199433  0.199618  0.199807  0.200000  0.200199  0.200403 
  0.200612  0.200828  0.201050  0.201280  0.201517  0.201762  0.202016  0.202279 
  0.202551  0.202833  0.203126  0.203430  0.203745  0.204072  0.204411  0.204763 
  0.205127  0.205505  0.205896  0.206301  0.206720  0.207154  0.207602  0.208064 
  0.208541  0.209033  0.209540  0.210062  0.210599  0.211150  0.211716  0.212296 
  0.212891  0.213500  0.214123  0.214759  0.215408  0.216071  0.216745  0.217432 
  0.218130  0.218839  0.219559  0.220288  0.221026  0.221774  0.222529  0.223291 
  0.224060  0.224834  0.225614  0.226398  0.227185  0.227975  0.228766  0.229559 
  0.230351  0.231143  0.231933  0.232721  0.233506  0.234286  0.235061  0.235831 
  0.236594  0.237350  0.238098  0.238837  0.239566  0.240285  0.240994  0.241692 
  0.242377  0.243051  0.243712  0.244360  0.244995  0.245617  0.246225  0.246820 
  0.247401  0.247970  0.248525  0.249068  0.249598  0.250118  0.250626  0.251125 
  0.251615  0.252098  0.252574  0.253045  0.253513  0.253979  0.254446  0.254915 
  0.255390  0.255872  0.256364  0.256673  0.256983  0.257350  0.257885  0.258681 
  0.259807  0.261298  0.263153  0.265339  0.267785  0.270400 
  1.000000  0.000000
 -0.027807 -0.028358 -0.029717 -0.031449 -0.033166 -0.034565 -0.035442 -0.035702 
 -0.035349 -0.034467 -0.033197 -0.031702 -0.030147 -0.028672 -0.027382 -0.026336 
 -0.025551 -0.025007 -0.024652 -0.024419 -0.024226 -0.023508 -0.023087 -0.022714 
 -0.022369 -0.022046 -0.021728 -0.021435 -0.021140 -0.020866 -0.020593 -0.020327 
 -0.020063 -0.019793 -0.019522 -0.019246 -0.018965 -0.018680 -0.018389 -0.018093 
 -0.017791 -0.017481 -0.017165 -0.016840 -0.016509 -0.016166 -0.015817 -0.015456 
 -0.015087 -0.014706 -0.014315 -0.013913 -0.013499 -0.013075 -0.012638 -0.012190 
 -0.011730 -0.011258 -0.010773 -0.010278 -0.009771 -0.009252 -0.008722 -0.008181 
 -0.007630 -0.007068 -0.006496 -0.005915 -0.005325 -0.004726 -0.004119 -0.003505 
 -0.002884 -0.002257 -0.001625 -0.000988 -0.000347  0.000297  0.000943  0.001591 
  0.002239  0.002888  0.003536  0.004181  0.004824  0.005463  0.006099  0.006728 
  0.007351  0.007968  0.008576  0.009175  0.009765  0.010345  0.010913  0.011469 
  0.012013  0.012542  0.013058  0.013559  0.014046  0.014516  0.014970  0.015409 
  0.015829  0.016233  0.016621  0.016991  0.017343  0.017678  0.017996  0.018298 
  0.018582  0.018850  0.019101  0.019337  0.019557  0.019763  0.019954  0.020131 
  0.020295  0.020446  0.020585  0.020712  0.020828  0.020934  0.021030  0.021116 
  0.021193  0.021263  0.021324  0.021377  0.021424  0.021463  0.021495  0.021519 
  0.021536  0.021528  0.021423  0.021152  0.021152  0.021152  0.021152  0.021152 
  0.021152  0.021152  0.021152  0.021152  0.021152  0.021152 
  1.000000
  0.000000  0.000000  0.000000  0.000000  0.000000  0.000000  0.000000  0.000000 
  0.000000  0.000000  0.000000  0.000000  0.000000  0.000000  0.000000  0.000000 
  0.000000  0.000000  0.000000  0.000000  0.000000  0.001009  0.001441  0.001777 
  0.002056  0.002297  0.002509  0.002695  0.002864  0.003008  0.003140  0.003256 
  0.003367  0.003467  0.003565  0.003656  0.003741  0.003822  0.003889  0.003955 
  0.004012  0.004068  0.004123  0.004181  0.004236  0.004296  0.004353  0.004412 
  0.004467  0.004526  0.004583  0.004641  0.004699  0.004756  0.004813  0.004869 
  0.004925  0.004980  0.005032  0.005082  0.005131  0.005179  0.005224  0.005267 
  0.005308  0.005344  0.005376  0.005405  0.005430  0.005451  0.005468  0.005480 
  0.005486  0.005487  0.005482  0.005472  0.005458  0.005434  0.005406  0.005371 
  0.005330  0.005284  0.005230  0.005170  0.005104  0.005032  0.004955  0.004872 
  0.004782  0.004690  0.004591  0.004488  0.004382  0.004272  0.004158  0.004042 
  0.003925  0.003804  0.003683  0.003562  0.003439  0.003317  0.003196  0.003076 
  0.002958  0.002841  0.002726  0.002615  0.002505  0.002398  0.002296  0.002198 
  0.002101  0.002009  0.001921  0.001837  0.001757  0.001680  0.001607  0.001539 
  0.001475  0.001413  0.001356  0.001301  0.001250  0.001201  0.001156  0.001114 
  0.001074  0.001036  0.001002  0.000969  0.000939  0.000911  0.000885  0.000860 
  0.000837  0.000780  0.000547  0.000000  0.000000  0.000000  0.000000  0.000000 
  0.000000  0.000000  0.000000  0.000000  0.000000  0.000000 
  1.000000  0.000000
  0.131195  0.131672  0.132136  0.132589  0.133042  0.133503  0.133966  0.134421 
  0.134865  0.135282  0.135655  0.135976  0.136242  0.136455  0.136621  0.136743 
  0.136830  0.136888  0.136924  0.136948  0.136967  0.136987  0.137007  0.137027 
  0.137048  0.137070  0.137092  0.137114  0.137137  0.137160  0.137184  0.137208 
  0.137233  0.137258  0.137284  0.137310  0.137337  0.137365  0.137394  0.137423 
  0.137454  0.137485  0.137517  0.137551  0.137585  0.137621  0.137659  0.137697 
  0.137738  0.137779  0.137823  0.137868  0.137914  0.137963  0.138014  0.138066 
  0.138121  0.138177  0.138236  0.138297  0.138360  0.138425  0.138493  0.138563 
  0.138635  0.138710  0.138787  0.138866  0.138947  0.139031  0.139118  0.139206 
  0.139297  0.139390  0.139485  0.139583  0.139682  0.139784  0.139888  0.139993 
  0.140101  0.140210  0.140321  0.140433  0.140547  0.140662  0.140779  0.140897 
  0.141016  0.141135  0.141256  0.141377  0.141499  0.141622  0.141744  0.141867 
  0.141990  0.142113  0.142236  0.142358  0.142480  0.142601  0.142722  0.142841 
  0.142960  0.143077  0.143194  0.143309  0.143422  0.143534  0.143644  0.143753 
  0.143859  0.143964  0.144067  0.144168  0.144267  0.144364  0.144458  0.144551 
  0.144641  0.144730  0.144816  0.144901  0.144983  0.145064  0.145143  0.145221 
  0.145297  0.145372  0.145446  0.145520  0.145592  0.145665  0.145737  0.145810 
  0.145884  0.145959  0.146035  0.146084  0.146132  0.146189  0.146272  0.146395 
  0.146570  0.146801  0.147088  0.147425  0.147801  0.148200 
 ***************************************************************
  ROW NUMBER           2  SECTION NUMBER            2
           0           0           0  IF_DESIGN etc 
   1.00000   0.00000    0
  0.147300  0.152375  0.157359  0.162194  0.166825  0.171203  0.175285  0.179034 
  0.182422  0.185432  0.188053  0.190285  0.192138  0.193631  0.194791  0.195655 
  0.196265  0.196672  0.196930  0.197096  0.197232  0.197368  0.197509  0.197654 
  0.197803  0.197955  0.198110  0.198268  0.198429  0.198593  0.198760  0.198929 
  0.199102  0.199278  0.199458  0.199641  0.199829  0.200021  0.200218  0.200420 
  0.200628  0.200842  0.201063  0.201290  0.201526  0.201769  0.202020  0.202281 
  0.202551  0.202831  0.203122  0.203423  0.203736  0.204060  0.204396  0.204745 
  0.205107  0.205481  0.205870  0.206271  0.206687  0.207117  0.207561  0.208020 
  0.208494  0.208982  0.209484  0.210002  0.210534  0.211081  0.211643  0.212218 
  0.212808  0.213412  0.214030  0.214661  0.215305  0.215962  0.216631  0.217312 
  0.218005  0.218708  0.219422  0.220145  0.220878  0.221619  0.222368  0.223124 
  0.223887  0.224655  0.225429  0.226206  0.226987  0.227770  0.228555  0.229341 
  0.230128  0.230913  0.231697  0.232478  0.233256  0.234030  0.234799  0.235563 
  0.236320  0.237069  0.237811  0.238544  0.239268  0.239981  0.240684  0.241376 
  0.242056  0.242724  0.243380  0.244023  0.244653  0.245269  0.245873  0.246462 
  0.247039  0.247603  0.248154  0.248692  0.249218  0.249733  0.250238  0.250733 
  0.251219  0.251697  0.252169  0.252637  0.253101  0.253563  0.254026  0.254492 
  0.254962  0.255441  0.255929  0.256236  0.256542  0.256909  0.257452  0.258267 
  0.259426  0.260966  0.262887  0.265151  0.267688  0.270400 
  1.000000  0.000000
 -0.027807 -0.028292 -0.029482 -0.030984 -0.032453 -0.033617 -0.034297 -0.034413 
 -0.033972 -0.033056 -0.031795 -0.030342 -0.028848 -0.027441 -0.026215 -0.025226 
 -0.024485 -0.023972 -0.023638 -0.023420 -0.023239 -0.022551 -0.022144 -0.021786 
 -0.021454 -0.021142 -0.020837 -0.020553 -0.020269 -0.020005 -0.019740 -0.019486 
 -0.019232 -0.018974 -0.018717 -0.018455 -0.018188 -0.017918 -0.017641 -0.017361 
 -0.017073 -0.016779 -0.016478 -0.016169 -0.015853 -0.015527 -0.015194 -0.014851 
 -0.014499 -0.014136 -0.013763 -0.013379 -0.012984 -0.012579 -0.012162 -0.011734 
 -0.011294 -0.010843 -0.010380 -0.009906 -0.009420 -0.008923 -0.008415 -0.007896 
 -0.007368 -0.006829 -0.006280 -0.005722 -0.005154 -0.004579 -0.003995 -0.003405 
 -0.002807 -0.002203 -0.001594 -0.000980 -0.000362  0.000259  0.000882  0.001508 
  0.002134  0.002761  0.003387  0.004011  0.004633  0.005252  0.005868  0.006477 
  0.007081  0.007678  0.008268  0.008849  0.009421  0.009984  0.010535  0.011075 
  0.011603  0.012118  0.012619  0.013106  0.013579  0.014036  0.014478  0.014904 
  0.015313  0.015706  0.016083  0.016444  0.016786  0.017112  0.017422  0.017716 
  0.017992  0.018253  0.018498  0.018727  0.018942  0.019142  0.019328  0.019500 
  0.019660  0.019807  0.019942  0.020066  0.020178  0.020281  0.020374  0.020458 
  0.020533  0.020600  0.020660  0.020712  0.020756  0.020794  0.020825  0.020848 
  0.020864  0.020850  0.020741  0.020468  0.020468  0.020468  0.020468  0.020468 
  0.020469  0.020469  0.020470  0.020471  0.020472  0.020473 
  1.000000
  0.000000  0.000000  0.000000  0.000000  0.000000  0.000000  0.000000  0.000000 
  0.000000  0.000000  0.000000  0.000000  0.000000  0.000000  0.000000  0.000000 
  0.000000  0.000000  0.000000  0.000000  0.000000  0.000990  0.001417  0.001747 
  0.002024  0.002264  0.002477  0.002664  0.002837  0.002983  0.003121  0.003241 
  0.003354  0.003458  0.003558  0.003651  0.003739  0.003823  0.003896  0.003967 
  0.004029  0.004089  0.004148  0.004208  0.004265  0.004327  0.004386  0.004446 
  0.004504  0.004565  0.004624  0.004685  0.004745  0.004805  0.004864  0.004923 
  0.004982  0.005039  0.005094  0.005148  0.005200  0.005251  0.005299  0.005345 
  0.005388  0.005427  0.005463  0.005495  0.005523  0.005547  0.005566  0.005581 
  0.005589  0.005593  0.005591  0.005583  0.005570  0.005549  0.005522  0.005488 
  0.005449  0.005404  0.005350  0.005291  0.005225  0.005153  0.005076  0.004992 
  0.004902  0.004808  0.004709  0.004604  0.004496  0.004385  0.004269  0.004151 
  0.004031  0.003908  0.003784  0.003660  0.003535  0.003410  0.003286  0.003163 
  0.003041  0.002921  0.002803  0.002689  0.002576  0.002467  0.002362  0.002260 
  0.002161  0.002067  0.001976  0.001890  0.001807  0.001728  0.001653  0.001583 
  0.001517  0.001454  0.001394  0.001338  0.001285  0.001236  0.001189  0.001145 
  0.001105  0.001066  0.001030  0.000997  0.000965  0.000937  0.000910  0.000884 
  0.000860  0.000792  0.000552  0.000000  0.000000  0.000000  0.000000  0.000000 
  0.000000  0.000000  0.000000  0.000000  0.000000  0.000000 
  1.000000  0.000000
  0.144042  0.144470  0.144886  0.145293  0.145699  0.146113  0.146528  0.146936 
  0.147334  0.147708  0.148043  0.148330  0.148569  0.148761  0.148909  0.149020 
  0.149097  0.149149  0.149182  0.149204  0.149221  0.149239  0.149257  0.149275 
  0.149294  0.149314  0.149334  0.149354  0.149375  0.149396  0.149417  0.149439 
  0.149462  0.149484  0.149508  0.149531  0.149556  0.149581  0.149607  0.149634 
  0.149661  0.149689  0.149719  0.149749  0.149780  0.149813  0.149846  0.149881 
  0.149918  0.149955  0.149995  0.150035  0.150078  0.150122  0.150167  0.150215 
  0.150264  0.150315  0.150369  0.150424  0.150481  0.150540  0.150601  0.150664 
  0.150730  0.150797  0.150866  0.150938  0.151012  0.151088  0.151166  0.151246 
  0.151328  0.151413  0.151499  0.151587  0.151677  0.151769  0.151863  0.151958 
  0.152055  0.152154  0.152254  0.152356  0.152459  0.152563  0.152669  0.152775 
  0.152883  0.152991  0.153100  0.153210  0.153320  0.153431  0.153542  0.153653 
  0.153764  0.153876  0.153987  0.154097  0.154207  0.154317  0.154426  0.154534 
  0.154642  0.154748  0.154853  0.154957  0.155060  0.155161  0.155261  0.155359 
  0.155455  0.155550  0.155643  0.155734  0.155824  0.155911  0.155997  0.156081 
  0.156163  0.156243  0.156321  0.156397  0.156472  0.156545  0.156617  0.156687 
  0.156756  0.156824  0.156891  0.156957  0.157023  0.157088  0.157154  0.157220 
  0.157287  0.157354  0.157424  0.157467  0.157510  0.157562  0.157635  0.157745 
  0.157898  0.158100  0.158351  0.158645  0.158973  0.159321 
 ***************************************************************
  ROW NUMBER           2  SECTION NUMBER            3
           0           0           0  IF_DESIGN etc 
   1.00000   0.00000    0
  0.147300  0.152381  0.157371  0.162211  0.166847  0.171230  0.175316  0.179068 
  0.182461  0.185473  0.188096  0.190330  0.192184  0.193678  0.194838  0.195702 
  0.196312  0.196718  0.196975  0.197141  0.197275  0.197410  0.197550  0.197694 
  0.197841  0.197992  0.198146  0.198302  0.198462  0.198625  0.198790  0.198958 
  0.199130  0.199304  0.199482  0.199664  0.199850  0.200041  0.200236  0.200436 
  0.200642  0.200855  0.201073  0.201299  0.201532  0.201774  0.202023  0.202282 
  0.202550  0.202827  0.203115  0.203414  0.203724  0.204046  0.204379  0.204725 
  0.205083  0.205455  0.205840  0.206238  0.206651  0.207077  0.207517  0.207972 
  0.208442  0.208926  0.209424  0.209937  0.210465  0.211007  0.211564  0.212135 
  0.212720  0.213319  0.213931  0.214557  0.215196  0.215847  0.216511  0.217186 
  0.217873  0.218570  0.219278  0.219995  0.220722  0.221456  0.222199  0.222949 
  0.223705  0.224467  0.225234  0.226004  0.226779  0.227555  0.228334  0.229113 
  0.229893  0.230671  0.231448  0.232223  0.232995  0.233762  0.234525  0.235282 
  0.236032  0.236775  0.237511  0.238237  0.238955  0.239662  0.240359  0.241045 
  0.241720  0.242382  0.243032  0.243669  0.244294  0.244905  0.245503  0.246088 
  0.246660  0.247219  0.247765  0.248299  0.248821  0.249331  0.249831  0.250322 
  0.250804  0.251278  0.251746  0.252210  0.252670  0.253128  0.253587  0.254049 
  0.254516  0.254989  0.255474  0.255778  0.256082  0.256449  0.256999  0.257834 
  0.259028  0.260619  0.262608  0.264955  0.267587  0.270400 
  1.000000  0.000000
 -0.027807 -0.028222 -0.029233 -0.030494 -0.031700 -0.032617 -0.033089 -0.033052 
 -0.032519 -0.031567 -0.030318 -0.028910 -0.027480 -0.026145 -0.024989 -0.024058 
 -0.023364 -0.022884 -0.022574 -0.022370 -0.022203 -0.021544 -0.021151 -0.020810 
 -0.020491 -0.020191 -0.019900 -0.019626 -0.019354 -0.019099 -0.018843 -0.018602 
 -0.018360 -0.018116 -0.017874 -0.017627 -0.017376 -0.017120 -0.016859 -0.016594 
 -0.016322 -0.016044 -0.015760 -0.015468 -0.015169 -0.014861 -0.014545 -0.014220 
 -0.013886 -0.013542 -0.013189 -0.012825 -0.012450 -0.012065 -0.011669 -0.011262 
 -0.010843 -0.010414 -0.009973 -0.009522 -0.009059 -0.008585 -0.008101 -0.007606 
 -0.007101 -0.006586 -0.006061 -0.005527 -0.004984 -0.004433 -0.003874 -0.003308 
 -0.002735 -0.002156 -0.001571 -0.000981 -0.000387  0.000210  0.000810  0.001412 
  0.002015  0.002619  0.003222  0.003824  0.004424  0.005021  0.005616  0.006204 
  0.006788  0.007365  0.007936  0.008498  0.009052  0.009597  0.010130  0.010653 
  0.011165  0.011664  0.012150  0.012623  0.013081  0.013524  0.013953  0.014367 
  0.014764  0.015146  0.015512  0.015862  0.016195  0.016512  0.016813  0.017098 
  0.017367  0.017620  0.017857  0.018081  0.018289  0.018484  0.018665  0.018832 
  0.018987  0.019129  0.019261  0.019381  0.019490  0.019590  0.019680  0.019762 
  0.019835  0.019899  0.019957  0.020007  0.020050  0.020086  0.020116  0.020138 
  0.020153  0.020133  0.020021  0.019745  0.019745  0.019745  0.019745  0.019746 
  0.019746  0.019748  0.019749  0.019751  0.019753  0.019756 
  1.000000
  0.000000  0.000000  0.000000  0.000000  0.000000  0.000000  0.000000  0.000000 
  0.000000  0.000000  0.000000  0.000000  0.000000  0.000000  0.000000  0.000000 
  0.000000  0.000000  0.000000  0.000000  0.000000  0.000969  0.001390  0.001713 
  0.001989  0.002228  0.002440  0.002629  0.002806  0.002954  0.003098  0.003221 
  0.003336  0.003444  0.003546  0.003641  0.003733  0.003820  0.003898  0.003975 
  0.004042  0.004106  0.004169  0.004229  0.004289  0.004351  0.004413  0.004475 
  0.004536  0.004599  0.004662  0.004724  0.004787  0.004849  0.004911  0.004973 
  0.005034  0.005094  0.005152  0.005209  0.005265  0.005318  0.005369  0.005418 
  0.005464  0.005507  0.005545  0.005581  0.005612  0.005639  0.005661  0.005678 
  0.005689  0.005695  0.005696  0.005690  0.005679  0.005660  0.005635  0.005603 
  0.005564  0.005520  0.005468  0.005409  0.005343  0.005272  0.005194  0.005110 
  0.005020  0.004925  0.004824  0.004718  0.004608  0.004495  0.004377  0.004257 
  0.004135  0.004009  0.003883  0.003756  0.003628  0.003500  0.003374  0.003247 
  0.003122  0.003000  0.002879  0.002762  0.002646  0.002534  0.002426  0.002322 
  0.002220  0.002123  0.002030  0.001941  0.001856  0.001775  0.001699  0.001626 
  0.001558  0.001493  0.001432  0.001374  0.001320  0.001269  0.001221  0.001177 
  0.001135  0.001095  0.001058  0.001024  0.000992  0.000962  0.000934  0.000908 
  0.000882  0.000804  0.000557  0.000000  0.000000  0.000000  0.000000  0.000000 
  0.000000  0.000000  0.000000  0.000000  0.000000  0.000000 
  1.000000  0.000000
  0.156888  0.157267  0.157636  0.157996  0.158356  0.158722  0.159089  0.159450 
  0.159803  0.160133  0.160430  0.160685  0.160896  0.161066  0.161198  0.161296 
  0.161365  0.161411  0.161440  0.161460  0.161475  0.161491  0.161507  0.161524 
  0.161541  0.161558  0.161576  0.161594  0.161612  0.161631  0.161650  0.161670 
  0.161690  0.161710  0.161731  0.161752  0.161774  0.161797  0.161820  0.161844 
  0.161868  0.161893  0.161920  0.161947  0.161975  0.162004  0.162034  0.162065 
  0.162098  0.162132  0.162167  0.162203  0.162241  0.162280  0.162321  0.162364 
  0.162408  0.162454  0.162501  0.162550  0.162601  0.162654  0.162709  0.162766 
  0.162824  0.162884  0.162946  0.163011  0.163077  0.163145  0.163214  0.163286 
  0.163360  0.163435  0.163512  0.163591  0.163671  0.163754  0.163837  0.163923 
  0.164010  0.164098  0.164188  0.164279  0.164371  0.164464  0.164559  0.164654 
  0.164750  0.164847  0.164945  0.165043  0.165141  0.165240  0.165340  0.165439 
  0.165539  0.165638  0.165737  0.165836  0.165935  0.166033  0.166131  0.166227 
  0.166323  0.166418  0.166512  0.166605  0.166697  0.166788  0.166877  0.166965 
  0.167051  0.167136  0.167219  0.167301  0.167381  0.167459  0.167536  0.167611 
  0.167684  0.167755  0.167825  0.167894  0.167960  0.168026  0.168090  0.168153 
  0.168214  0.168275  0.168335  0.168394  0.168453  0.168512  0.168570  0.168630 
  0.168689  0.168750  0.168812  0.168850  0.168889  0.168935  0.168999  0.169094 
  0.169226  0.169399  0.169614  0.169865  0.170145  0.170441 
 ***************************************************************
  ROW NUMBER           2  SECTION NUMBER            4
           0           0           0  IF_DESIGN etc 
   1.00000   0.00000    0
  0.147300  0.152392  0.157393  0.162244  0.166891  0.171283  0.175377  0.179138 
  0.182537  0.185555  0.188183  0.190420  0.192277  0.193772  0.194934  0.195797 
  0.196406  0.196811  0.197066  0.197229  0.197362  0.197495  0.197632  0.197773 
  0.197918  0.198067  0.198218  0.198372  0.198529  0.198689  0.198852  0.199018 
  0.199186  0.199358  0.199533  0.199712  0.199895  0.200082  0.200275  0.200472 
  0.200675  0.200883  0.201099  0.201321  0.201550  0.201787  0.202033  0.202287 
  0.202551  0.202824  0.203107  0.203401  0.203706  0.204023  0.204351  0.204691 
  0.205044  0.205409  0.205788  0.206180  0.206586  0.207005  0.207438  0.207886 
  0.208348  0.208824  0.209314  0.209819  0.210338  0.210872  0.211419  0.211981 
  0.212557  0.213146  0.213748  0.214364  0.214992  0.215633  0.216286  0.216950 
  0.217626  0.218312  0.219008  0.219714  0.220428  0.221151  0.221882  0.222619 
  0.223363  0.224113  0.224867  0.225625  0.226387  0.227151  0.227917  0.228683 
  0.229450  0.230216  0.230981  0.231743  0.232502  0.233256  0.234007  0.234751 
  0.235489  0.236220  0.236944  0.237659  0.238364  0.239060  0.239746  0.240421 
  0.241084  0.241736  0.242375  0.243002  0.243616  0.244217  0.244806  0.245381 
  0.245943  0.246493  0.247030  0.247555  0.248069  0.248571  0.249063  0.249545 
  0.250019  0.250486  0.250946  0.251402  0.251855  0.252306  0.252757  0.253211 
  0.253670  0.254136  0.254612  0.254912  0.255211  0.255578  0.256143  0.257015 
  0.258274  0.259963  0.262080  0.264584  0.267394  0.270400 
  1.000000  0.000000
 -0.027807 -0.028092 -0.028767 -0.029575 -0.030290 -0.030742 -0.030826 -0.030502 
 -0.029795 -0.028774 -0.027544 -0.026219 -0.024910 -0.023708 -0.022680 -0.021860 
 -0.021252 -0.020834 -0.020566 -0.020391 -0.020248 -0.019650 -0.019284 -0.018974 
 -0.018681 -0.018401 -0.018137 -0.017880 -0.017631 -0.017394 -0.017154 -0.016936 
 -0.016714 -0.016495 -0.016280 -0.016060 -0.015837 -0.015610 -0.015378 -0.015142 
 -0.014899 -0.014652 -0.014397 -0.014137 -0.013869 -0.013594 -0.013311 -0.013020 
 -0.012720 -0.012412 -0.012093 -0.011766 -0.011429 -0.011081 -0.010724 -0.010357 
 -0.009978 -0.009590 -0.009191 -0.008781 -0.008361 -0.007931 -0.007490 -0.007040 
 -0.006579 -0.006109 -0.005629 -0.005141 -0.004644 -0.004139 -0.003626 -0.003106 
 -0.002579 -0.002046 -0.001507 -0.000963 -0.000414  0.000138  0.000694  0.001251 
  0.001811  0.002371  0.002932  0.003492  0.004051  0.004607  0.005161  0.005711 
  0.006256  0.006796  0.007330  0.007856  0.008375  0.008886  0.009387  0.009878 
  0.010359  0.010827  0.011284  0.011729  0.012161  0.012578  0.012983  0.013372 
  0.013747  0.014107  0.014453  0.014782  0.015097  0.015396  0.015680  0.015949 
  0.016203  0.016442  0.016667  0.016878  0.017075  0.017259  0.017429  0.017587 
  0.017733  0.017868  0.017991  0.018105  0.018208  0.018302  0.018387  0.018464 
  0.018532  0.018593  0.018646  0.018693  0.018733  0.018767  0.018794  0.018815 
  0.018827  0.018795  0.018675  0.018394  0.018394  0.018394  0.018395  0.018395 
  0.018397  0.018399  0.018402  0.018405  0.018409  0.018413 
  1.000000
  0.000000  0.000000  0.000000  0.000000  0.000000  0.000000  0.000000  0.000000 
  0.000000  0.000000  0.000000  0.000000  0.000000  0.000000  0.000000  0.000000 
  0.000000  0.000000  0.000000  0.000000  0.000000  0.000932  0.001343  0.001655 
  0.001927  0.002164  0.002377  0.002569  0.002752  0.002907  0.003063  0.003191 
  0.003311  0.003427  0.003533  0.003632  0.003731  0.003825  0.003912  0.004000 
  0.004078  0.004150  0.004221  0.004284  0.004349  0.004414  0.004480  0.004545 
  0.004612  0.004679  0.004747  0.004814  0.004881  0.004949  0.005016  0.005083 
  0.005150  0.005215  0.005279  0.005342  0.005404  0.005463  0.005520  0.005575 
  0.005627  0.005675  0.005721  0.005762  0.005799  0.005831  0.005859  0.005881 
  0.005898  0.005909  0.005914  0.005912  0.005904  0.005890  0.005868  0.005839 
  0.005803  0.005760  0.005710  0.005652  0.005587  0.005515  0.005437  0.005352 
  0.005261  0.005163  0.005061  0.004952  0.004838  0.004722  0.004600  0.004475 
  0.004348  0.004217  0.004086  0.003953  0.003820  0.003685  0.003553  0.003421 
  0.003289  0.003161  0.003034  0.002910  0.002789  0.002671  0.002558  0.002447 
  0.002340  0.002238  0.002140  0.002047  0.001957  0.001872  0.001791  0.001715 
  0.001642  0.001574  0.001509  0.001448  0.001391  0.001338  0.001288  0.001241 
  0.001196  0.001155  0.001116  0.001079  0.001045  0.001014  0.000984  0.000957 
  0.000928  0.000828  0.000567  0.000000  0.000000  0.000000  0.000000  0.000000 
  0.000000  0.000000  0.000000  0.000000  0.000000  0.000000 
  1.000000  0.000000
  0.182582  0.182863  0.183136  0.183403  0.183669  0.183941  0.184212  0.184479 
  0.184740  0.184985  0.185205  0.185394  0.185551  0.185677  0.185775  0.185848 
  0.185900  0.185934  0.185957  0.185971  0.185983  0.185995  0.186007  0.186020 
  0.186033  0.186046  0.186060  0.186074  0.186088  0.186102  0.186117  0.186132 
  0.186147  0.186162  0.186178  0.186195  0.186211  0.186228  0.186246  0.186264 
  0.186283  0.186302  0.186322  0.186343  0.186364  0.186386  0.186409  0.186433 
  0.186458  0.186484  0.186511  0.186538  0.186567  0.186598  0.186629  0.186661 
  0.186695  0.186730  0.186766  0.186804  0.186843  0.186883  0.186925  0.186968 
  0.187013  0.187059  0.187106  0.187155  0.187206  0.187258  0.187311  0.187366 
  0.187422  0.187480  0.187539  0.187599  0.187660  0.187723  0.187787  0.187853 
  0.187919  0.187986  0.188055  0.188124  0.188195  0.188266  0.188338  0.188411 
  0.188485  0.188559  0.188633  0.188708  0.188784  0.188859  0.188935  0.189011 
  0.189087  0.189163  0.189239  0.189315  0.189390  0.189465  0.189539  0.189613 
  0.189687  0.189759  0.189831  0.189902  0.189973  0.190042  0.190110  0.190177 
  0.190243  0.190308  0.190371  0.190434  0.190495  0.190555  0.190613  0.190670 
  0.190726  0.190781  0.190834  0.190887  0.190938  0.190988  0.191036  0.191084 
  0.191132  0.191178  0.191224  0.191269  0.191314  0.191359  0.191404  0.191449 
  0.191494  0.191540  0.191588  0.191617  0.191647  0.191681  0.191727  0.191792 
  0.191881  0.191997  0.192139  0.192305  0.192488  0.192683 
 ***************************************************************
  ROW NUMBER           2  SECTION NUMBER            5
           0           0           0  IF_DESIGN etc 
   1.00000   0.00000    0
  0.147300  0.152414  0.157437  0.162309  0.166975  0.171386  0.175497  0.179273 
  0.182686  0.185715  0.188352  0.190597  0.192460  0.193958  0.195122  0.195985 
  0.196594  0.196996  0.197248  0.197409  0.197538  0.197667  0.197801  0.197939 
  0.198080  0.198225  0.198372  0.198523  0.198676  0.198831  0.198990  0.199151 
  0.199316  0.199483  0.199654  0.199828  0.200006  0.200189  0.200376  0.200568 
  0.200766  0.200969  0.201179  0.201395  0.201619  0.201850  0.202089  0.202337 
  0.202594  0.202860  0.203136  0.203423  0.203720  0.204028  0.204348  0.204679 
  0.205023  0.205379  0.205748  0.206130  0.206525  0.206934  0.207356  0.207792 
  0.208242  0.208706  0.209184  0.209676  0.210182  0.210702  0.211235  0.211783 
  0.212343  0.212917  0.213504  0.214104  0.214717  0.215341  0.215977  0.216624 
  0.217282  0.217951  0.218629  0.219317  0.220013  0.220717  0.221429  0.222148 
  0.222873  0.223603  0.224338  0.225076  0.225818  0.226563  0.227309  0.228056 
  0.228803  0.229549  0.230294  0.231037  0.231776  0.232512  0.233243  0.233968 
  0.234687  0.235400  0.236104  0.236801  0.237488  0.238166  0.238834  0.239492 
  0.240138  0.240773  0.241396  0.242007  0.242605  0.243191  0.243764  0.244325 
  0.244873  0.245408  0.245932  0.246443  0.246943  0.247433  0.247912  0.248382 
  0.248844  0.249298  0.249747  0.250191  0.250632  0.251071  0.251511  0.251954 
  0.252401  0.252855  0.253319  0.253610  0.253902  0.254269  0.254855  0.255782 
  0.257140  0.258974  0.261284  0.264023  0.267103  0.270400 
  1.000000  0.000000
 -0.027807 -0.027910 -0.028121 -0.028299 -0.028330 -0.028133 -0.027670 -0.026942 
 -0.025984 -0.024860 -0.023647 -0.022427 -0.021276 -0.020252 -0.019395 -0.018723 
 -0.018230 -0.017896 -0.017683 -0.017546 -0.017435 -0.016938 -0.016620 -0.016335 
 -0.016076 -0.015820 -0.015589 -0.015350 -0.015131 -0.014916 -0.014695 -0.014500 
 -0.014301 -0.014102 -0.013917 -0.013729 -0.013539 -0.013349 -0.013154 -0.012957 
 -0.012754 -0.012545 -0.012330 -0.012111 -0.011885 -0.011653 -0.011413 -0.011168 
 -0.010913 -0.010652 -0.010381 -0.010104 -0.009817 -0.009521 -0.009217 -0.008902 
 -0.008578 -0.008246 -0.007904 -0.007552 -0.007191 -0.006820 -0.006440 -0.006051 
 -0.005653 -0.005246 -0.004830 -0.004405 -0.003973 -0.003532 -0.003085 -0.002630 
 -0.002169 -0.001701 -0.001228 -0.000749 -0.000266  0.000221  0.000712  0.001205 
  0.001701  0.002198  0.002696  0.003195  0.003693  0.004189  0.004683  0.005175 
  0.005663  0.006147  0.006626  0.007099  0.007566  0.008025  0.008476  0.008919 
  0.009353  0.009776  0.010189  0.010592  0.010981  0.011360  0.011726  0.012079 
  0.012419  0.012746  0.013059  0.013358  0.013643  0.013916  0.014173  0.014417 
  0.014648  0.014865  0.015070  0.015261  0.015439  0.015606  0.015760  0.015903 
  0.016036  0.016157  0.016269  0.016372  0.016465  0.016549  0.016626  0.016695 
  0.016756  0.016810  0.016858  0.016899  0.016934  0.016964  0.016987  0.017005 
  0.017004  0.016952  0.016816  0.016527  0.016527  0.016527  0.016527  0.016528 
  0.016529  0.016531  0.016534  0.016537  0.016540  0.016544 
  1.000000
  0.000000  0.000000  0.000000  0.000000  0.000000  0.000000  0.000000  0.000000 
  0.000000  0.000000  0.000000  0.000000  0.000000  0.000000  0.000000  0.000000 
  0.000000  0.000000  0.000000  0.000000  0.000000  0.000911  0.001298  0.001612 
  0.001878  0.002121  0.002336  0.002542  0.002728  0.002901  0.003073  0.003214 
  0.003355  0.003493  0.003607  0.003719  0.003835  0.003937  0.004037  0.004138 
  0.004234  0.004324  0.004414  0.004497  0.004574  0.004651  0.004726  0.004797 
  0.004873  0.004947  0.005023  0.005099  0.005177  0.005256  0.005332  0.005409 
  0.005486  0.005561  0.005635  0.005709  0.005780  0.005851  0.005919  0.005984 
  0.006047  0.006106  0.006161  0.006212  0.006260  0.006303  0.006340  0.006371 
  0.006397  0.006415  0.006429  0.006435  0.006433  0.006424  0.006407  0.006383 
  0.006350  0.006309  0.006261  0.006204  0.006139  0.006066  0.005985  0.005897 
  0.005801  0.005698  0.005590  0.005474  0.005352  0.005227  0.005095  0.004960 
  0.004822  0.004680  0.004536  0.004391  0.004244  0.004097  0.003951  0.003805 
  0.003660  0.003518  0.003378  0.003240  0.003106  0.002976  0.002849  0.002726 
  0.002607  0.002494  0.002386  0.002281  0.002180  0.002086  0.001996  0.001911 
  0.001830  0.001753  0.001681  0.001613  0.001550  0.001490  0.001434  0.001382 
  0.001332  0.001286  0.001243  0.001202  0.001164  0.001129  0.001095  0.001066 
  0.001016  0.000878  0.000584  0.000000  0.000000  0.000000  0.000000  0.000000 
  0.000000  0.000000  0.000000  0.000000  0.000000  0.000000 
  1.000000  0.000000
  0.233969  0.234054  0.234137  0.234217  0.234297  0.234378  0.234459  0.234537 
  0.234614  0.234687  0.234754  0.234812  0.234860  0.234899  0.234930  0.234953 
  0.234970  0.234981  0.234989  0.234994  0.234999  0.235003  0.235008  0.235013 
  0.235018  0.235023  0.235028  0.235033  0.235039  0.235044  0.235050  0.235055 
  0.235061  0.235067  0.235073  0.235079  0.235085  0.235091  0.235098  0.235105 
  0.235112  0.235119  0.235127  0.235135  0.235143  0.235151  0.235160  0.235169 
  0.235179  0.235189  0.235199  0.235209  0.235220  0.235232  0.235244  0.235256 
  0.235269  0.235282  0.235296  0.235311  0.235326  0.235341  0.235357  0.235373 
  0.235391  0.235408  0.235426  0.235445  0.235464  0.235484  0.235505  0.235526 
  0.235547  0.235569  0.235592  0.235615  0.235638  0.235662  0.235687  0.235712 
  0.235737  0.235763  0.235789  0.235816  0.235843  0.235870  0.235898  0.235926 
  0.235954  0.235982  0.236011  0.236039  0.236068  0.236097  0.236126  0.236155 
  0.236184  0.236213  0.236242  0.236271  0.236300  0.236329  0.236357  0.236386 
  0.236414  0.236442  0.236469  0.236496  0.236523  0.236549  0.236576  0.236601 
  0.236626  0.236651  0.236676  0.236699  0.236723  0.236746  0.236768  0.236790 
  0.236811  0.236832  0.236852  0.236872  0.236892  0.236911  0.236930  0.236948 
  0.236966  0.236984  0.237001  0.237018  0.237036  0.237053  0.237070  0.237087 
  0.237104  0.237122  0.237140  0.237151  0.237163  0.237173  0.237183  0.237189 
  0.237193  0.237193  0.237190  0.237184  0.237175  0.237166 
 ***************************************************************
  ROW NUMBER           2  SECTION NUMBER            6
           0           0           0  IF_DESIGN etc 
   1.00000   0.00000    0
  0.147300  0.152425  0.157458  0.162340  0.167016  0.171436  0.175555  0.179339 
  0.182757  0.185793  0.188435  0.190683  0.192549  0.194049  0.195213  0.196078 
  0.196686  0.197088  0.197339  0.197498  0.197626  0.197754  0.197886  0.198023 
  0.198163  0.198306  0.198452  0.198600  0.198752  0.198906  0.199063  0.199223 
  0.199385  0.199551  0.199720  0.199893  0.200069  0.200250  0.200435  0.200625 
  0.200821  0.201022  0.201230  0.201444  0.201665  0.201894  0.202131  0.202376 
  0.202630  0.202894  0.203167  0.203451  0.203745  0.204050  0.204366  0.204694 
  0.205035  0.205387  0.205752  0.206130  0.206522  0.206926  0.207344  0.207776 
  0.208221  0.208680  0.209153  0.209640  0.210141  0.210655  0.211183  0.211725 
  0.212280  0.212848  0.213429  0.214023  0.214629  0.215247  0.215877  0.216517 
  0.217169  0.217830  0.218502  0.219182  0.219872  0.220569  0.221273  0.221985 
  0.222702  0.223425  0.224152  0.224883  0.225618  0.226355  0.227093  0.227832 
  0.228572  0.229311  0.230048  0.230783  0.231515  0.232243  0.232966  0.233684 
  0.234396  0.235101  0.235799  0.236488  0.237169  0.237840  0.238501  0.239152 
  0.239792  0.240420  0.241037  0.241641  0.242234  0.242813  0.243381  0.243936 
  0.244478  0.245008  0.245526  0.246032  0.246528  0.247012  0.247486  0.247952 
  0.248409  0.248859  0.249303  0.249742  0.250179  0.250614  0.251049  0.251487 
  0.251930  0.252379  0.252838  0.253127  0.253415  0.253782  0.254376  0.255324 
  0.256718  0.258606  0.260987  0.263814  0.266994  0.270400 
  1.000000  0.000000
 -0.027807 -0.027852 -0.027912 -0.027887 -0.027697 -0.027290 -0.026650 -0.025789 
 -0.024748 -0.023587 -0.022377 -0.021189 -0.020086 -0.019117 -0.018313 -0.017687 
 -0.017230 -0.016921 -0.016725 -0.016600 -0.016498 -0.016013 -0.015707 -0.015426 
 -0.015175 -0.014927 -0.014701 -0.014469 -0.014256 -0.014045 -0.013832 -0.013639 
 -0.013442 -0.013245 -0.013066 -0.012883 -0.012697 -0.012518 -0.012335 -0.012148 
 -0.011957 -0.011760 -0.011558 -0.011350 -0.011137 -0.010918 -0.010692 -0.010460 
 -0.010220 -0.009973 -0.009717 -0.009455 -0.009183 -0.008903 -0.008615 -0.008318 
 -0.008012 -0.007697 -0.007373 -0.007040 -0.006697 -0.006346 -0.005985 -0.005616 
 -0.005238 -0.004852 -0.004457 -0.004054 -0.003643 -0.003224 -0.002799 -0.002366 
 -0.001927 -0.001482 -0.001031 -0.000575 -0.000115  0.000350  0.000818  0.001289 
  0.001762  0.002236  0.002712  0.003189  0.003664  0.004139  0.004612  0.005083 
  0.005550  0.006013  0.006472  0.006925  0.007372  0.007813  0.008245  0.008670 
  0.009086  0.009492  0.009888  0.010274  0.010648  0.011012  0.011364  0.011702 
  0.012028  0.012342  0.012643  0.012930  0.013204  0.013466  0.013713  0.013947 
  0.014168  0.014377  0.014573  0.014757  0.014928  0.015087  0.015235  0.015373 
  0.015500  0.015616  0.015723  0.015821  0.015910  0.015991  0.016064  0.016129 
  0.016187  0.016239  0.016284  0.016324  0.016357  0.016385  0.016406  0.016423 
  0.016412  0.016352  0.016208  0.015914  0.015914  0.015914  0.015914  0.015914 
  0.015915  0.015917  0.015919  0.015921  0.015923  0.015926 
  1.000000
  0.000000  0.000000  0.000000  0.000000  0.000000  0.000000  0.000000  0.000000 
  0.000000  0.000000  0.000000  0.000000  0.000000  0.000000  0.000000  0.000000 
  0.000000  0.000000  0.000000  0.000000  0.000000  0.000914  0.001296  0.001616 
  0.001884  0.002130  0.002350  0.002563  0.002749  0.002933  0.003110  0.003260 
  0.003413  0.003562  0.003683  0.003805  0.003931  0.004037  0.004142  0.004250 
  0.004353  0.004450  0.004549  0.004645  0.004729  0.004814  0.004898  0.004974 
  0.005053  0.005132  0.005212  0.005292  0.005373  0.005456  0.005537  0.005619 
  0.005701  0.005780  0.005860  0.005938  0.006014  0.006090  0.006163  0.006233 
  0.006301  0.006365  0.006425  0.006480  0.006533  0.006580  0.006622  0.006657 
  0.006687  0.006708  0.006725  0.006734  0.006735  0.006728  0.006713  0.006691 
  0.006659  0.006619  0.006571  0.006513  0.006448  0.006373  0.006291  0.006201 
  0.006102  0.005996  0.005883  0.005763  0.005637  0.005507  0.005369  0.005228 
  0.005084  0.004936  0.004785  0.004633  0.004478  0.004325  0.004171  0.004017 
  0.003865  0.003715  0.003568  0.003422  0.003281  0.003144  0.003010  0.002880 
  0.002755  0.002635  0.002521  0.002410  0.002304  0.002204  0.002109  0.002019 
  0.001933  0.001852  0.001776  0.001704  0.001637  0.001574  0.001515  0.001459 
  0.001407  0.001358  0.001312  0.001270  0.001230  0.001193  0.001158  0.001126 
  0.001059  0.000904  0.000595  0.000000  0.000000  0.000000  0.000000  0.000000 
  0.000000  0.000000  0.000000  0.000000  0.000000  0.000000 
  1.000000  0.000000
  0.259662  0.259649  0.259637  0.259624  0.259611  0.259597  0.259582  0.259567 
  0.259552  0.259539  0.259529  0.259521  0.259515  0.259510  0.259507  0.259505 
  0.259504  0.259504  0.259505  0.259506  0.259507  0.259507  0.259508  0.259509 
  0.259510  0.259511  0.259512  0.259513  0.259514  0.259515  0.259516  0.259517 
  0.259518  0.259519  0.259520  0.259521  0.259522  0.259523  0.259524  0.259526 
  0.259527  0.259528  0.259529  0.259531  0.259532  0.259534  0.259536  0.259537 
  0.259539  0.259541  0.259543  0.259545  0.259547  0.259549  0.259551  0.259554 
  0.259556  0.259559  0.259561  0.259564  0.259567  0.259570  0.259573  0.259576 
  0.259579  0.259583  0.259586  0.259590  0.259594  0.259597  0.259601  0.259605 
  0.259610  0.259614  0.259618  0.259623  0.259627  0.259632  0.259637  0.259641 
  0.259646  0.259651  0.259656  0.259662  0.259667  0.259672  0.259677  0.259683 
  0.259688  0.259694  0.259699  0.259705  0.259710  0.259716  0.259722  0.259727 
  0.259733  0.259739  0.259744  0.259750  0.259755  0.259761  0.259766  0.259772 
  0.259777  0.259783  0.259788  0.259793  0.259798  0.259803  0.259808  0.259813 
  0.259818  0.259823  0.259828  0.259832  0.259837  0.259841  0.259845  0.259849 
  0.259854  0.259858  0.259861  0.259865  0.259869  0.259873  0.259876  0.259880 
  0.259883  0.259886  0.259890  0.259893  0.259896  0.259900  0.259903  0.259906 
  0.259909  0.259913  0.259916  0.259918  0.259920  0.259920  0.259910  0.259888 
  0.259849  0.259792  0.259716  0.259624  0.259519  0.259407 
 ***************************************************************
  ROW NUMBER           2  SECTION NUMBER            7
           0           0           0  IF_DESIGN etc 
   1.00000   0.00000    0
  0.147300  0.152435  0.157479  0.162370  0.167056  0.171484  0.175612  0.179403 
  0.182828  0.185869  0.188515  0.190768  0.192636  0.194138  0.195304  0.196169 
  0.196777  0.197178  0.197428  0.197586  0.197713  0.197840  0.197971  0.198106 
  0.198244  0.198386  0.198531  0.198678  0.198828  0.198981  0.199136  0.199294 
  0.199455  0.199620  0.199787  0.199958  0.200133  0.200312  0.200495  0.200684 
  0.200877  0.201077  0.201282  0.201494  0.201714  0.201940  0.202175  0.202418 
  0.202670  0.202931  0.203201  0.203482  0.203773  0.204076  0.204389  0.204714 
  0.205051  0.205400  0.205762  0.206136  0.206524  0.206924  0.207338  0.207766 
  0.208207  0.208662  0.209130  0.209613  0.210109  0.210618  0.211141  0.211678 
  0.212228  0.212790  0.213366  0.213954  0.214554  0.215166  0.215790  0.216425 
  0.217070  0.217725  0.218390  0.219064  0.219747  0.220438  0.221135  0.221840 
  0.222550  0.223266  0.223987  0.224711  0.225439  0.226169  0.226900  0.227632 
  0.228365  0.229097  0.229827  0.230555  0.231280  0.232001  0.232718  0.233429 
  0.234134  0.234832  0.235523  0.236206  0.236880  0.237545  0.238200  0.238845 
  0.239478  0.240101  0.240711  0.241310  0.241897  0.242472  0.243034  0.243583 
  0.244120  0.244645  0.245159  0.245660  0.246150  0.246630  0.247100  0.247561 
  0.248014  0.248460  0.248900  0.249335  0.249767  0.250198  0.250629  0.251063 
  0.251501  0.251947  0.252402  0.252687  0.252973  0.253340  0.253941  0.254907 
  0.256334  0.258271  0.260718  0.263624  0.266895  0.270400 
  1.000000  0.000000
 -0.027807 -0.027802 -0.027736 -0.027540 -0.027163 -0.026579 -0.025789 -0.024816 
 -0.023706 -0.022515 -0.021308 -0.020147 -0.019085 -0.018163 -0.017405 -0.016817 
 -0.016390 -0.016103 -0.015921 -0.015806 -0.015712 -0.015205 -0.014905 -0.014630 
 -0.014381 -0.014142 -0.013916 -0.013691 -0.013483 -0.013272 -0.013066 -0.012874 
 -0.012677 -0.012481 -0.012305 -0.012124 -0.011938 -0.011766 -0.011592 -0.011412 
 -0.011228 -0.011042 -0.010851 -0.010655 -0.010452 -0.010243 -0.010029 -0.009807 
 -0.009579 -0.009344 -0.009101 -0.008851 -0.008592 -0.008326 -0.008051 -0.007768 
 -0.007476 -0.007176 -0.006868 -0.006550 -0.006224 -0.005889 -0.005545 -0.005193 
 -0.004833 -0.004464 -0.004087 -0.003702 -0.003310 -0.002911 -0.002504 -0.002091 
 -0.001671 -0.001246 -0.000815 -0.000379  0.000061  0.000505  0.000953  0.001404 
  0.001857  0.002311  0.002767  0.003223  0.003679  0.004134  0.004587  0.005038 
  0.005486  0.005930  0.006371  0.006805  0.007234  0.007657  0.008072  0.008480 
  0.008879  0.009269  0.009649  0.010020  0.010380  0.010729  0.011066  0.011392 
  0.011705  0.012007  0.012295  0.012571  0.012835  0.013085  0.013323  0.013548 
  0.013760  0.013960  0.014149  0.014324  0.014488  0.014641  0.014783  0.014915 
  0.015036  0.015148  0.015250  0.015343  0.015428  0.015505  0.015575  0.015637 
  0.015692  0.015741  0.015784  0.015821  0.015853  0.015879  0.015900  0.015912 
  0.015891  0.015824  0.015673  0.015372  0.015372  0.015372  0.015372  0.015372 
  0.015373  0.015374  0.015375  0.015377  0.015379  0.015381 
  1.000000
  0.000000  0.000000  0.000000  0.000000  0.000000  0.000000  0.000000  0.000000 
  0.000000  0.000000  0.000000  0.000000  0.000000  0.000000  0.000000  0.000000 
  0.000000  0.000000  0.000000  0.000000  0.000000  0.000915  0.001300  0.001625 
  0.001897  0.002146  0.002374  0.002591  0.002781  0.002975  0.003156  0.003317 
  0.003480  0.003639  0.003770  0.003905  0.004041  0.004152  0.004265  0.004380 
  0.004491  0.004593  0.004700  0.004808  0.004900  0.004994  0.005088  0.005174 
  0.005257  0.005342  0.005428  0.005511  0.005595  0.005681  0.005767  0.005853 
  0.005939  0.006024  0.006109  0.006192  0.006273  0.006353  0.006432  0.006507 
  0.006579  0.006649  0.006714  0.006773  0.006830  0.006882  0.006927  0.006967 
  0.007000  0.007025  0.007045  0.007056  0.007060  0.007056  0.007042  0.007021 
  0.006990  0.006951  0.006902  0.006844  0.006778  0.006702  0.006618  0.006525 
  0.006423  0.006313  0.006197  0.006072  0.005941  0.005804  0.005661  0.005514 
  0.005363  0.005208  0.005049  0.004890  0.004728  0.004566  0.004404  0.004243 
  0.004083  0.003925  0.003769  0.003616  0.003467  0.003322  0.003180  0.003044 
  0.002912  0.002785  0.002664  0.002547  0.002435  0.002330  0.002229  0.002134 
  0.002043  0.001958  0.001877  0.001802  0.001731  0.001664  0.001601  0.001542 
  0.001487  0.001435  0.001387  0.001342  0.001300  0.001261  0.001226  0.001188 
  0.001102  0.000933  0.000609  0.000000  0.000000  0.000000  0.000000  0.000000 
  0.000000  0.000000  0.000000  0.000000  0.000000  0.000000 
  1.000000  0.000000
  0.285355  0.285245  0.285137  0.285031  0.284925  0.284815  0.284705  0.284596 
  0.284489  0.284390  0.284303  0.284230  0.284169  0.284121  0.284085  0.284058 
  0.284039  0.284028  0.284021  0.284017  0.284014  0.284012  0.284009  0.284006 
  0.284003  0.283999  0.283996  0.283993  0.283989  0.283986  0.283982  0.283979 
  0.283975  0.283971  0.283967  0.283963  0.283959  0.283955  0.283950  0.283946 
  0.283941  0.283937  0.283932  0.283927  0.283922  0.283916  0.283911  0.283905 
  0.283899  0.283893  0.283887  0.283880  0.283873  0.283866  0.283859  0.283851 
  0.283843  0.283835  0.283826  0.283818  0.283808  0.283799  0.283789  0.283779 
  0.283768  0.283757  0.283746  0.283735  0.283723  0.283711  0.283698  0.283685 
  0.283672  0.283659  0.283645  0.283631  0.283616  0.283601  0.283586  0.283571 
  0.283556  0.283540  0.283524  0.283507  0.283491  0.283474  0.283457  0.283440 
  0.283423  0.283406  0.283388  0.283370  0.283353  0.283335  0.283317  0.283299 
  0.283281  0.283264  0.283246  0.283228  0.283210  0.283193  0.283175  0.283158 
  0.283141  0.283124  0.283107  0.283090  0.283074  0.283057  0.283041  0.283025 
  0.283010  0.282995  0.282980  0.282965  0.282951  0.282936  0.282923  0.282909 
  0.282896  0.282883  0.282871  0.282858  0.282846  0.282834  0.282823  0.282811 
  0.282800  0.282789  0.282779  0.282768  0.282757  0.282747  0.282736  0.282725 
  0.282714  0.282703  0.282692  0.282685  0.282678  0.282666  0.282638  0.282586 
  0.282505  0.282390  0.282241  0.282063  0.281862  0.281648 
 ***************************************************************
  ROW NUMBER           2  SECTION NUMBER            8
           0           0           0  IF_DESIGN etc 
   1.00000   0.00000    0
  0.147300  0.152456  0.157519  0.162430  0.167133  0.171579  0.175722  0.179527 
  0.182965  0.186017  0.188672  0.190932  0.192806  0.194312  0.195480  0.196346 
  0.196954  0.197354  0.197603  0.197758  0.197883  0.198007  0.198136  0.198269 
  0.198405  0.198544  0.198686  0.198830  0.198978  0.199128  0.199280  0.199436 
  0.199594  0.199755  0.199919  0.200087  0.200259  0.200434  0.200614  0.200799 
  0.200990  0.201185  0.201387  0.201596  0.201811  0.202033  0.202264  0.202502 
  0.202749  0.203006  0.203271  0.203547  0.203833  0.204130  0.204437  0.204756 
  0.205087  0.205430  0.205785  0.206153  0.206533  0.206927  0.207333  0.207753 
  0.208186  0.208632  0.209092  0.209566  0.210053  0.210553  0.211067  0.211594 
  0.212133  0.212686  0.213251  0.213828  0.214418  0.215018  0.215631  0.216254 
  0.216887  0.217531  0.218184  0.218845  0.219516  0.220194  0.220879  0.221570 
  0.222268  0.222971  0.223678  0.224389  0.225104  0.225820  0.226538  0.227258 
  0.227977  0.228695  0.229412  0.230127  0.230839  0.231547  0.232250  0.232948 
  0.233641  0.234326  0.235005  0.235675  0.236337  0.236990  0.237633  0.238266 
  0.238888  0.239499  0.240099  0.240687  0.241263  0.241827  0.242379  0.242918 
  0.243446  0.243961  0.244465  0.244957  0.245439  0.245910  0.246372  0.246824 
  0.247269  0.247706  0.248138  0.248565  0.248990  0.249413  0.249836  0.250262 
  0.250693  0.251130  0.251577  0.251857  0.252138  0.252504  0.253119  0.254120 
  0.255609  0.257639  0.260208  0.263265  0.266709  0.270400 
  1.000000  0.000000
 -0.027807 -0.027712 -0.027416 -0.026907 -0.026190 -0.025283 -0.024221 -0.023045 
 -0.021807 -0.020562 -0.019360 -0.018247 -0.017260 -0.016422 -0.015746 -0.015228 
 -0.014857 -0.014609 -0.014453 -0.014355 -0.014277 -0.013696 -0.013393 -0.013134 
 -0.012886 -0.012662 -0.012434 -0.012223 -0.012018 -0.011807 -0.011612 -0.011422 
 -0.011226 -0.011035 -0.010859 -0.010678 -0.010492 -0.010325 -0.010158 -0.009985 
 -0.009811 -0.009642 -0.009468 -0.009289 -0.009105 -0.008915 -0.008719 -0.008517 
 -0.008309 -0.008095 -0.007874 -0.007645 -0.007410 -0.007167 -0.006917 -0.006659 
 -0.006393 -0.006120 -0.005839 -0.005549 -0.005252 -0.004947 -0.004634 -0.004313 
 -0.003984 -0.003648 -0.003305 -0.002954 -0.002597 -0.002233 -0.001862 -0.001485 
 -0.001103 -0.000716 -0.000323  0.000074  0.000476  0.000881  0.001289  0.001700 
  0.002113  0.002528  0.002943  0.003359  0.003775  0.004190  0.004603  0.005015 
  0.005423  0.005829  0.006231  0.006627  0.007018  0.007404  0.007783  0.008155 
  0.008519  0.008875  0.009222  0.009560  0.009888  0.010207  0.010514  0.010811 
  0.011097  0.011371  0.011634  0.011886  0.012126  0.012353  0.012569  0.012774 
  0.012967  0.013149  0.013319  0.013479  0.013628  0.013766  0.013894  0.014013 
  0.014122  0.014222  0.014314  0.014398  0.014474  0.014543  0.014605  0.014660 
  0.014709  0.014752  0.014789  0.014822  0.014848  0.014870  0.014887  0.014884 
  0.014845  0.014765  0.014600  0.014282  0.014282  0.014282  0.014282  0.014282 
  0.014283  0.014284  0.014285  0.014286  0.014287  0.014289 
  1.000000
  0.000000  0.000000  0.000000  0.000000  0.000000  0.000000  0.000000  0.000000 
  0.000000  0.000000  0.000000  0.000000  0.000000  0.000000  0.000000  0.000000 
  0.000000  0.000000  0.000000  0.000000  0.000000  0.000913  0.001320  0.001646 
  0.001932  0.002189  0.002432  0.002657  0.002865  0.003074  0.003266  0.003453 
  0.003631  0.003804  0.003962  0.004123  0.004278  0.004411  0.004545  0.004683 
  0.004809  0.004926  0.005047  0.005172  0.005283  0.005396  0.005512  0.005623 
  0.005723  0.005825  0.005928  0.006021  0.006115  0.006210  0.006306  0.006402 
  0.006497  0.006593  0.006689  0.006783  0.006875  0.006966  0.007054  0.007139 
  0.007220  0.007301  0.007376  0.007446  0.007511  0.007571  0.007623  0.007672 
  0.007712  0.007745  0.007770  0.007785  0.007795  0.007795  0.007784  0.007764 
  0.007734  0.007696  0.007646  0.007586  0.007517  0.007437  0.007347  0.007248 
  0.007139  0.007021  0.006894  0.006759  0.006617  0.006468  0.006312  0.006150 
  0.005984  0.005813  0.005639  0.005463  0.005284  0.005105  0.004925  0.004746 
  0.004569  0.004392  0.004219  0.004049  0.003883  0.003721  0.003563  0.003411 
  0.003263  0.003121  0.002985  0.002854  0.002731  0.002612  0.002499  0.002392 
  0.002291  0.002196  0.002106  0.002021  0.001941  0.001866  0.001796  0.001730 
  0.001668  0.001610  0.001556  0.001506  0.001458  0.001414  0.001375  0.001313 
  0.001189  0.000992  0.000642  0.000000  0.000000  0.000000  0.000000  0.000000 
  0.000000  0.000000  0.000000  0.000000  0.000000  0.000000 
  1.000000  0.000000
  0.336742  0.336436  0.336137  0.335846  0.335553  0.335253  0.334951  0.334654 
  0.334364  0.334093  0.333853  0.333648  0.333479  0.333343  0.333239  0.333163 
  0.333109  0.333074  0.333053  0.333040  0.333030  0.333020  0.333009  0.332998 
  0.332987  0.332976  0.332964  0.332952  0.332940  0.332927  0.332915  0.332902 
  0.332889  0.332875  0.332861  0.332847  0.332833  0.332818  0.332803  0.332787 
  0.332771  0.332754  0.332737  0.332719  0.332701  0.332682  0.332662  0.332641 
  0.332620  0.332598  0.332575  0.332551  0.332526  0.332501  0.332474  0.332446 
  0.332417  0.332387  0.332356  0.332324  0.332291  0.332257  0.332221  0.332184 
  0.332146  0.332107  0.332066  0.332024  0.331981  0.331937  0.331892  0.331845 
  0.331797  0.331748  0.331698  0.331647  0.331594  0.331541  0.331486  0.331430 
  0.331374  0.331316  0.331258  0.331199  0.331139  0.331078  0.331017  0.330955 
  0.330892  0.330829  0.330765  0.330701  0.330637  0.330573  0.330508  0.330443 
  0.330379  0.330314  0.330249  0.330185  0.330121  0.330057  0.329993  0.329930 
  0.329868  0.329806  0.329744  0.329684  0.329624  0.329565  0.329507  0.329450 
  0.329393  0.329338  0.329284  0.329231  0.329178  0.329127  0.329077  0.329029 
  0.328981  0.328934  0.328889  0.328844  0.328800  0.328758  0.328716  0.328675 
  0.328635  0.328595  0.328556  0.328517  0.328479  0.328440  0.328402  0.328363 
  0.328325  0.328285  0.328244  0.328219  0.328194  0.328158  0.328094  0.327984 
  0.327816  0.327586  0.327293  0.326943  0.326550  0.326131 
 ***************************************************************
  ROW NUMBER           2  SECTION NUMBER            9
           0           0           0  IF_DESIGN etc 
   1.00000   0.00000    0
  0.147300  0.152466  0.157539  0.162459  0.167172  0.171625  0.175777  0.179589 
  0.183033  0.186090  0.188750  0.191013  0.192890  0.194398  0.195567  0.196434 
  0.197042  0.197441  0.197689  0.197844  0.197967  0.198091  0.198218  0.198350 
  0.198485  0.198623  0.198763  0.198907  0.199053  0.199202  0.199353  0.199507 
  0.199664  0.199823  0.199986  0.200153  0.200323  0.200497  0.200676  0.200859 
  0.201048  0.201242  0.201442  0.201649  0.201862  0.202083  0.202311  0.202547 
  0.202793  0.203047  0.203310  0.203583  0.203867  0.204161  0.204466  0.204783 
  0.205111  0.205451  0.205803  0.206167  0.206544  0.206934  0.207337  0.207754 
  0.208183  0.208626  0.209082  0.209551  0.210034  0.210530  0.211039  0.211562 
  0.212097  0.212645  0.213205  0.213777  0.214362  0.214958  0.215565  0.216182 
  0.216810  0.217448  0.218096  0.218752  0.219417  0.220089  0.220768  0.221454 
  0.222146  0.222843  0.223544  0.224249  0.224957  0.225668  0.226380  0.227093 
  0.227806  0.228518  0.229229  0.229938  0.230644  0.231346  0.232043  0.232735 
  0.233422  0.234102  0.234775  0.235439  0.236096  0.236743  0.237380  0.238008 
  0.238625  0.239231  0.239825  0.240408  0.240980  0.241539  0.242086  0.242621 
  0.243144  0.243655  0.244155  0.244643  0.245120  0.245588  0.246045  0.246494 
  0.246935  0.247368  0.247797  0.248220  0.248641  0.249061  0.249481  0.249903 
  0.250330  0.250763  0.251206  0.251484  0.251763  0.252129  0.252749  0.253766 
  0.255284  0.257355  0.259980  0.263104  0.266625  0.270400 
  1.000000  0.000000
 -0.027807 -0.027674 -0.027277 -0.026632 -0.025766 -0.024717 -0.023533 -0.022265 
 -0.020968 -0.019694 -0.018489 -0.017393 -0.016434 -0.015629 -0.014985 -0.014496 
 -0.014147 -0.013914 -0.013769 -0.013679 -0.013606 -0.013015 -0.012712 -0.012460 
 -0.012212 -0.011989 -0.011765 -0.011554 -0.011348 -0.011141 -0.010945 -0.010752 
 -0.010559 -0.010371 -0.010190 -0.010007 -0.009824 -0.009654 -0.009483 -0.009310 
 -0.009139 -0.008972 -0.008801 -0.008626 -0.008448 -0.008265 -0.008077 -0.007883 
 -0.007683 -0.007476 -0.007264 -0.007044 -0.006818 -0.006584 -0.006344 -0.006096 
 -0.005841 -0.005578 -0.005308 -0.005030 -0.004745 -0.004452 -0.004152 -0.003845 
 -0.003530 -0.003208 -0.002879 -0.002544 -0.002202 -0.001853 -0.001499 -0.001139 
 -0.000774 -0.000403 -0.000028  0.000351  0.000734  0.001121  0.001510  0.001901 
  0.002295  0.002690  0.003086  0.003482  0.003878  0.004273  0.004666  0.005058 
  0.005447  0.005832  0.006214  0.006591  0.006963  0.007330  0.007689  0.008042 
  0.008388  0.008726  0.009056  0.009376  0.009687  0.009989  0.010281  0.010562 
  0.010833  0.011093  0.011342  0.011580  0.011806  0.012022  0.012226  0.012420 
  0.012602  0.012773  0.012934  0.013085  0.013225  0.013355  0.013476  0.013587 
  0.013690  0.013784  0.013871  0.013949  0.014020  0.014084  0.014142  0.014193 
  0.014238  0.014278  0.014312  0.014342  0.014366  0.014385  0.014397  0.014385 
  0.014338  0.014248  0.014077  0.013751  0.013751  0.013751  0.013751  0.013751 
  0.013752  0.013752  0.013753  0.013754  0.013755  0.013756 
  1.000000
  0.000000  0.000000  0.000000  0.000000  0.000000  0.000000  0.000000  0.000000 
  0.000000  0.000000  0.000000  0.000000  0.000000  0.000000  0.000000  0.000000 
  0.000000  0.000000  0.000000  0.000000  0.000000  0.000921  0.001337  0.001663 
  0.001957  0.002222  0.002469  0.002702  0.002922  0.003134  0.003335  0.003534 
  0.003720  0.003900  0.004071  0.004244  0.004407  0.004557  0.004704  0.004853 
  0.004988  0.005119  0.005250  0.005382  0.005503  0.005627  0.005753  0.005874 
  0.005986  0.006101  0.006214  0.006316  0.006420  0.006524  0.006625  0.006727 
  0.006827  0.006929  0.007030  0.007129  0.007228  0.007323  0.007417  0.007507 
  0.007593  0.007679  0.007758  0.007834  0.007903  0.007967  0.008023  0.008075 
  0.008119  0.008155  0.008183  0.008201  0.008212  0.008213  0.008204  0.008184 
  0.008154  0.008115  0.008064  0.008003  0.007931  0.007849  0.007756  0.007653 
  0.007540  0.007417  0.007285  0.007144  0.006995  0.006839  0.006675  0.006506 
  0.006332  0.006152  0.005970  0.005784  0.005596  0.005407  0.005218  0.005029 
  0.004842  0.004655  0.004472  0.004293  0.004117  0.003945  0.003779  0.003618 
  0.003461  0.003311  0.003167  0.003028  0.002897  0.002772  0.002652  0.002538 
  0.002432  0.002331  0.002235  0.002145  0.002061  0.001981  0.001906  0.001837 
  0.001771  0.001710  0.001652  0.001599  0.001549  0.001502  0.001454  0.001375 
  0.001235  0.001022  0.000659  0.000000  0.000000  0.000000  0.000000  0.000000 
  0.000000  0.000000  0.000000  0.000000  0.000000  0.000000 
  1.000000  0.000000
  0.362436  0.362031  0.361638  0.361253  0.360867  0.360471  0.360075  0.359683 
  0.359301  0.358944  0.358627  0.358357  0.358133  0.357954  0.357817  0.357715 
  0.357644  0.357598  0.357569  0.357552  0.357538  0.357524  0.357510  0.357495 
  0.357480  0.357464  0.357448  0.357432  0.357415  0.357398  0.357381  0.357364 
  0.357346  0.357327  0.357308  0.357289  0.357269  0.357249  0.357229  0.357207 
  0.357185  0.357163  0.357139  0.357115  0.357090  0.357064  0.357037  0.357009 
  0.356980  0.356950  0.356919  0.356887  0.356853  0.356818  0.356781  0.356744 
  0.356704  0.356664  0.356622  0.356578  0.356532  0.356485  0.356437  0.356387 
  0.356335  0.356281  0.356226  0.356169  0.356111  0.356050  0.355988  0.355925 
  0.355860  0.355793  0.355724  0.355654  0.355583  0.355510  0.355436  0.355360 
  0.355283  0.355205  0.355125  0.355045  0.354963  0.354880  0.354796  0.354712 
  0.354627  0.354541  0.354454  0.354367  0.354279  0.354192  0.354104  0.354015 
  0.353927  0.353839  0.353751  0.353663  0.353576  0.353489  0.353402  0.353316 
  0.353231  0.353147  0.353063  0.352981  0.352899  0.352819  0.352740  0.352662 
  0.352585  0.352510  0.352436  0.352363  0.352292  0.352223  0.352155  0.352088 
  0.352023  0.351960  0.351898  0.351837  0.351778  0.351719  0.351662  0.351607 
  0.351552  0.351498  0.351445  0.351392  0.351340  0.351287  0.351235  0.351183 
  0.351130  0.351076  0.351021  0.350986  0.350951  0.350904  0.350821  0.350682 
  0.350472  0.350184  0.349818  0.349383  0.348893  0.348373 
 ***************************************************************
  ROW NUMBER           2  SECTION NUMBER            10
           0           0           0  IF_DESIGN etc 
   1.00000   0.00000    0
  0.147300  0.152471  0.157548  0.162474  0.167191  0.171649  0.175804  0.179619 
  0.183066  0.186126  0.188789  0.191054  0.192932  0.194441  0.195611  0.196478 
  0.197085  0.197485  0.197732  0.197887  0.198010  0.198133  0.198260  0.198391 
  0.198525  0.198662  0.198803  0.198946  0.199091  0.199239  0.199390  0.199543 
  0.199699  0.199858  0.200021  0.200186  0.200356  0.200529  0.200707  0.200890 
  0.201078  0.201271  0.201471  0.201676  0.201889  0.202108  0.202336  0.202571 
  0.202816  0.203069  0.203331  0.203603  0.203886  0.204179  0.204483  0.204798 
  0.205124  0.205463  0.205814  0.206177  0.206552  0.206941  0.207342  0.207757 
  0.208184  0.208625  0.209080  0.209547  0.210028  0.210522  0.211029  0.211549 
  0.212082  0.212628  0.213186  0.213756  0.214338  0.214932  0.215536  0.216152 
  0.216777  0.217413  0.218057  0.218711  0.219373  0.220042  0.220719  0.221402 
  0.222091  0.222785  0.223484  0.224186  0.224891  0.225599  0.226308  0.227018 
  0.227729  0.228438  0.229146  0.229852  0.230555  0.231254  0.231949  0.232639 
  0.233322  0.233999  0.234669  0.235332  0.235985  0.236630  0.237265  0.237890 
  0.238504  0.239108  0.239700  0.240281  0.240850  0.241407  0.241952  0.242485 
  0.243006  0.243515  0.244012  0.244499  0.244974  0.245439  0.245895  0.246342 
  0.246781  0.247213  0.247640  0.248062  0.248481  0.248899  0.249317  0.249738 
  0.250163  0.250595  0.251036  0.251313  0.251590  0.251956  0.252579  0.253604 
  0.255134  0.257224  0.259874  0.263030  0.266586  0.270400 
  1.000000  0.000000
 -0.027807 -0.027656 -0.027215 -0.026509 -0.025576 -0.024463 -0.023224 -0.021914 
 -0.020589 -0.019300 -0.018092 -0.017001 -0.016053 -0.015262 -0.014631 -0.014153 
 -0.013813 -0.013587 -0.013446 -0.013358 -0.013288 -0.012704 -0.012401 -0.012150 
 -0.011904 -0.011679 -0.011458 -0.011244 -0.011038 -0.010834 -0.010636 -0.010439 
 -0.010249 -0.010061 -0.009877 -0.009692 -0.009512 -0.009339 -0.009164 -0.008990 
 -0.008821 -0.008653 -0.008480 -0.008307 -0.008131 -0.007951 -0.007765 -0.007574 
 -0.007377 -0.007174 -0.006965 -0.006749 -0.006526 -0.006297 -0.006061 -0.005817 
 -0.005566 -0.005308 -0.005043 -0.004770 -0.004490 -0.004203 -0.003908 -0.003606 
 -0.003298 -0.002982 -0.002660 -0.002331 -0.001996 -0.001655 -0.001308 -0.000955 
 -0.000598 -0.000236  0.000131  0.000502  0.000876  0.001254  0.001635  0.002017 
  0.002402  0.002787  0.003174  0.003560  0.003947  0.004332  0.004716  0.005097 
  0.005477  0.005852  0.006224  0.006591  0.006954  0.007311  0.007661  0.008005 
  0.008341  0.008670  0.008991  0.009302  0.009605  0.009899  0.010182  0.010456 
  0.010719  0.010971  0.011213  0.011445  0.011665  0.011874  0.012073  0.012260 
  0.012437  0.012603  0.012759  0.012905  0.013041  0.013167  0.013284  0.013392 
  0.013491  0.013582  0.013665  0.013741  0.013810  0.013871  0.013927  0.013976 
  0.014019  0.014057  0.014090  0.014118  0.014141  0.014159  0.014167  0.014150 
  0.014099  0.014005  0.013831  0.013501  0.013501  0.013501  0.013501  0.013501 
  0.013501  0.013502  0.013502  0.013503  0.013503  0.013504 
  1.000000
  0.000000  0.000000  0.000000  0.000000  0.000000  0.000000  0.000000  0.000000 
  0.000000  0.000000  0.000000  0.000000  0.000000  0.000000  0.000000  0.000000 
  0.000000  0.000000  0.000000  0.000000  0.000000  0.000928  0.001348  0.001675 
  0.001972  0.002242  0.002491  0.002729  0.002955  0.003168  0.003373  0.003578 
  0.003769  0.003952  0.004131  0.004308  0.004475  0.004633  0.004788  0.004942 
  0.005083  0.005221  0.005359  0.005494  0.005621  0.005750  0.005880  0.006004 
  0.006124  0.006247  0.006364  0.006472  0.006582  0.006692  0.006796  0.006900 
  0.007004  0.007108  0.007211  0.007313  0.007415  0.007513  0.007609  0.007702 
  0.007791  0.007878  0.007960  0.008038  0.008110  0.008176  0.008234  0.008287 
  0.008333  0.008370  0.008399  0.008419  0.008430  0.008431  0.008423  0.008404 
  0.008374  0.008334  0.008283  0.008221  0.008148  0.008064  0.007969  0.007864 
  0.007749  0.007623  0.007488  0.007344  0.007192  0.007032  0.006865  0.006692 
  0.006513  0.006329  0.006142  0.005951  0.005758  0.005565  0.005370  0.005176 
  0.004984  0.004792  0.004604  0.004420  0.004239  0.004063  0.003891  0.003726 
  0.003564  0.003410  0.003262  0.003119  0.002985  0.002855  0.002732  0.002615 
  0.002505  0.002401  0.002303  0.002210  0.002123  0.002041  0.001965  0.001893 
  0.001825  0.001762  0.001703  0.001648  0.001596  0.001548  0.001494  0.001405 
  0.001259  0.001036  0.000667  0.000000  0.000000  0.000000  0.000000  0.000000 
  0.000000  0.000000  0.000000  0.000000  0.000000  0.000000 
  1.000000  0.000000
  0.375282  0.374829  0.374388  0.373956  0.373524  0.373080  0.372636  0.372197 
  0.371770  0.371370  0.371015  0.370711  0.370460  0.370260  0.370105  0.369991 
  0.369911  0.369859  0.369827  0.369808  0.369792  0.369776  0.369760  0.369743 
  0.369726  0.369708  0.369690  0.369672  0.369653  0.369634  0.369614  0.369595 
  0.369574  0.369553  0.369532  0.369510  0.369488  0.369465  0.369442  0.369418 
  0.369393  0.369367  0.369340  0.369313  0.369285  0.369255  0.369225  0.369193 
  0.369160  0.369126  0.369091  0.369054  0.369016  0.368976  0.368935  0.368892 
  0.368848  0.368802  0.368754  0.368705  0.368653  0.368600  0.368545  0.368488 
  0.368429  0.368369  0.368306  0.368242  0.368175  0.368107  0.368037  0.367965 
  0.367891  0.367815  0.367738  0.367658  0.367577  0.367495  0.367411  0.367325 
  0.367238  0.367149  0.367059  0.366967  0.366875  0.366781  0.366686  0.366590 
  0.366494  0.366396  0.366298  0.366200  0.366101  0.366001  0.365901  0.365801 
  0.365701  0.365602  0.365502  0.365402  0.365303  0.365205  0.365107  0.365009 
  0.364913  0.364817  0.364723  0.364629  0.364537  0.364446  0.364356  0.364268 
  0.364181  0.364096  0.364012  0.363930  0.363849  0.363771  0.363694  0.363618 
  0.363545  0.363473  0.363402  0.363333  0.363266  0.363200  0.363136  0.363073 
  0.363010  0.362949  0.362889  0.362829  0.362770  0.362711  0.362652  0.362592 
  0.362532  0.362471  0.362409  0.362369  0.362330  0.362277  0.362185  0.362031 
  0.361800  0.361483  0.361081  0.360602  0.360065  0.359493 
 ***************************************************************
  ROW NUMBER           2  SECTION NUMBER            11
           0           0           0  IF_DESIGN etc 
   1.00000   0.00000    0
  0.147300  0.152476  0.157558  0.162488  0.167210  0.171672  0.175831  0.179650 
  0.183100  0.186163  0.188827  0.191094  0.192973  0.194484  0.195654  0.196521 
  0.197129  0.197529  0.197776  0.197930  0.198052  0.198175  0.198301  0.198432 
  0.198565  0.198702  0.198842  0.198984  0.199129  0.199277  0.199427  0.199580 
  0.199735  0.199894  0.200055  0.200220  0.200389  0.200562  0.200739  0.200921 
  0.201108  0.201301  0.201499  0.201704  0.201916  0.202135  0.202361  0.202596 
  0.202839  0.203091  0.203353  0.203624  0.203905  0.204197  0.204499  0.204813 
  0.205139  0.205476  0.205825  0.206187  0.206561  0.206948  0.207348  0.207761 
  0.208187  0.208626  0.209078  0.209544  0.210023  0.210515  0.211020  0.211538 
  0.212069  0.212613  0.213169  0.213737  0.214316  0.214907  0.215510  0.216123 
  0.216746  0.217379  0.218021  0.218672  0.219331  0.219998  0.220672  0.221352 
  0.222039  0.222730  0.223426  0.224125  0.224828  0.225533  0.226239  0.226947 
  0.227654  0.228361  0.229066  0.229769  0.230469  0.231166  0.231858  0.232545 
  0.233226  0.233900  0.234568  0.235227  0.235878  0.236520  0.237153  0.237775 
  0.238387  0.238989  0.239579  0.240157  0.240724  0.241278  0.241821  0.242352 
  0.242871  0.243378  0.243874  0.244358  0.244832  0.245295  0.245749  0.246194 
  0.246632  0.247062  0.247487  0.247908  0.248325  0.248741  0.249158  0.249577 
  0.250000  0.250430  0.250870  0.251146  0.251422  0.251788  0.252414  0.253445 
  0.254988  0.257096  0.259771  0.262957  0.266549  0.270400 
  1.000000  0.000000
 -0.027807 -0.027640 -0.027155 -0.026391 -0.025394 -0.024220 -0.022927 -0.021576 
 -0.020223 -0.018920 -0.017708 -0.016622 -0.015683 -0.014904 -0.014285 -0.013818 
 -0.013487 -0.013267 -0.013130 -0.013045 -0.012977 -0.012401 -0.012101 -0.011851 
 -0.011605 -0.011378 -0.011160 -0.010943 -0.010736 -0.010535 -0.010335 -0.010135 
 -0.009948 -0.009759 -0.009571 -0.009385 -0.009207 -0.009031 -0.008851 -0.008676 
 -0.008509 -0.008339 -0.008165 -0.007992 -0.007819 -0.007641 -0.007458 -0.007270 
 -0.007076 -0.006876 -0.006669 -0.006457 -0.006238 -0.006012 -0.005779 -0.005539 
 -0.005293 -0.005039 -0.004778 -0.004510 -0.004235 -0.003953 -0.003664 -0.003368 
 -0.003065 -0.002755 -0.002439 -0.002117 -0.001788 -0.001454 -0.001114 -0.000769 
 -0.000419 -0.000065  0.000294  0.000657  0.001023  0.001392  0.001763  0.002137 
  0.002513  0.002889  0.003266  0.003643  0.004020  0.004396  0.004770  0.005142 
  0.005512  0.005877  0.006240  0.006597  0.006950  0.007298  0.007638  0.007973 
  0.008301  0.008620  0.008932  0.009235  0.009529  0.009815  0.010090  0.010356 
  0.010612  0.010857  0.011091  0.011316  0.011529  0.011732  0.011925  0.012107 
  0.012278  0.012439  0.012590  0.012732  0.012863  0.012985  0.013098  0.013202 
  0.013298  0.013386  0.013466  0.013539  0.013605  0.013665  0.013718  0.013765 
  0.013807  0.013843  0.013874  0.013900  0.013922  0.013939  0.013943  0.013922 
  0.013867  0.013767  0.013590  0.013257  0.013257  0.013257  0.013257  0.013257 
  0.013257  0.013257  0.013257  0.013257  0.013258  0.013258 
  1.000000
  0.000000  0.000000  0.000000  0.000000  0.000000  0.000000  0.000000  0.000000 
  0.000000  0.000000  0.000000  0.000000  0.000000  0.000000  0.000000  0.000000 
  0.000000  0.000000  0.000000  0.000000  0.000000  0.000937  0.001360  0.001688 
  0.001988  0.002264  0.002514  0.002757  0.002989  0.003202  0.003413  0.003624 
  0.003818  0.004006  0.004191  0.004374  0.004545  0.004711  0.004874  0.005032 
  0.005178  0.005325  0.005469  0.005607  0.005740  0.005876  0.006009  0.006136 
  0.006263  0.006394  0.006516  0.006630  0.006746  0.006862  0.006969  0.007076 
  0.007183  0.007289  0.007394  0.007499  0.007604  0.007705  0.007804  0.007899 
  0.007992  0.008080  0.008164  0.008245  0.008319  0.008387  0.008448  0.008502 
  0.008549  0.008588  0.008618  0.008639  0.008650  0.008652  0.008645  0.008626 
  0.008596  0.008554  0.008503  0.008440  0.008366  0.008281  0.008184  0.008077 
  0.007959  0.007831  0.007693  0.007546  0.007391  0.007227  0.007056  0.006878 
  0.006696  0.006507  0.006315  0.006120  0.005922  0.005723  0.005524  0.005325 
  0.005127  0.004931  0.004738  0.004548  0.004362  0.004181  0.004005  0.003834 
  0.003669  0.003510  0.003358  0.003212  0.003072  0.002939  0.002812  0.002693 
  0.002579  0.002472  0.002371  0.002276  0.002186  0.002102  0.002023  0.001949 
  0.001880  0.001815  0.001754  0.001697  0.001644  0.001594  0.001534  0.001436 
  0.001283  0.001050  0.000674  0.000000  0.000000  0.000000  0.000000  0.000000 
  0.000000  0.000000  0.000000  0.000000  0.000000  0.000000 
  1.000000  0.000000
  0.388129  0.387627  0.387138  0.386660  0.386180  0.385690  0.385198  0.384712 
  0.384238  0.383796  0.383402  0.383066  0.382788  0.382565  0.382394  0.382267 
  0.382179  0.382121  0.382085  0.382063  0.382046  0.382028  0.382010  0.381991 
  0.381972  0.381952  0.381932  0.381912  0.381891  0.381869  0.381848  0.381825 
  0.381803  0.381779  0.381756  0.381731  0.381706  0.381681  0.381655  0.381628 
  0.381600  0.381571  0.381542  0.381511  0.381479  0.381447  0.381412  0.381377 
  0.381341  0.381303  0.381263  0.381222  0.381179  0.381135  0.381089  0.381041 
  0.380991  0.380940  0.380887  0.380831  0.380774  0.380714  0.380653  0.380589 
  0.380524  0.380456  0.380386  0.380314  0.380240  0.380163  0.380085  0.380005 
  0.379922  0.379838  0.379751  0.379662  0.379572  0.379480  0.379386  0.379290 
  0.379192  0.379093  0.378992  0.378890  0.378787  0.378682  0.378576  0.378469 
  0.378361  0.378252  0.378143  0.378032  0.377922  0.377811  0.377699  0.377587 
  0.377476  0.377364  0.377253  0.377142  0.377031  0.376921  0.376811  0.376702 
  0.376595  0.376488  0.376382  0.376278  0.376175  0.376073  0.375973  0.375874 
  0.375777  0.375682  0.375588  0.375496  0.375406  0.375318  0.375232  0.375148 
  0.375066  0.374985  0.374907  0.374830  0.374755  0.374681  0.374609  0.374538 
  0.374469  0.374401  0.374333  0.374267  0.374200  0.374134  0.374068  0.374002 
  0.373935  0.373866  0.373797  0.373753  0.373709  0.373651  0.373549  0.373381 
  0.373128  0.372782  0.372344  0.371822  0.371237  0.370614 
  STARTING INLET BOUNDARY CONDITION DATA .
  NUMBER OF POINTS FOR INLET BOUNDARY CONDITIONS 
        37
  SPACING OF INLET BOUNDARY CONDITION POINTS 
  1.000000  1.250000  1.562500  1.953125  2.441406  3.051758  3.814697  4.768372
  5.960464  7.450581  9.313226 11.641532 14.551915 18.189894 20.000000 20.000000
 20.000000 20.000000 20.000000 20.000000 20.000000 20.000000 18.189894 14.551915
 11.641532  9.313226  7.450581  5.960464  4.768372  3.814697  3.051758  2.441406
  1.953125  1.562500  1.250000  1.000000
   INLET STAGNATION PRESSURES 
  101325.0  101325.0  101325.0  101325.0  101325.0  101325.0  101325.0  101325.0
  101325.0  101325.0  101325.0  101325.0  101325.0  101325.0  101325.0  101325.0
  101325.0  101325.0  101325.0  101325.0  101325.0  101325.0  101325.0  101325.0
  101325.0  101325.0  101325.0  101325.0  101325.0  101325.0  101325.0  101325.0
  101325.0  101325.0  101325.0  101325.0  101325.0
   INLET STAGNATION TEMPERATURES 
  293.15  293.15  293.15  293.15  293.15  293.15  293.15  293.15
  293.15  293.15  293.15  293.15  293.15  293.15  293.15  293.15
  293.15  293.15  293.15  293.15  293.15  293.15  293.15  293.15
  293.15  293.15  293.15  293.15  293.15  293.15  293.15  293.15
  293.15  293.15  293.15  293.15  293.15
   INLET ABSOLUTE TANGENTIAL VELOCITY 
    0.0000    0.0000    0.0000    0.0000    0.0000    0.0000    0.0000    0.0000
    0.0000    0.0000    0.0000    0.0000    0.0000    0.0000    0.0000    0.0000
    0.0000    0.0000    0.0000    0.0000    0.0000    0.0000    0.0000    0.0000
    0.0000    0.0000    0.0000    0.0000    0.0000    0.0000    0.0000    0.0000
    0.0000    0.0000    0.0000    0.0000    0.0000
   INLET MERIDIONAL VELOCITY 
  155.0686  155.0686  155.0686  155.0686  155.0686  155.0686  155.0686  155.0686
  155.0686  155.0686  155.0686  155.0686  155.0686  155.0686  155.0686  155.0686
  155.0686  155.0686  155.0686  155.0686  155.0686  155.0686  155.0686  155.0686
  155.0686  155.0686  155.0686  155.0686  155.0686  155.0686  155.0686  155.0686
  155.0686  155.0686  155.0686  155.0686  155.0686
   INLET MERIDIONAL YAW ANGLE 
    0.0000    0.0000    0.0000    0.0000    0.0000    0.0000    0.0000    0.0000
    0.0000    0.0000    0.0000    0.0000    0.0000    0.0000    0.0000    0.0000
    0.0000    0.0000    0.0000    0.0000    0.0000    0.0000    0.0000    0.0000
    0.0000    0.0000    0.0000    0.0000    0.0000    0.0000    0.0000    0.0000
    0.0000    0.0000    0.0000    0.0000    0.0000
   INLET PITCH ANGLE 
    0.0000    0.0000    0.0000    0.0000    0.0000    0.0000    0.0000    0.0000
    0.0000    0.0000    0.0000    0.0000    0.0000    0.0000    0.0000    0.0000
    0.0000    0.0000    0.0000    0.0000    0.0000    0.0000    0.0000    0.0000
    0.0000    0.0000    0.0000    0.0000    0.0000    0.0000    0.0000    0.0000
    0.0000    0.0000    0.0000    0.0000    0.0000
   PDOWN_HUB   PDOWN_TIP 
  115000.0  115000.0
 MIXING LENGTH LIMITS ON ALL BLADE ROWS
  0.030000  0.030000  0.030000  0.030000  0.030000  0.020000
  0.030000  0.030000  0.030000  0.030000  0.030000  0.020000
  FACTOR TO INCREASE THE TURBULENT VISCOSITY OVER THE FIRST NMIXUP STEPS 
   2.00000 1000
